/experiment_jeromq/projects/jeromq/revisions/rev_48b3cd0_5928a52/rev_48b3cd0-5928a52.revisions;0
/experiment_jeromq/projects/jeromq/revisions/rev_326f2ff_66dc3aa/rev_326f2ff-66dc3aa.revisions;0
/experiment_jeromq/projects/jeromq/revisions/rev_422e861_d89fa27/rev_422e861-d89fa27.revisions;1
/experiment_jeromq/projects/jeromq/revisions/rev_d89fa27_15d7299/rev_d89fa27-15d7299.revisions;0
/experiment_jeromq/projects/jeromq/revisions/rev_0132f8f_ba2f30f/rev_0132f8f-ba2f30f.revisions;0
/experiment_jeromq/projects/jeromq/revisions/rev_df52b7c_e772e53/rev_df52b7c-e772e53.revisions;0
/experiment_jeromq/projects/jeromq/revisions/rev_9a91297_ee0ea34/rev_9a91297-ee0ea34.revisions;0
/experiment_jeromq/projects/jeromq/revisions/rev_08eb905_3f16e43/rev_08eb905-3f16e43.revisions;0
/experiment_jeromq/projects/jeromq/revisions/rev_16a538e_0c0f9b0/rev_16a538e-0c0f9b0.revisions;0
/experiment_jeromq/projects/jeromq/revisions/rev_94a843f_a3aa4a6/rev_94a843f-a3aa4a6.revisions;0
/experiment_jeromq/projects/jeromq/revisions/rev_91a21f7_dd61128/rev_91a21f7-dd61128.revisions;0
/experiment_jeromq/projects/jeromq/revisions/rev_7ab0ac5_b181713/rev_7ab0ac5-b181713.revisions;0
/experiment_jeromq/projects/jeromq/revisions/rev_d80c6de_a67959c/rev_d80c6de-a67959c.revisions;0
/experiment_jeromq/projects/jeromq/revisions/rev_5a8e4db_1bd3314/rev_5a8e4db-1bd3314.revisions;0
/experiment_jeromq/projects/jeromq/revisions/rev_88649ee_28a0273/rev_88649ee-28a0273.revisions;0
/experiment_jeromq/projects/jeromq/revisions/rev_7c5389b_b0b306b/rev_7c5389b-b0b306b.revisions;0
/experiment_jeromq/projects/jeromq/revisions/rev_c108e39_7061f38/rev_c108e39-7061f38.revisions;0
/experiment_jeromq/projects/jeromq/revisions/rev_87bee42_8283133/rev_87bee42-8283133.revisions;0
/experiment_jeromq/projects/jeromq/revisions/rev_ecccb55_6993f91/rev_ecccb55-6993f91.revisions;0
/experiment_jeromq/projects/jeromq/revisions/rev_8a8662c_7deb57a/rev_8a8662c-7deb57a.revisions;0
/experiment_jeromq/projects/jeromq/revisions/rev_3c57838_d729498/rev_3c57838-d729498.revisions;0
/experiment_jeromq/projects/jeromq/revisions/rev_862da7f_c959e7b/rev_862da7f-c959e7b.revisions;0
/experiment_jeromq/projects/jeromq/revisions/rev_f0abe8c_6682756/rev_f0abe8c-6682756.revisions;0
/experiment_jeromq/projects/jeromq/revisions/rev_dae4a81_032971f/rev_dae4a81-032971f.revisions;0
/experiment_jeromq/projects/jeromq/revisions/rev_0448b35_a6e318c/rev_0448b35-a6e318c.revisions;0
/experiment_jeromq/projects/jeromq/revisions/rev_165baf5_5d3b319/rev_165baf5-5d3b319.revisions;0
/experiment_jeromq/projects/jeromq/revisions/rev_d540542_d16bfdb/rev_d540542-d16bfdb.revisions;0
/experiment_jeromq/projects/jeromq/revisions/rev_e5ac9e6_b2d6333/rev_e5ac9e6-b2d6333.revisions;0
/experiment_jeromq/projects/jeromq/revisions/rev_f90f598_c3b6c56/rev_f90f598-c3b6c56.revisions;0
/experiment_jeromq/projects/jeromq/revisions/rev_aafb79c_c970546/rev_aafb79c-c970546.revisions;0
/experiment_jeromq/projects/jeromq/revisions/rev_416a771_e5ab88f/rev_416a771-e5ab88f.revisions;0
/experiment_jeromq/projects/jeromq/revisions/rev_1ad428d_936b02b/rev_1ad428d-936b02b.revisions;0
/experiment_jeromq/projects/jeromq/revisions/rev_0c1dff5_a597442/rev_0c1dff5-a597442.revisions;0
/experiment_jeromq/projects/jeromq/revisions/rev_42e2044_62b903b/rev_42e2044-62b903b.revisions;0
/experiment_jeromq/projects/jeromq/revisions/rev_2ac65b2_c285296/rev_2ac65b2-c285296.revisions;0
/experiment_jeromq/projects/jeromq/revisions/rev_fc710b6_aa71d75/rev_fc710b6-aa71d75.revisions;0
/experiment_jeromq/projects/jeromq/revisions/rev_fa974dc_f32a57e/rev_fa974dc-f32a57e.revisions;0
/experiment_jeromq/projects/jeromq/revisions/rev_deee02c_4a75b44/rev_deee02c-4a75b44.revisions;0
/experiment_jeromq/projects/jeromq/revisions/rev_2cc3667_72319cf/rev_2cc3667-72319cf.revisions;0
/experiment_jeromq/projects/jeromq/revisions/rev_97db04f_13131ab/rev_97db04f-13131ab.revisions;0
/experiment_jeromq/projects/jeromq/revisions/rev_34d0dbd_94f755a/rev_34d0dbd-94f755a.revisions;0
/experiment_jeromq/projects/jeromq/revisions/rev_5e74800_4caba78/rev_5e74800-4caba78.revisions;0
/experiment_jeromq/projects/jeromq/revisions/rev_6e1c683_17e2e06/rev_6e1c683-17e2e06.revisions;0
/experiment_jeromq/projects/jeromq/revisions/rev_dacb073_016f1f9/rev_dacb073-016f1f9.revisions;0
/experiment_jeromq/projects/jeromq/revisions/rev_228a944_bbed32a/rev_228a944-bbed32a.revisions;0
/experiment_jeromq/projects/jeromq/revisions/rev_77cc1d4_44f404c/rev_77cc1d4-44f404c.revisions;0
/experiment_jeromq/projects/jeromq/revisions/rev_6c2b24c_25b84eb/rev_6c2b24c-25b84eb.revisions;0
/experiment_jeromq/projects/jeromq/revisions/rev_fd20360_e3525cb/rev_fd20360-e3525cb.revisions;0
/experiment_jeromq/projects/jeromq/revisions/rev_cb46129_b800bcd/rev_cb46129-b800bcd.revisions;0
/experiment_jeromq/projects/jeromq/revisions/rev_4f4b417_c4c4588/rev_4f4b417-c4c4588.revisions;0
/experiment_jeromq/projects/jeromq/revisions/rev_289688e_7666d97/rev_289688e-7666d97.revisions;0
/experiment_jeromq/projects/jeromq/revisions/rev_6aa8c2f_07fdfdd/rev_6aa8c2f-07fdfdd.revisions;0
/experiment_jeromq/projects/jeromq/revisions/rev_dd079be_8fb8f1b/rev_dd079be-8fb8f1b.revisions;0
/experiment_jeromq/projects/jeromq/revisions/rev_1f7f4d2_40de932/rev_1f7f4d2-40de932.revisions;0
/experiment_jeromq/projects/jeromq/revisions/rev_a811b6f_20280f6/rev_a811b6f-20280f6.revisions;0
/experiment_jeromq/projects/jeromq/revisions/rev_bdb583d_e039c17/rev_bdb583d-e039c17.revisions;0
/experiment_jeromq/projects/jeromq/revisions/rev_e40713e_9af2580/rev_e40713e-9af2580.revisions;0
/experiment_jeromq/projects/jeromq/revisions/rev_7186a91_ae4805d/rev_7186a91-ae4805d.revisions;0
/experiment_jeromq/projects/jeromq/revisions/rev_610393b_e90da66/rev_610393b-e90da66.revisions;0
/experiment_jeromq/projects/jeromq/revisions/rev_cf62825_e1e04c2/rev_cf62825-e1e04c2.revisions;0
/experiment_jeromq/projects/jeromq/revisions/rev_f820ce9_94eebfb/rev_f820ce9-94eebfb.revisions;0
/experiment_jeromq/projects/jeromq/revisions/rev_7fba2a3_d506ac9/rev_7fba2a3-d506ac9.revisions;0
/experiment_jeromq/projects/jeromq/revisions/rev_b4c70a7_2a23028/rev_b4c70a7-2a23028.revisions;0
/experiment_jeromq/projects/jeromq/revisions/rev_21fcb78_c5107c1/rev_21fcb78-c5107c1.revisions;0
/experiment_jeromq/projects/jeromq/revisions/rev_4d30ad6_8003f32/rev_4d30ad6-8003f32.revisions;0
/experiment_jeromq/projects/jeromq/revisions/rev_3066f3a_5c29fa1/rev_3066f3a-5c29fa1.revisions;0
/experiment_jeromq/projects/jeromq/revisions/rev_c939d88_d38e186/rev_c939d88-d38e186.revisions;0
/experiment_jeromq/projects/jeromq/revisions/rev_d941bcb_b0e8ee7/rev_d941bcb-b0e8ee7.revisions;0
/experiment_jeromq/projects/jeromq/revisions/rev_25cc9af_4776240/rev_25cc9af-4776240.revisions;0
/experiment_jeromq/projects/jeromq/revisions/rev_fd2272e_0fc1b6d/rev_fd2272e-0fc1b6d.revisions;0
/experiment_jeromq/projects/jeromq/revisions/rev_9e974b9_863eb3e/rev_9e974b9-863eb3e.revisions;0
/experiment_jeromq/projects/jeromq/revisions/rev_6b41750_ab50849/rev_6b41750-ab50849.revisions;0
/experiment_jeromq/projects/jeromq/revisions/rev_343b3a0_48860ed/rev_343b3a0-48860ed.revisions;0
/experiment_jeromq/projects/jeromq/revisions/rev_46abb08_0892136/rev_46abb08-0892136.revisions;0
/experiment_jeromq/projects/jeromq/revisions/rev_bed9cc7_f7be49c/rev_bed9cc7-f7be49c.revisions;0
/experiment_jeromq/projects/jeromq/revisions/rev_958f401_d2f8275/rev_958f401-d2f8275.revisions;0
/experiment_jeromq/projects/jeromq/revisions/rev_dbc7749_a3c5e96/rev_dbc7749-a3c5e96.revisions;0
/experiment_jeromq/projects/jeromq/revisions/rev_56c5e41_750b5f4/rev_56c5e41-750b5f4.revisions;0
/experiment_jeromq/projects/jeromq/revisions/rev_17e1928_ff10c3a/rev_17e1928-ff10c3a.revisions;0
/experiment_jeromq/projects/jeromq/revisions/rev_645ada5_d20716c/rev_645ada5-d20716c.revisions;0
/experiment_jeromq/projects/jeromq/revisions/rev_453fccb_5ed4169/rev_453fccb-5ed4169.revisions;0
/experiment_jeromq/projects/jeromq/revisions/rev_97332bc_5499327/rev_97332bc-5499327.revisions;0
/experiment_jeromq/projects/jeromq/revisions/rev_1e6962f_bbe07d8/rev_1e6962f-bbe07d8.revisions;0
/experiment_jeromq/projects/jeromq/revisions/rev_58500af_917c3f7/rev_58500af-917c3f7.revisions;0
/experiment_jeromq/projects/jeromq/revisions/rev_40885db_f74537f/rev_40885db-f74537f.revisions;0
/experiment_jeromq/projects/jeromq/revisions/rev_29378af_27e8a6a/rev_29378af-27e8a6a.revisions;0
/experiment_jeromq/projects/jeromq/revisions/rev_361db4b_9053df0/rev_361db4b-9053df0.revisions;0
/experiment_jeromq/projects/jeromq/revisions/rev_20af627_a87b26e/rev_20af627-a87b26e.revisions;0
/experiment_jeromq/projects/jeromq/revisions/rev_178c5b8_4bbd161/rev_178c5b8-4bbd161.revisions;0
/experiment_jeromq/projects/jeromq/revisions/rev_57ca30d_5a25c3e/rev_57ca30d-5a25c3e.revisions;0
/experiment_jeromq/projects/jeromq/revisions/rev_77be8c7_054a614/rev_77be8c7-054a614.revisions;0
/experiment_jeromq/projects/jeromq/revisions/rev_ba57293_34759d1/rev_ba57293-34759d1.revisions;0
/experiment_jeromq/projects/jeromq/revisions/rev_cbd076b_8e4e75d/rev_cbd076b-8e4e75d.revisions;0
/experiment_jeromq/projects/jeromq/revisions/rev_09e46d0_85ce699/rev_09e46d0-85ce699.revisions;0
/experiment_jeromq/projects/jeromq/revisions/rev_5cfc308_e1aae97/rev_5cfc308-e1aae97.revisions;0
/experiment_jeromq/projects/jeromq/revisions/rev_96c1a45_ec9ae6c/rev_96c1a45-ec9ae6c.revisions;0
/experiment_jeromq/projects/jeromq/revisions/rev_f39f58d_14d9dc1/rev_f39f58d-14d9dc1.revisions;0
/experiment_jeromq/projects/jeromq/revisions/rev_15fe915_38eb7a9/rev_15fe915-38eb7a9.revisions;0
/experiment_jeromq/projects/jeromq/revisions/rev_76a0de9_4fc1bb2/rev_76a0de9-4fc1bb2.revisions;0
/experiment_jeromq/projects/jeromq/revisions/rev_0a4baab_217dfec/rev_0a4baab-217dfec.revisions;0
/experiment_jeromq/projects/jeromq/revisions/rev_f3d5bc2_994fa6f/rev_f3d5bc2-994fa6f.revisions;0
/experiment_jeromq/projects/jeromq/revisions/rev_31b634c_c63a83d/rev_31b634c-c63a83d.revisions;0
/experiment_jeromq/projects/jeromq/revisions/rev_c87a283_4fd6446/rev_c87a283-4fd6446.revisions;0
/experiment_jeromq/projects/jeromq/revisions/rev_74b07cc_7f101ac/rev_74b07cc-7f101ac.revisions;0
/experiment_jeromq/projects/jeromq/revisions/rev_6a780a0_fa1836a/rev_6a780a0-fa1836a.revisions;0
/experiment_jeromq/projects/jeromq/revisions/rev_6febb2d_1efcbef/rev_6febb2d-1efcbef.revisions;0
/experiment_jeromq/projects/jeromq/revisions/rev_422aee8_23a5c30/rev_422aee8-23a5c30.revisions;0
/experiment_jeromq/projects/jeromq/revisions/rev_cb81944_6657285/rev_cb81944-6657285.revisions;0
/experiment_jeromq/projects/jeromq/revisions/rev_2c8f936_e9d75a0/rev_2c8f936-e9d75a0.revisions;0
/experiment_jeromq/projects/jeromq/revisions/rev_0a94575_afe9d66/rev_0a94575-afe9d66.revisions;0
/experiment_jeromq/projects/jeromq/revisions/rev_8156020_f989a5d/rev_8156020-f989a5d.revisions;0
/experiment_jeromq/projects/jeromq/revisions/rev_840e4db_286e334/rev_840e4db-286e334.revisions;0
/experiment_jeromq/projects/jeromq/revisions/rev_25b099f_4a19a45/rev_25b099f-4a19a45.revisions;0
/experiment_jeromq/projects/jeromq/revisions/rev_5349f0e_9441859/rev_5349f0e-9441859.revisions;0
/experiment_jeromq/projects/jeromq/revisions/rev_05532cc_445d82a/rev_05532cc-445d82a.revisions;0
/experiment_jeromq/projects/jeromq/revisions/rev_3a8cf77_2b272c4/rev_3a8cf77-2b272c4.revisions;0
/experiment_jeromq/projects/jeromq/revisions/rev_3a8cf77_10bff8b/rev_3a8cf77-10bff8b.revisions;0
/experiment_jeromq/projects/jeromq/revisions/rev_10bff8b_2e2d543/rev_10bff8b-2e2d543.revisions;0
/experiment_jeromq/projects/jeromq/revisions/rev_01dd49a_848182d/rev_01dd49a-848182d.revisions;0
/experiment_jeromq/projects/jeromq/revisions/rev_b744182_b3c7463/rev_b744182-b3c7463.revisions;0
/experiment_jeromq/projects/jeromq/revisions/rev_6904d5f_acc4ad5/rev_6904d5f-acc4ad5.revisions;0
/experiment_jeromq/projects/jeromq/revisions/rev_acc4ad5_67d7819/rev_acc4ad5-67d7819.revisions;0
/experiment_jeromq/projects/jeromq/revisions/rev_8e7f1b3_d2fc5e4/rev_8e7f1b3-d2fc5e4.revisions;0
/experiment_jeromq/projects/jeromq/revisions/rev_080e8a8_3b5f21c/rev_080e8a8-3b5f21c.revisions;0
/experiment_jeromq/projects/jeromq/revisions/rev_7781795_24350f3/rev_7781795-24350f3.revisions;0
/experiment_jeromq/projects/jeromq/revisions/rev_3416be7_89c11b4/rev_3416be7-89c11b4.revisions;0
/experiment_jeromq/projects/jeromq/revisions/rev_7eeff2b_ead74a9/rev_7eeff2b-ead74a9.revisions;0
/experiment_jeromq/projects/jeromq/revisions/rev_c2fd3c4_3a07b8d/rev_c2fd3c4-3a07b8d.revisions;0
/experiment_jeromq/projects/jeromq/revisions/rev_b796157_ca371cf/rev_b796157-ca371cf.revisions;0
/experiment_jeromq/projects/jeromq/revisions/rev_c87fc34_18047ad/rev_c87fc34-18047ad.revisions;0
/experiment_jeromq/projects/jeromq/revisions/rev_e0326d7_2d1a209/rev_e0326d7-2d1a209.revisions;0
/experiment_jeromq/projects/jeromq/revisions/rev_c424e02_f5c6ecd/rev_c424e02-f5c6ecd.revisions;0
/experiment_jeromq/projects/jeromq/revisions/rev_82bbdf0_9c043c5/rev_82bbdf0-9c043c5.revisions;0
/experiment_jeromq/projects/jeromq/revisions/rev_e0a47e4_0fe1355/rev_e0a47e4-0fe1355.revisions;0
/experiment_jeromq/projects/jeromq/revisions/rev_cf3d814_7b3b30d/rev_cf3d814-7b3b30d.revisions;0
/experiment_jeromq/projects/jeromq/revisions/rev_20af960_d8e0be4/rev_20af960-d8e0be4.revisions;0
/experiment_jeromq/projects/jeromq/revisions/rev_d8e0be4_cd142fd/rev_d8e0be4-cd142fd.revisions;0
/experiment_jeromq/projects/jeromq/revisions/rev_d555e8c_ffe3478/rev_d555e8c-ffe3478.revisions;0
/experiment_jeromq/projects/jeromq/revisions/rev_ffe3478_6ebb916/rev_ffe3478-6ebb916.revisions;0
/experiment_jeromq/projects/jeromq/revisions/rev_9d4b37a_76efaf2/rev_9d4b37a-76efaf2.revisions;0
/experiment_jeromq/projects/jeromq/revisions/rev_76efaf2_308d27f/rev_76efaf2-308d27f.revisions;0
/experiment_jeromq/projects/jeromq/revisions/rev_3fa02bb_f8dc2c7/rev_3fa02bb-f8dc2c7.revisions;0
/experiment_jeromq/projects/jeromq/revisions/rev_10a57d3_797b0f5/rev_10a57d3-797b0f5.revisions;0
/experiment_jeromq/projects/jeromq/revisions/rev_698d450_7b84836/rev_698d450-7b84836.revisions;0
/experiment_jeromq/projects/jeromq/revisions/rev_adc0550_ae4ad00/rev_adc0550-ae4ad00.revisions;0
/experiment_jeromq/projects/jeromq/revisions/rev_ec41b08_9fc9b9e/rev_ec41b08-9fc9b9e.revisions;0
/experiment_jeromq/projects/jeromq/revisions/rev_3d6dd7d_3d90116/rev_3d6dd7d-3d90116.revisions;0
/experiment_jeromq/projects/jeromq/revisions/rev_0c0e7c3_9359172/rev_0c0e7c3-9359172.revisions;0
/experiment_jeromq/projects/jeromq/revisions/rev_e1abf56_59be3c7/rev_e1abf56-59be3c7.revisions;0
/experiment_jeromq/projects/jeromq/revisions/rev_8decfa3_58a13f7/rev_8decfa3-58a13f7.revisions;0
/experiment_jeromq/projects/jeromq/revisions/rev_0a15850_bc88cbb/rev_0a15850-bc88cbb.revisions;0
/experiment_jeromq/projects/jeromq/revisions/rev_1909051_2451561/rev_1909051-2451561.revisions;0
/experiment_jeromq/projects/jeromq/revisions/rev_78e6b76_f870c09/rev_78e6b76-f870c09.revisions;0
/experiment_jeromq/projects/jeromq/revisions/rev_8ca48c8_abf4190/rev_8ca48c8-abf4190.revisions;0
/experiment_jeromq/projects/jeromq/revisions/rev_4b7ad90_523dae3/rev_4b7ad90-523dae3.revisions;0
/experiment_jeromq/projects/jeromq/revisions/rev_723baee_7c1cca4/rev_723baee-7c1cca4.revisions;0
/experiment_jeromq/projects/jeromq/revisions/rev_7c1cca4_52c44dc/rev_7c1cca4-52c44dc.revisions;0
/experiment_jeromq/projects/jeromq/revisions/rev_196f9cc_be65c75/rev_196f9cc-be65c75.revisions;0
/experiment_jeromq/projects/jeromq/revisions/rev_04fa5fa_881663d/rev_04fa5fa-881663d.revisions;0
/experiment_jeromq/projects/jeromq/revisions/rev_ee66faa_bacddab/rev_ee66faa-bacddab.revisions;0
/experiment_jeromq/projects/jeromq/revisions/rev_839d310_3668b56/rev_839d310-3668b56.revisions;0
/experiment_jeromq/projects/jeromq/revisions/rev_3984b50_a86d88b/rev_3984b50-a86d88b.revisions;0
/experiment_jeromq/projects/jeromq/revisions/rev_59458bc_3e050c9/rev_59458bc-3e050c9.revisions;0
/experiment_jeromq/projects/jeromq/revisions/rev_71a75c0_348bc4d/rev_71a75c0-348bc4d.revisions;0
/experiment_jeromq/projects/jeromq/revisions/rev_2ab8f6c_b4f879f/rev_2ab8f6c-b4f879f.revisions;0
/experiment_jeromq/projects/jeromq/revisions/rev_8c755c5_c53f885/rev_8c755c5-c53f885.revisions;0
/experiment_jeromq/projects/jeromq/revisions/rev_558c36a_24635bf/rev_558c36a-24635bf.revisions;0
/experiment_jeromq/projects/jeromq/revisions/rev_802e68e_42ce030/rev_802e68e-42ce030.revisions;0
/experiment_jeromq/projects/jeromq/revisions/rev_f2f6388_2311759/rev_f2f6388-2311759.revisions;0
/experiment_jeromq/projects/jeromq/revisions/rev_37b100a_b78c226/rev_37b100a-b78c226.revisions;0
/experiment_jeromq/projects/jeromq/revisions/rev_3e6001c_0400c99/rev_3e6001c-0400c99.revisions;0
/experiment_jeromq/projects/jeromq/revisions/rev_c0654f2_e78f890/rev_c0654f2-e78f890.revisions;0
/experiment_jeromq/projects/jeromq/revisions/rev_1ce86fe_0d02473/rev_1ce86fe-0d02473.revisions;0
/experiment_jeromq/projects/jeromq/revisions/rev_f23955e_5e37733/rev_f23955e-5e37733.revisions;0
/experiment_jeromq/projects/jeromq/revisions/rev_855eb52_da20390/rev_855eb52-da20390.revisions;0
/experiment_jeromq/projects/jeromq/revisions/rev_fd0367b_963b920/rev_fd0367b-963b920.revisions;0
/experiment_jeromq/projects/jeromq/revisions/rev_963b920_0235b35/rev_963b920-0235b35.revisions;0
/experiment_jeromq/projects/jeromq/revisions/rev_809f821_75865b2/rev_809f821-75865b2.revisions;0
/experiment_jeromq/projects/jeromq/revisions/rev_2d791ca_e7cbd50/rev_2d791ca-e7cbd50.revisions;0
/experiment_jeromq/projects/jeromq/revisions/rev_1f3e6fc_2568e8a/rev_1f3e6fc-2568e8a.revisions;0
/experiment_jeromq/projects/jeromq/revisions/rev_f38b131_162e873/rev_f38b131-162e873.revisions;0
/experiment_jeromq/projects/jeromq/revisions/rev_08be3e5_dfbbbd9/rev_08be3e5-dfbbbd9.revisions;0
/experiment_jeromq/projects/jeromq/revisions/rev_dfbbbd9_9d37059/rev_dfbbbd9-9d37059.revisions;0
/experiment_jeromq/projects/jeromq/revisions/rev_3162f05_ddea4ba/rev_3162f05-ddea4ba.revisions;0
/experiment_jeromq/projects/jeromq/revisions/rev_1878614_acf963d/rev_1878614-acf963d.revisions;0
/experiment_jeromq/projects/jeromq/revisions/rev_f7a9d0d_2741dfa/rev_f7a9d0d-2741dfa.revisions;0
/experiment_jeromq/projects/jeromq/revisions/rev_0bfc61e_2a4de88/rev_0bfc61e-2a4de88.revisions;0
/experiment_jeromq/projects/jeromq/revisions/rev_d4b8b88_13f3828/rev_d4b8b88-13f3828.revisions;0
/experiment_jeromq/projects/jeromq/revisions/rev_73ab654_48b6e39/rev_73ab654-48b6e39.revisions;0
/experiment_jeromq/projects/jeromq/revisions/rev_807ed39_a55462b/rev_807ed39-a55462b.revisions;0
/experiment_jeromq/projects/jeromq/revisions/rev_bb0428c_fc2fd95/rev_bb0428c-fc2fd95.revisions;0
/experiment_jeromq/projects/jeromq/revisions/rev_e676472_2042410/rev_e676472-2042410.revisions;0
/experiment_jeromq/projects/jeromq/revisions/rev_eac7296_65753af/rev_eac7296-65753af.revisions;0
/experiment_jeromq/projects/jeromq/revisions/rev_7af4a58_caaea3a/rev_7af4a58-caaea3a.revisions;0
/experiment_jeromq/projects/jeromq/revisions/rev_c5f7bfb_859e37b/rev_c5f7bfb-859e37b.revisions;0
/experiment_jeromq/projects/jeromq/revisions/rev_bbe15a8_26876b8/rev_bbe15a8-26876b8.revisions;0
/experiment_jeromq/projects/jeromq/revisions/rev_bed81b8_891f768/rev_bed81b8-891f768.revisions;0
/experiment_jeromq/projects/jeromq/revisions/rev_128a5cb_8be1d35/rev_128a5cb-8be1d35.revisions;0
/experiment_jeromq/projects/jeromq/revisions/rev_3c98a90_6b34937/rev_3c98a90-6b34937.revisions;0
/experiment_jeromq/projects/jeromq/revisions/rev_cea5335_248f5b6/rev_cea5335-248f5b6.revisions;0
/experiment_jeromq/projects/jeromq/revisions/rev_011c0c5_bf4e24a/rev_011c0c5-bf4e24a.revisions;0
/experiment_jeromq/projects/jeromq/revisions/rev_5753677_9f45d90/rev_5753677-9f45d90.revisions;0
/experiment_jeromq/projects/jeromq/revisions/rev_9f45d90_694afb7/rev_9f45d90-694afb7.revisions;0
/experiment_jeromq/projects/jeromq/revisions/rev_2e76551_15096f0/rev_2e76551-15096f0.revisions;0
/experiment_jeromq/projects/jeromq/revisions/rev_15096f0_39c9646/rev_15096f0-39c9646.revisions;0
/experiment_jeromq/projects/jeromq/revisions/rev_bb1e4f1_e382f4a/rev_bb1e4f1-e382f4a.revisions;0
/experiment_jeromq/projects/jeromq/revisions/rev_df8d1d4_523ee23/rev_df8d1d4-523ee23.revisions;0
/experiment_jeromq/projects/jeromq/revisions/rev_c76902a_b0ee547/rev_c76902a-b0ee547.revisions;0
/experiment_jeromq/projects/jeromq/revisions/rev_47d4c28_20fd4f4/rev_47d4c28-20fd4f4.revisions;0
/experiment_jeromq/projects/jeromq/revisions/rev_20fd4f4_3eea95a/rev_20fd4f4-3eea95a.revisions;0
/experiment_jeromq/projects/jeromq/revisions/rev_f838173_7965a56/rev_f838173-7965a56.revisions;0
/experiment_jeromq/projects/jeromq/revisions/rev_3cab64b_a8e715e/rev_3cab64b-a8e715e.revisions;0
/experiment_jeromq/projects/jeromq/revisions/rev_3899f0c_680a9ba/rev_3899f0c-680a9ba.revisions;0
/experiment_jeromq/projects/jeromq/revisions/rev_0ef6e10_0083e4b/rev_0ef6e10-0083e4b.revisions;0
/experiment_jeromq/projects/jeromq/revisions/rev_5b1a382_2cdbf0b/rev_5b1a382-2cdbf0b.revisions;0
/experiment_jeromq/projects/jeromq/revisions/rev_362a3ed_3b16234/rev_362a3ed-3b16234.revisions;0
/experiment_jeromq/projects/jeromq/revisions/rev_b92f615_eceeabc/rev_b92f615-eceeabc.revisions;0
/experiment_jeromq/projects/jeromq/revisions/rev_1e4135c_5a433f0/rev_1e4135c-5a433f0.revisions;0
/experiment_jeromq/projects/jeromq/revisions/rev_43463e0_4e7eb1b/rev_43463e0-4e7eb1b.revisions;0
/experiment_jeromq/projects/jeromq/revisions/rev_7dd967c_d3b7684/rev_7dd967c-d3b7684.revisions;0
/experiment_jeromq/projects/jeromq/revisions/rev_2eff6a9_25134f7/rev_2eff6a9-25134f7.revisions;0
/experiment_jeromq/projects/jeromq/revisions/rev_5228a76_225a521/rev_5228a76-225a521.revisions;0
/experiment_jeromq/projects/jeromq/revisions/rev_95473ac_2ba5509/rev_95473ac-2ba5509.revisions;0
/experiment_jeromq/projects/jeromq/revisions/rev_0a61ea3_637cb8d/rev_0a61ea3-637cb8d.revisions;0
/experiment_jeromq/projects/jeromq/revisions/rev_ff6c661_917ff29/rev_ff6c661-917ff29.revisions;0
/experiment_jeromq/projects/jeromq/revisions/rev_7954cc2_de4e5a5/rev_7954cc2-de4e5a5.revisions;0
/experiment_jeromq/projects/jeromq/revisions/rev_dfdae74_c1e5db8/rev_dfdae74-c1e5db8.revisions;0
/experiment_jeromq/projects/jeromq/revisions/rev_efffae3_690fef8/rev_efffae3-690fef8.revisions;0
/experiment_jeromq/projects/jeromq/revisions/rev_1a72ddc_d2cf95e/rev_1a72ddc-d2cf95e.revisions;0
/experiment_jeromq/projects/jeromq/revisions/rev_498e5af_3503e84/rev_498e5af-3503e84.revisions;0
/experiment_jeromq/projects/jeromq/revisions/rev_1f8d199_bd38303/rev_1f8d199-bd38303.revisions;0
/experiment_jeromq/projects/jeromq/revisions/rev_3d4aa03_402b159/rev_3d4aa03-402b159.revisions;0
