revision;pairOfImportedPackages;pairOfImportedPackageAndMember;pairOfImportedPackageAndMemberUsed;pairOfImportedSameMember;totalInsertedImports
/experiment/projects/dropwizard-metrics/revisions/rev_19451e4_a46fdbe/rev_19451e4-a46fdbe.revisions;0;0;0;0;0
/experiment/projects/dropwizard-metrics/revisions/rev_1e8af33_0e43b3b/rev_1e8af33-0e43b3b.revisions;0;0;0;0;0
/experiment/projects/dropwizard-metrics/revisions/rev_e3bb568_a315b12/rev_e3bb568-a315b12.revisions;0;0;0;0;0
/experiment/projects/dropwizard-metrics/revisions/rev_ca7114e_a3f05fc/rev_ca7114e-a3f05fc.revisions;0;0;0;0;0
/experiment/projects/dropwizard-metrics/revisions/rev_d870a0f_49271b8/rev_d870a0f-49271b8.revisions;0;0;0;0;0
/experiment/projects/dropwizard-metrics/revisions/rev_055b302_7ca0b4b/rev_055b302-7ca0b4b.revisions;0;0;0;0;0
/experiment/projects/dropwizard-metrics/revisions/rev_81b17d2_ed51c31/rev_81b17d2-ed51c31.revisions;0;0;0;0;3
/experiment/projects/dropwizard-metrics/revisions/rev_4872a75_6898745/rev_4872a75-6898745.revisions;0;0;0;0;0
/experiment/projects/dropwizard-metrics/revisions/rev_d9f810f_0075869/rev_d9f810f-0075869.revisions;0;0;0;0;0
/experiment/projects/dropwizard-metrics/revisions/rev_20d73a3_7ce967d/rev_20d73a3-7ce967d.revisions;0;0;0;0;0
/experiment/projects/dropwizard-metrics/revisions/rev_ccf07c2_c88b253/rev_ccf07c2-c88b253.revisions;0;0;0;0;0
/experiment/projects/dropwizard-metrics/revisions/rev_ccdb26c_460a47c/rev_ccdb26c-460a47c.revisions;0;0;0;0;0
/experiment/projects/dropwizard-metrics/revisions/rev_af2d06c_e635c3a/rev_af2d06c-e635c3a.revisions;0;0;0;0;0
/experiment/projects/dropwizard-metrics/revisions/rev_2e2c1fe_272e626/rev_2e2c1fe-272e626.revisions;0;0;0;0;0
/experiment/projects/dropwizard-metrics/revisions/rev_e0415e5_20506a8/rev_e0415e5-20506a8.revisions;0;0;0;0;0
/experiment/projects/dropwizard-metrics/revisions/rev_0719f8f_8eb026a/rev_0719f8f-8eb026a.revisions;0;0;0;0;0
/experiment/projects/dropwizard-metrics/revisions/rev_bd78d9b_069551b/rev_bd78d9b-069551b.revisions;0;0;0;0;0
/experiment/projects/dropwizard-metrics/revisions/rev_8d15f28_3b88085/rev_8d15f28-3b88085.revisions;0;0;0;0;0
/experiment/projects/dropwizard-metrics/revisions/rev_6b910c0_096f25c/rev_6b910c0-096f25c.revisions;0;0;0;0;0
/experiment/projects/dropwizard-metrics/revisions/rev_b8f9356_34400aa/rev_b8f9356-34400aa.revisions;0;0;0;0;0
/experiment/projects/dropwizard-metrics/revisions/rev_6196dbe_6ceeacb/rev_6196dbe-6ceeacb.revisions;0;0;0;0;0
/experiment/projects/dropwizard-metrics/revisions/rev_350bdc1_e890474/rev_350bdc1-e890474.revisions;0;0;0;0;0
/experiment/projects/dropwizard-metrics/revisions/rev_a7e6f19_8d79a9d/rev_a7e6f19-8d79a9d.revisions;0;0;0;0;0
/experiment/projects/dropwizard-metrics/revisions/rev_a7e6f19_8d79a9d/rev_a7e6f19-8d79a9d.revisions;0;0;0;0;0
/experiment/projects/dropwizard-metrics/revisions/rev_fea7fdd_5850ee8/rev_fea7fdd-5850ee8.revisions;0;0;0;0;0
/experiment/projects/dropwizard-metrics/revisions/rev_59b2a40_c5bc3a8/rev_59b2a40-c5bc3a8.revisions;0;0;0;0;0
/experiment/projects/dropwizard-metrics/revisions/rev_678d978_c5bc3a8/rev_678d978-c5bc3a8.revisions;0;0;0;0;0
/experiment/projects/dropwizard-metrics/revisions/rev_b6946ce_776e754/rev_b6946ce-776e754.revisions;0;0;0;0;0
/experiment/projects/dropwizard-metrics/revisions/rev_b6e8b51_776e754/rev_b6e8b51-776e754.revisions;0;0;0;0;0
/experiment/projects/dropwizard-metrics/revisions/rev_a061fa5_6dc0396/rev_a061fa5-6dc0396.revisions;0;0;0;0;0
/experiment/projects/dropwizard-metrics/revisions/rev_3400d16_6dc0396/rev_3400d16-6dc0396.revisions;0;0;0;0;0
/experiment/projects/dropwizard-metrics/revisions/rev_eb1c145_fe2fb3f/rev_eb1c145-fe2fb3f.revisions;0;0;0;0;0
/experiment/projects/dropwizard-metrics/revisions/rev_806e683_fe2fb3f/rev_806e683-fe2fb3f.revisions;0;0;0;0;0
/experiment/projects/dropwizard-metrics/revisions/rev_4b807e4_0ef8258/rev_4b807e4-0ef8258.revisions;0;0;0;0;0
/experiment/projects/dropwizard-metrics/revisions/rev_6edb3b9_0ef8258/rev_6edb3b9-0ef8258.revisions;0;0;0;0;0
/experiment/projects/dropwizard-metrics/revisions/rev_3498e33_61147fd/rev_3498e33-61147fd.revisions;0;0;0;0;0
/experiment/projects/dropwizard-metrics/revisions/rev_82dbb10_813fcc9/rev_82dbb10-813fcc9.revisions;0;0;0;0;0
/experiment/projects/dropwizard-metrics/revisions/rev_a6e570e_813fcc9/rev_a6e570e-813fcc9.revisions;0;0;0;0;0
/experiment/projects/dropwizard-metrics/revisions/rev_9348746_01e50f3/rev_9348746-01e50f3.revisions;0;0;0;0;0
/experiment/projects/dropwizard-metrics/revisions/rev_8b90418_01e50f3/rev_8b90418-01e50f3.revisions;0;0;0;0;0
/experiment/projects/dropwizard-metrics/revisions/rev_1ac368c_86d57fd/rev_1ac368c-86d57fd.revisions;0;0;0;0;0
/experiment/projects/dropwizard-metrics/revisions/rev_8aba2c3_86d57fd/rev_8aba2c3-86d57fd.revisions;0;0;0;0;0
/experiment/projects/dropwizard-metrics/revisions/rev_389c07d_5f257b9/rev_389c07d-5f257b9.revisions;0;0;0;0;0
/experiment/projects/dropwizard-metrics/revisions/rev_4c68560_e635c3a/rev_4c68560-e635c3a.revisions;0;0;0;0;0
/experiment/projects/dropwizard-metrics/revisions/rev_4070ec0_6898745/rev_4070ec0-6898745.revisions;0;0;0;0;0
/experiment/projects/dropwizard-metrics/revisions/rev_5fcc1c8_a315b12/rev_5fcc1c8-a315b12.revisions;0;0;0;0;0
/experiment/projects/dropwizard-metrics/revisions/rev_fadb435_6ceeacb/rev_fadb435-6ceeacb.revisions;0;0;0;0;0
/experiment/projects/dropwizard-metrics/revisions/rev_327af1d_b134220/rev_327af1d-b134220.revisions;0;0;0;0;0
/experiment/projects/dropwizard-metrics/revisions/rev_9f137af_3de053f/rev_9f137af-3de053f.revisions;0;0;0;0;0
/experiment/projects/dropwizard-metrics/revisions/rev_fbc87d2_f22ada1/rev_fbc87d2-f22ada1.revisions;0;0;0;0;0
/experiment/projects/dropwizard-metrics/revisions/rev_4fa0454_ad68b2c/rev_4fa0454-ad68b2c.revisions;0;0;0;0;0
/experiment/projects/dropwizard-metrics/revisions/rev_8c5206a_6f8973b/rev_8c5206a-6f8973b.revisions;0;0;0;0;0
/experiment/projects/dropwizard-metrics/revisions/rev_2675d32_6f8973b/rev_2675d32-6f8973b.revisions;0;0;0;0;0
/experiment/projects/dropwizard-metrics/revisions/rev_0a79907_9392caf/rev_0a79907-9392caf.revisions;0;0;0;0;0
/experiment/projects/dropwizard-metrics/revisions/rev_84b971f_61b3efd/rev_84b971f-61b3efd.revisions;0;0;0;0;15
/experiment/projects/dropwizard-metrics/revisions/rev_78ec470_397c5be/rev_78ec470-397c5be.revisions;0;0;0;0;0
/experiment/projects/dropwizard-metrics/revisions/rev_551be5a_dfa32d3/rev_551be5a-dfa32d3.revisions;0;0;0;0;0
/experiment/projects/dropwizard-metrics/revisions/rev_0b4e152_3202120/rev_0b4e152-3202120.revisions;0;0;0;0;0
/experiment/projects/dropwizard-metrics/revisions/rev_6cc35de_783e836/rev_6cc35de-783e836.revisions;0;0;0;0;13
/experiment/projects/dropwizard-metrics/revisions/rev_02a6351_c48e423/rev_02a6351-c48e423.revisions;0;0;0;0;0
/experiment/projects/dropwizard-metrics/revisions/rev_51d8ab9_e340b00/rev_51d8ab9-e340b00.revisions;0;0;0;0;0
/experiment/projects/dropwizard-metrics/revisions/rev_85a7a4f_08a8e92/rev_85a7a4f-08a8e92.revisions;0;0;0;0;0
/experiment/projects/dropwizard-metrics/revisions/rev_e958d8d_08a8e92/rev_e958d8d-08a8e92.revisions;0;0;0;0;0
/experiment/projects/dropwizard-metrics/revisions/rev_a3fc377_844c290/rev_a3fc377-844c290.revisions;0;0;0;0;0
/experiment/projects/dropwizard-metrics/revisions/rev_7b64036_35e62ff/rev_7b64036-35e62ff.revisions;0;0;0;0;0
/experiment/projects/dropwizard-metrics/revisions/rev_2a6fa77_35e62ff/rev_2a6fa77-35e62ff.revisions;0;0;0;0;0
/experiment/projects/dropwizard-metrics/revisions/rev_81474c3_668156c/rev_81474c3-668156c.revisions;0;0;0;0;0
/experiment/projects/dropwizard-metrics/revisions/rev_9ab62e5_606249b/rev_9ab62e5-606249b.revisions;0;0;0;0;0
/experiment/projects/dropwizard-metrics/revisions/rev_953a93b_e9fc417/rev_953a93b-e9fc417.revisions;0;0;0;0;0
/experiment/projects/dropwizard-metrics/revisions/rev_2a97cc8_e9fc417/rev_2a97cc8-e9fc417.revisions;0;0;0;0;0
/experiment/projects/dropwizard-metrics/revisions/rev_b428d24_5bb0225/rev_b428d24-5bb0225.revisions;0;0;0;0;0
/experiment/projects/dropwizard-metrics/revisions/rev_c12e978_90af224/rev_c12e978-90af224.revisions;0;0;0;0;0
/experiment/projects/dropwizard-metrics/revisions/rev_9d329ea_dc4d0e2/rev_9d329ea-dc4d0e2.revisions;0;0;0;0;0
/experiment/projects/dropwizard-metrics/revisions/rev_bf6d1d2_f4dcce9/rev_bf6d1d2-f4dcce9.revisions;0;0;0;0;0
/experiment/projects/dropwizard-metrics/revisions/rev_572ef9f_42cf6f0/rev_572ef9f-42cf6f0.revisions;0;0;0;0;0
/experiment/projects/dropwizard-metrics/revisions/rev_4a404ea_12ec90d/rev_4a404ea-12ec90d.revisions;0;0;0;0;0
/experiment/projects/dropwizard-metrics/revisions/rev_847edcf_00e0ba3/rev_847edcf-00e0ba3.revisions;0;0;0;0;0
/experiment/projects/dropwizard-metrics/revisions/rev_f7101d4_00e0ba3/rev_f7101d4-00e0ba3.revisions;0;0;0;0;0
/experiment/projects/dropwizard-metrics/revisions/rev_0a29dec_200249f/rev_0a29dec-200249f.revisions;0;0;0;0;0
/experiment/projects/dropwizard-metrics/revisions/rev_81f8f16_63f0142/rev_81f8f16-63f0142.revisions;0;0;0;0;0
/experiment/projects/dropwizard-metrics/revisions/rev_b9b3ceb_92bf65a/rev_b9b3ceb-92bf65a.revisions;0;0;0;0;0
/experiment/projects/dropwizard-metrics/revisions/rev_1905711_1bbd02d/rev_1905711-1bbd02d.revisions;0;0;0;0;7
/experiment/projects/dropwizard-metrics/revisions/rev_a217de8_bc677bb/rev_a217de8-bc677bb.revisions;0;0;0;0;27
/experiment/projects/dropwizard-metrics/revisions/rev_91c5e89_948873e/rev_91c5e89-948873e.revisions;0;0;0;0;27
/experiment/projects/dropwizard-metrics/revisions/rev_314b4f9_501ed4e/rev_314b4f9-501ed4e.revisions;0;0;0;0;0
/experiment/projects/dropwizard-metrics/revisions/rev_9c17857_4602ef9/rev_9c17857-4602ef9.revisions;0;0;0;0;0
/experiment/projects/dropwizard-metrics/revisions/rev_bd1c495_7a0aa20/rev_bd1c495-7a0aa20.revisions;0;0;0;0;32
/experiment/projects/dropwizard-metrics/revisions/rev_1293351_c58a5c9/rev_1293351-c58a5c9.revisions;0;0;0;0;27
/experiment/projects/dropwizard-metrics/revisions/rev_45f7636_18fe9d7/rev_45f7636-18fe9d7.revisions;0;0;0;0;0
/experiment/projects/dropwizard-metrics/revisions/rev_bc3c95d_33de206/rev_bc3c95d-33de206.revisions;0;0;0;0;19
/experiment/projects/dropwizard-metrics/revisions/rev_33de206_c8f2ea9/rev_33de206-c8f2ea9.revisions;0;0;0;0;0
/experiment/projects/dropwizard-metrics/revisions/rev_16781c2_000fb8c/rev_16781c2-000fb8c.revisions;0;0;0;0;3
/experiment/projects/dropwizard-metrics/revisions/rev_77e55df_945655d/rev_77e55df-945655d.revisions;0;0;0;0;15
/experiment/projects/dropwizard-metrics/revisions/rev_a26daad_a398eda/rev_a26daad-a398eda.revisions;0;0;0;0;0
/experiment/projects/dropwizard-metrics/revisions/rev_c94c0a3_df0566c/rev_c94c0a3-df0566c.revisions;0;0;0;0;0
/experiment/projects/dropwizard-metrics/revisions/rev_cfe044d_e8744da/rev_cfe044d-e8744da.revisions;0;0;0;0;0
/experiment/projects/dropwizard-metrics/revisions/rev_decf94b_7ab8fa4/rev_decf94b-7ab8fa4.revisions;0;0;0;0;7
/experiment/projects/dropwizard-metrics/revisions/rev_edccd0b_881b62c/rev_edccd0b-881b62c.revisions;0;0;0;0;0
/experiment/projects/dropwizard-metrics/revisions/rev_b41f46c_74a744e/rev_b41f46c-74a744e.revisions;0;0;0;0;0
/experiment/projects/dropwizard-metrics/revisions/rev_9db84e4_a61aeec/rev_9db84e4-a61aeec.revisions;0;0;0;0;16
/experiment/projects/dropwizard-metrics/revisions/rev_b55c905_ef35031/rev_b55c905-ef35031.revisions;0;0;0;0;16
/experiment/projects/dropwizard-metrics/revisions/rev_cfef717_7f81c9d/rev_cfef717-7f81c9d.revisions;0;0;0;0;0
/experiment/projects/dropwizard-metrics/revisions/rev_ffc263b_90138a0/rev_ffc263b-90138a0.revisions;0;0;0;0;15
/experiment/projects/dropwizard-metrics/revisions/rev_23d566a_c67b55a/rev_23d566a-c67b55a.revisions;0;0;0;0;0
/experiment/projects/dropwizard-metrics/revisions/rev_9794181_2889e6f/rev_9794181-2889e6f.revisions;0;0;0;0;0
/experiment/projects/dropwizard-metrics/revisions/rev_814e3d2_7daa87e/rev_814e3d2-7daa87e.revisions;0;0;0;0;0
/experiment/projects/dropwizard-metrics/revisions/rev_f188cf9_6c52872/rev_f188cf9-6c52872.revisions;0;0;0;0;0
/experiment/projects/dropwizard-metrics/revisions/rev_860c833_a239ec4/rev_860c833-a239ec4.revisions;0;0;0;0;0
/experiment/projects/dropwizard-metrics/revisions/rev_964ca5c_c82bcb8/rev_964ca5c-c82bcb8.revisions;0;0;0;0;11
/experiment/projects/dropwizard-metrics/revisions/rev_5ae0be7_2cdb528/rev_5ae0be7-2cdb528.revisions;0;0;0;0;33
/experiment/projects/dropwizard-metrics/revisions/rev_542d40d_6be9a7c/rev_542d40d-6be9a7c.revisions;0;0;0;0;48
/experiment/projects/dropwizard-metrics/revisions/rev_ba75328_0e5c17e/rev_ba75328-0e5c17e.revisions;0;0;0;0;0
/experiment/projects/dropwizard-metrics/revisions/rev_72ae2fe_b4868fe/rev_72ae2fe-b4868fe.revisions;0;0;0;0;0
/experiment/projects/dropwizard-metrics/revisions/rev_0ad7f9e_54dfd22/rev_0ad7f9e-54dfd22.revisions;0;0;0;0;20
/experiment/projects/dropwizard-metrics/revisions/rev_54dfd22_433057f/rev_54dfd22-433057f.revisions;0;0;0;0;0
/experiment/projects/dropwizard-metrics/revisions/rev_cf3c5d2_566f903/rev_cf3c5d2-566f903.revisions;0;0;0;0;0
/experiment/projects/dropwizard-metrics/revisions/rev_930807e_5f1a203/rev_930807e-5f1a203.revisions;0;0;0;0;20
/experiment/projects/dropwizard-metrics/revisions/rev_541a15a_ae0008a/rev_541a15a-ae0008a.revisions;0;0;0;0;54
/experiment/projects/dropwizard-metrics/revisions/rev_3fd5ad1_b676150/rev_3fd5ad1-b676150.revisions;0;0;0;0;0
/experiment/projects/dropwizard-metrics/revisions/rev_79baef7_ac9d639/rev_79baef7-ac9d639.revisions;0;0;0;0;0
/experiment/projects/dropwizard-metrics/revisions/rev_7ff41a9_54d7a19/rev_7ff41a9-54d7a19.revisions;0;0;0;0;0
/experiment/projects/dropwizard-metrics/revisions/rev_84e7871_fc81e04/rev_84e7871-fc81e04.revisions;0;0;0;0;21
/experiment/projects/dropwizard-metrics/revisions/rev_277255f_86bbec1/rev_277255f-86bbec1.revisions;0;0;0;0;0
/experiment/projects/dropwizard-metrics/revisions/rev_e8675d8_c60236d/rev_e8675d8-c60236d.revisions;0;0;0;0;110
/experiment/projects/dropwizard-metrics/revisions/rev_5a2c240_dcc8d1d/rev_5a2c240-dcc8d1d.revisions;0;0;0;0;0
/experiment/projects/dropwizard-metrics/revisions/rev_8616c04_f272922/rev_8616c04-f272922.revisions;0;0;0;0;0
/experiment/projects/dropwizard-metrics/revisions/rev_be72796_ae5dd92/rev_be72796-ae5dd92.revisions;0;0;0;0;0
/experiment/projects/dropwizard-metrics/revisions/rev_6c77149_16685f8/rev_6c77149-16685f8.revisions;0;0;0;0;13
/experiment/projects/dropwizard-metrics/revisions/rev_b3e9cdd_73d827d/rev_b3e9cdd-73d827d.revisions;0;0;0;0;9
/experiment/projects/dropwizard-metrics/revisions/rev_3169c19_778a4a7/rev_3169c19-778a4a7.revisions;0;0;0;0;0
/experiment/projects/dropwizard-metrics/revisions/rev_38dca18_d02a121/rev_38dca18-d02a121.revisions;0;0;0;0;0
/experiment/projects/dropwizard-metrics/revisions/rev_bed4375_18f0cd0/rev_bed4375-18f0cd0.revisions;0;0;0;0;26
/experiment/projects/dropwizard-metrics/revisions/rev_53a81c0_c4b2ed3/rev_53a81c0-c4b2ed3.revisions;0;0;0;0;34
/experiment/projects/dropwizard-metrics/revisions/rev_90396fc_8e3c0bf/rev_90396fc-8e3c0bf.revisions;0;0;0;0;89
/experiment/projects/dropwizard-metrics/revisions/rev_954ccfa_ae0ee1d/rev_954ccfa-ae0ee1d.revisions;0;0;0;0;60
/experiment/projects/dropwizard-metrics/revisions/rev_ae0ee1d_4a9ff61/rev_ae0ee1d-4a9ff61.revisions;0;0;0;0;0
/experiment/projects/dropwizard-metrics/revisions/rev_1f8b766_56d3722/rev_1f8b766-56d3722.revisions;0;0;0;0;0
/experiment/projects/dropwizard-metrics/revisions/rev_f9c880d_53f2476/rev_f9c880d-53f2476.revisions;0;0;0;0;0
/experiment/projects/dropwizard-metrics/revisions/rev_edd555c_44abc25/rev_edd555c-44abc25.revisions;0;0;0;0;0
/experiment/projects/dropwizard-metrics/revisions/rev_a24898b_3ee47bd/rev_a24898b-3ee47bd.revisions;0;0;0;0;0
/experiment/projects/dropwizard-metrics/revisions/rev_b2a83ca_d817638/rev_b2a83ca-d817638.revisions;0;0;0;0;0
/experiment/projects/dropwizard-metrics/revisions/rev_39ee209_4a7d6ab/rev_39ee209-4a7d6ab.revisions;0;0;0;0;0
/experiment/projects/dropwizard-metrics/revisions/rev_a91263c_a485fda/rev_a91263c-a485fda.revisions;0;0;0;0;0
/experiment/projects/dropwizard-metrics/revisions/rev_15d21f7_8207069/rev_15d21f7-8207069.revisions;0;0;0;0;0
/experiment/projects/dropwizard-metrics/revisions/rev_eb10e8d_c0462ea/rev_eb10e8d-c0462ea.revisions;0;0;0;0;0
/experiment/projects/dropwizard-metrics/revisions/rev_96db205_aa14c76/rev_96db205-aa14c76.revisions;0;0;0;0;0
/experiment/projects/dropwizard-metrics/revisions/rev_aa14c76_af9e327/rev_aa14c76-af9e327.revisions;0;0;0;0;0
/experiment/projects/dropwizard-metrics/revisions/rev_b650fcf_754fdf7/rev_b650fcf-754fdf7.revisions;0;0;0;0;0
/experiment/projects/dropwizard-metrics/revisions/rev_e97d4cc_9d151f6/rev_e97d4cc-9d151f6.revisions;0;0;0;0;0
/experiment/projects/dropwizard-metrics/revisions/rev_9630727_b2adfec/rev_9630727-b2adfec.revisions;0;0;0;0;0
/experiment/projects/dropwizard-metrics/revisions/rev_fb050b9_36f74a1/rev_fb050b9-36f74a1.revisions;0;0;0;0;0
/experiment/projects/dropwizard-metrics/revisions/rev_e6b6582_a9821e5/rev_e6b6582-a9821e5.revisions;0;0;0;0;0
/experiment/projects/dropwizard-metrics/revisions/rev_a6d1e41_b41e68d/rev_a6d1e41-b41e68d.revisions;0;0;0;0;0
/experiment/projects/dropwizard-metrics/revisions/rev_e0ca0aa_1ca9077/rev_e0ca0aa-1ca9077.revisions;0;0;0;0;18
/experiment/projects/dropwizard-metrics/revisions/rev_d309790_3de6be8/rev_d309790-3de6be8.revisions;0;0;0;0;0
/experiment/projects/dropwizard-metrics/revisions/rev_ab38273_de9928c/rev_ab38273-de9928c.revisions;0;0;0;0;0
/experiment/projects/dropwizard-metrics/revisions/rev_38785df_f63dd4a/rev_38785df-f63dd4a.revisions;0;0;0;0;472
/experiment/projects/dropwizard-metrics/revisions/rev_e1b2efc_2e5dc23/rev_e1b2efc-2e5dc23.revisions;0;0;0;0;0
/experiment/projects/dropwizard-metrics/revisions/rev_8becd50_71678ed/rev_8becd50-71678ed.revisions;0;0;0;0;22
/experiment/projects/dropwizard-metrics/revisions/rev_09890c1_ba7c6a3/rev_09890c1-ba7c6a3.revisions;0;0;0;0;35
/experiment/projects/dropwizard-metrics/revisions/rev_2453bb4_8033a38/rev_2453bb4-8033a38.revisions;0;0;0;0;0
/experiment/projects/dropwizard-metrics/revisions/rev_0595a3b_185d5ef/rev_0595a3b-185d5ef.revisions;0;0;0;0;91
/experiment/projects/dropwizard-metrics/revisions/rev_4c9f9b6_8186c8c/rev_4c9f9b6-8186c8c.revisions;0;0;0;0;0
/experiment/projects/dropwizard-metrics/revisions/rev_759fd0d_41e2118/rev_759fd0d-41e2118.revisions;0;0;0;0;0
/experiment/projects/dropwizard-metrics/revisions/rev_210d7b6_78b7329/rev_210d7b6-78b7329.revisions;0;0;0;0;227
/experiment/projects/dropwizard-metrics/revisions/rev_8d25559_b18eb9b/rev_8d25559-b18eb9b.revisions;0;0;0;0;322
/experiment/projects/dropwizard-metrics/revisions/rev_53d236f_194af4e/rev_53d236f-194af4e.revisions;0;0;0;0;8
/experiment/projects/dropwizard-metrics/revisions/rev_c117776_dc7835f/rev_c117776-dc7835f.revisions;0;0;0;0;0
/experiment/projects/dropwizard-metrics/revisions/rev_a23e795_3e667f8/rev_a23e795-3e667f8.revisions;0;0;0;0;0
/experiment/projects/dropwizard-metrics/revisions/rev_1cb7b18_8b250f7/rev_1cb7b18-8b250f7.revisions;0;0;0;0;0
/experiment/projects/dropwizard-metrics/revisions/rev_b1b45a7_3fea2b0/rev_b1b45a7-3fea2b0.revisions;0;0;0;0;17
/experiment/projects/dropwizard-metrics/revisions/rev_0d01e95_2d0b240/rev_0d01e95-2d0b240.revisions;0;0;0;0;0
/experiment/projects/dropwizard-metrics/revisions/rev_10ccc80_1864384/rev_10ccc80-1864384.revisions;0;0;0;0;0
/experiment/projects/dropwizard-metrics/revisions/rev_3733f22_8d7a3c3/rev_3733f22-8d7a3c3.revisions;0;0;0;0;0
/experiment/projects/dropwizard-metrics/revisions/rev_c0c8be7_b899af7/rev_c0c8be7-b899af7.revisions;0;0;0;0;253
/experiment/projects/dropwizard-metrics/revisions/rev_24e150c_b71acdb/rev_24e150c-b71acdb.revisions;0;0;0;0;0
/experiment/projects/dropwizard-metrics/revisions/rev_7f599fb_4f0f3ab/rev_7f599fb-4f0f3ab.revisions;0;0;0;0;0
/experiment/projects/dropwizard-metrics/revisions/rev_b86b450_2c1e4e0/rev_b86b450-2c1e4e0.revisions;0;0;0;0;6
/experiment/projects/dropwizard-metrics/revisions/rev_811fc42_bee0993/rev_811fc42-bee0993.revisions;0;0;0;0;0
/experiment/projects/dropwizard-metrics/revisions/rev_a7950b2_d8e9c63/rev_a7950b2-d8e9c63.revisions;0;0;0;0;889
/experiment/projects/dropwizard-metrics/revisions/rev_3bb71a7_2ca845b/rev_3bb71a7-2ca845b.revisions;0;0;0;0;56
/experiment/projects/dropwizard-metrics/revisions/rev_8bdd210_4ff25d5/rev_8bdd210-4ff25d5.revisions;0;0;0;0;43
/experiment/projects/dropwizard-metrics/revisions/rev_6bf6614_f2372ec/rev_6bf6614-f2372ec.revisions;0;0;0;0;0
/experiment/projects/dropwizard-metrics/revisions/rev_be5931c_11ca08b/rev_be5931c-11ca08b.revisions;0;0;0;0;0
/experiment/projects/dropwizard-metrics/revisions/rev_95c803d_f7ae0c2/rev_95c803d-f7ae0c2.revisions;0;0;0;0;0
/experiment/projects/dropwizard-metrics/revisions/rev_926377d_0f8ffed/rev_926377d-0f8ffed.revisions;0;0;0;0;0
/experiment/projects/dropwizard-metrics/revisions/rev_c1a4a49_4c853a0/rev_c1a4a49-4c853a0.revisions;0;0;0;0;0
/experiment/projects/dropwizard-metrics/revisions/rev_5408487_33113e5/rev_5408487-33113e5.revisions;0;0;0;0;0
/experiment/projects/dropwizard-metrics/revisions/rev_0257439_cc6147e/rev_0257439-cc6147e.revisions;0;0;0;0;11
/experiment/projects/dropwizard-metrics/revisions/rev_6326c0f_d0a9d03/rev_6326c0f-d0a9d03.revisions;0;0;0;0;0
/experiment/projects/dropwizard-metrics/revisions/rev_a694c86_cf9636d/rev_a694c86-cf9636d.revisions;0;0;0;0;37
/experiment/projects/dropwizard-metrics/revisions/rev_99654aa_8c9a65c/rev_99654aa-8c9a65c.revisions;0;0;0;0;0
/experiment/projects/dropwizard-metrics/revisions/rev_dd3407b_c0949b3/rev_dd3407b-c0949b3.revisions;0;0;0;0;0
/experiment/projects/dropwizard-metrics/revisions/rev_0bdc9af_d8f0e0f/rev_0bdc9af-d8f0e0f.revisions;0;0;0;0;0
/experiment/projects/dropwizard-metrics/revisions/rev_34f6dc1_b1caff5/rev_34f6dc1-b1caff5.revisions;0;0;0;0;0
/experiment/projects/dropwizard-metrics/revisions/rev_568e3e6_50ceaf4/rev_568e3e6-50ceaf4.revisions;0;0;0;0;0
/experiment/projects/dropwizard-metrics/revisions/rev_00c5942_4faedeb/rev_00c5942-4faedeb.revisions;0;0;0;0;0
/experiment/projects/dropwizard-metrics/revisions/rev_78a336b_1dbb452/rev_78a336b-1dbb452.revisions;0;0;0;0;0
/experiment/projects/dropwizard-metrics/revisions/rev_4753886_fc2bd4b/rev_4753886-fc2bd4b.revisions;0;0;0;0;0
/experiment/projects/dropwizard-metrics/revisions/rev_1e7834d_57739fc/rev_1e7834d-57739fc.revisions;0;0;0;0;0
/experiment/projects/dropwizard-metrics/revisions/rev_45b03f6_08622a1/rev_45b03f6-08622a1.revisions;0;0;0;0;0
/experiment/projects/dropwizard-metrics/revisions/rev_59d00cf_2039c5a/rev_59d00cf-2039c5a.revisions;0;0;0;0;0
/experiment/projects/dropwizard-metrics/revisions/rev_537d49e_55cef1d/rev_537d49e-55cef1d.revisions;0;0;0;0;0
/experiment/projects/dropwizard-metrics/revisions/rev_b25a452_d944e9a/rev_b25a452-d944e9a.revisions;0;0;0;0;10
/experiment/projects/dropwizard-metrics/revisions/rev_9c77b60_e9c7b6e/rev_9c77b60-e9c7b6e.revisions;0;0;0;0;10
/experiment/projects/dropwizard-metrics/revisions/rev_a29c81a_c3041c6/rev_a29c81a-c3041c6.revisions;0;0;0;1;63
/experiment/projects/dropwizard-metrics/revisions/rev_c3041c6_7f20cd0/rev_c3041c6-7f20cd0.revisions;0;0;0;0;0
/experiment/projects/dropwizard-metrics/revisions/rev_f7fbe7d_836404f/rev_f7fbe7d-836404f.revisions;0;0;0;0;0
/experiment/projects/dropwizard-metrics/revisions/rev_cebcece_3f01bd7/rev_cebcece-3f01bd7.revisions;0;0;0;0;0
/experiment/projects/dropwizard-metrics/revisions/rev_9693b89_0609cc6/rev_9693b89-0609cc6.revisions;0;0;0;0;0
/experiment/projects/dropwizard-metrics/revisions/rev_2ceabba_f67cee6/rev_2ceabba-f67cee6.revisions;0;0;0;0;0
/experiment/projects/dropwizard-metrics/revisions/rev_116541e_1f1e124/rev_116541e-1f1e124.revisions;0;0;0;0;18
/experiment/projects/dropwizard-metrics/revisions/rev_f8b1f21_f042ce4/rev_f8b1f21-f042ce4.revisions;0;0;0;0;0
/experiment/projects/dropwizard-metrics/revisions/rev_427eaad_95c27d1/rev_427eaad-95c27d1.revisions;0;0;0;0;0
/experiment/projects/dropwizard-metrics/revisions/rev_1a541a3_92f6db5/rev_1a541a3-92f6db5.revisions;0;0;0;0;0
/experiment/projects/dropwizard-metrics/revisions/rev_09a753a_86cfca7/rev_09a753a-86cfca7.revisions;0;0;0;0;0
/experiment/projects/dropwizard-metrics/revisions/rev_75660f1_9d9cd3d/rev_75660f1-9d9cd3d.revisions;0;0;0;0;0
/experiment/projects/dropwizard-metrics/revisions/rev_e44d103_6edc805/rev_e44d103-6edc805.revisions;0;0;0;0;0
/experiment/projects/dropwizard-metrics/revisions/rev_c1cd3ba_2409c5d/rev_c1cd3ba-2409c5d.revisions;0;0;0;0;0
/experiment/projects/dropwizard-metrics/revisions/rev_731533b_eff16d8/rev_731533b-eff16d8.revisions;0;0;0;0;0
/experiment/projects/dropwizard-metrics/revisions/rev_6a8d417_caba0ff/rev_6a8d417-caba0ff.revisions;0;0;0;0;0
/experiment/projects/dropwizard-metrics/revisions/rev_1d92685_1bc9405/rev_1d92685-1bc9405.revisions;0;0;0;0;0
/experiment/projects/dropwizard-metrics/revisions/rev_4442ce4_c0ad6e2/rev_4442ce4-c0ad6e2.revisions;0;0;0;0;0
/experiment/projects/dropwizard-metrics/revisions/rev_2fd5913_98e83fd/rev_2fd5913-98e83fd.revisions;0;0;0;0;21
/experiment/projects/dropwizard-metrics/revisions/rev_6b96ae0_e605768/rev_6b96ae0-e605768.revisions;0;0;0;0;5
/experiment/projects/dropwizard-metrics/revisions/rev_1d5f280_2fce902/rev_1d5f280-2fce902.revisions;0;0;0;0;5
/experiment/projects/dropwizard-metrics/revisions/rev_debabb7_119fddb/rev_debabb7-119fddb.revisions;0;0;0;0;19
/experiment/projects/dropwizard-metrics/revisions/rev_a8de38b_0e127b8/rev_a8de38b-0e127b8.revisions;0;0;0;0;51
/experiment/projects/dropwizard-metrics/revisions/rev_6ed989a_09b188d/rev_6ed989a-09b188d.revisions;0;0;0;0;19
/experiment/projects/dropwizard-metrics/revisions/rev_8bd4c4f_0cb7e41/rev_8bd4c4f-0cb7e41.revisions;0;0;0;0;19
/experiment/projects/dropwizard-metrics/revisions/rev_761d6aa_34aa76b/rev_761d6aa-34aa76b.revisions;0;0;0;0;70
/experiment/projects/dropwizard-metrics/revisions/rev_0c5eb72_fd2f1fd/rev_0c5eb72-fd2f1fd.revisions;0;0;0;0;0
/experiment/projects/dropwizard-metrics/revisions/rev_6bb7a30_1a8a012/rev_6bb7a30-1a8a012.revisions;0;0;0;0;0
/experiment/projects/dropwizard-metrics/revisions/rev_4dcccaf_82b71ac/rev_4dcccaf-82b71ac.revisions;0;0;0;0;44
/experiment/projects/dropwizard-metrics/revisions/rev_4685844_6440300/rev_4685844-6440300.revisions;0;0;0;0;0
/experiment/projects/dropwizard-metrics/revisions/rev_1918822_3c739af/rev_1918822-3c739af.revisions;0;0;0;0;55
/experiment/projects/dropwizard-metrics/revisions/rev_0c84f4f_aced471/rev_0c84f4f-aced471.revisions;0;0;0;0;0
/experiment/projects/dropwizard-metrics/revisions/rev_7eb7aff_4d9004d/rev_7eb7aff-4d9004d.revisions;0;0;0;0;0
/experiment/projects/dropwizard-metrics/revisions/rev_61a9de3_19b799b/rev_61a9de3-19b799b.revisions;0;0;0;0;0
/experiment/projects/dropwizard-metrics/revisions/rev_2273ea2_d290eb7/rev_2273ea2-d290eb7.revisions;0;0;0;0;0
/experiment/projects/dropwizard-metrics/revisions/rev_8236388_83e6f69/rev_8236388-83e6f69.revisions;0;0;0;0;0
/experiment/projects/dropwizard-metrics/revisions/rev_c636e19_911906e/rev_c636e19-911906e.revisions;0;0;0;0;13
/experiment/projects/dropwizard-metrics/revisions/rev_3d2f561_69eafe7/rev_3d2f561-69eafe7.revisions;0;0;0;0;0
/experiment/projects/dropwizard-metrics/revisions/rev_105d255_3e2ca3b/rev_105d255-3e2ca3b.revisions;0;0;0;0;0
/experiment/projects/dropwizard-metrics/revisions/rev_d9d307a_e56f028/rev_d9d307a-e56f028.revisions;0;0;0;0;0
/experiment/projects/dropwizard-metrics/revisions/rev_5e94965_50d3b70/rev_5e94965-50d3b70.revisions;0;0;0;0;0
/experiment/projects/dropwizard-metrics/revisions/rev_9877a87_6d31710/rev_9877a87-6d31710.revisions;0;0;0;0;13
/experiment/projects/dropwizard-metrics/revisions/rev_70fc162_981dfa8/rev_70fc162-981dfa8.revisions;0;0;0;0;0
/experiment/projects/dropwizard-metrics/revisions/rev_8c917ce_c666b36/rev_8c917ce-c666b36.revisions;0;0;0;0;0
/experiment/projects/dropwizard-metrics/revisions/rev_54fd789_ad65239/rev_54fd789-ad65239.revisions;0;0;0;0;0
/experiment/projects/dropwizard-metrics/revisions/rev_d93e343_842701f/rev_d93e343-842701f.revisions;0;0;0;0;0
/experiment/projects/dropwizard-metrics/revisions/rev_e7b5c70_be6989b/rev_e7b5c70-be6989b.revisions;0;0;0;0;0
/experiment/projects/dropwizard-metrics/revisions/rev_e613956_8a1e14f/rev_e613956-8a1e14f.revisions;0;0;0;0;0
/experiment/projects/dropwizard-metrics/revisions/rev_3ffa457_9919b0f/rev_3ffa457-9919b0f.revisions;0;0;0;0;0
/experiment/projects/dropwizard-metrics/revisions/rev_99dc540_bcc4724/rev_99dc540-bcc4724.revisions;0;0;0;0;0
/experiment/projects/dropwizard-metrics/revisions/rev_bc3e249_33bb7e8/rev_bc3e249-33bb7e8.revisions;0;0;0;0;0
/experiment/projects/dropwizard-metrics/revisions/rev_4f97d89_7117b28/rev_4f97d89-7117b28.revisions;0;0;0;0;0
/experiment/projects/dropwizard-metrics/revisions/rev_3791493_cb183d4/rev_3791493-cb183d4.revisions;0;0;0;0;38
/experiment/projects/dropwizard-metrics/revisions/rev_1169135_cedf45f/rev_1169135-cedf45f.revisions;0;0;0;0;79
/experiment/projects/dropwizard-metrics/revisions/rev_1169135_37410b6/rev_1169135-37410b6.revisions;0;0;0;0;0
/experiment/projects/dropwizard-metrics/revisions/rev_b38f45c_b97ef35/rev_b38f45c-b97ef35.revisions;0;0;0;0;257
/experiment/projects/dropwizard-metrics/revisions/rev_db6199a_b6a228c/rev_db6199a-b6a228c.revisions;0;0;0;0;87
/experiment/projects/dropwizard-metrics/revisions/rev_7ba576b_1882304/rev_7ba576b-1882304.revisions;0;0;0;0;0
/experiment/projects/dropwizard-metrics/revisions/rev_17c7624_fc16b40/rev_17c7624-fc16b40.revisions;0;0;0;0;0
/experiment/projects/dropwizard-metrics/revisions/rev_c2aaf67_bfedfc8/rev_c2aaf67-bfedfc8.revisions;0;0;0;0;21
/experiment/projects/dropwizard-metrics/revisions/rev_bfedfc8_f8bc404/rev_bfedfc8-f8bc404.revisions;0;0;0;0;0
/experiment/projects/dropwizard-metrics/revisions/rev_8cc96c6_1371f5a/rev_8cc96c6-1371f5a.revisions;0;0;0;0;0
/experiment/projects/dropwizard-metrics/revisions/rev_b7976ef_65faea8/rev_b7976ef-65faea8.revisions;0;0;0;0;167
/experiment/projects/dropwizard-metrics/revisions/rev_ce7cdff_48140b7/rev_ce7cdff-48140b7.revisions;0;0;0;0;321
/experiment/projects/dropwizard-metrics/revisions/rev_0e98832_92f7d92/rev_0e98832-92f7d92.revisions;0;0;0;0;120
/experiment/projects/dropwizard-metrics/revisions/rev_41ba6c3_d814f12/rev_41ba6c3-d814f12.revisions;0;0;0;0;288
/experiment/projects/dropwizard-metrics/revisions/rev_c196486_5f345a8/rev_c196486-5f345a8.revisions;0;0;0;0;50
/experiment/projects/dropwizard-metrics/revisions/rev_aa99124_6ccee68/rev_aa99124-6ccee68.revisions;0;0;0;0;0
/experiment/projects/dropwizard-metrics/revisions/rev_4d263e7_dcbd221/rev_4d263e7-dcbd221.revisions;0;0;0;0;220
/experiment/projects/dropwizard-metrics/revisions/rev_8c97abb_2156faf/rev_8c97abb-2156faf.revisions;0;0;0;0;0
/experiment/projects/dropwizard-metrics/revisions/rev_94fd5fc_6c4d610/rev_94fd5fc-6c4d610.revisions;0;0;0;0;0
/experiment/projects/dropwizard-metrics/revisions/rev_d4dfaa3_b9f6b43/rev_d4dfaa3-b9f6b43.revisions;0;0;0;0;0
/experiment/projects/dropwizard-metrics/revisions/rev_ec5f943_6e42ba6/rev_ec5f943-6e42ba6.revisions;0;0;0;0;0
/experiment/projects/dropwizard-metrics/revisions/rev_22328e5_487f870/rev_22328e5-487f870.revisions;0;0;0;0;0
/experiment/projects/dropwizard-metrics/revisions/rev_8236891_d40abed/rev_8236891-d40abed.revisions;0;0;0;0;0
/experiment/projects/dropwizard-metrics/revisions/rev_595afb5_3866163/rev_595afb5-3866163.revisions;0;0;0;0;71
/experiment/projects/dropwizard-metrics/revisions/rev_c2dd9fe_9ca27e0/rev_c2dd9fe-9ca27e0.revisions;0;0;0;0;337
/experiment/projects/dropwizard-metrics/revisions/rev_13e80ef_1e4afa6/rev_13e80ef-1e4afa6.revisions;0;0;0;0;281
/experiment/projects/dropwizard-metrics/revisions/rev_12696eb_9505a72/rev_12696eb-9505a72.revisions;0;0;0;0;237
/experiment/projects/dropwizard-metrics/revisions/rev_bf79fa0_1414d5e/rev_bf79fa0-1414d5e.revisions;0;0;0;0;0
/experiment/projects/dropwizard-metrics/revisions/rev_73b2e5f_cb6980f/rev_73b2e5f-cb6980f.revisions;0;0;0;0;35
/experiment/projects/dropwizard-metrics/revisions/rev_cb6980f_5b763a3/rev_cb6980f-5b763a3.revisions;0;0;0;0;0
/experiment/projects/dropwizard-metrics/revisions/rev_fc65b6f_141611a/rev_fc65b6f-141611a.revisions;0;0;0;0;0
/experiment/projects/dropwizard-metrics/revisions/rev_46f0f1a_698ba1e/rev_46f0f1a-698ba1e.revisions;0;0;0;0;0
/experiment/projects/dropwizard-metrics/revisions/rev_1429b95_2a31615/rev_1429b95-2a31615.revisions;0;0;0;0;4
/experiment/projects/dropwizard-metrics/revisions/rev_00c0af9_7100a36/rev_00c0af9-7100a36.revisions;0;0;0;0;0
/experiment/projects/dropwizard-metrics/revisions/rev_2fd2a1b_a43c4fb/rev_2fd2a1b-a43c4fb.revisions;0;0;0;0;0
/experiment/projects/dropwizard-metrics/revisions/rev_76c3782_84801bf/rev_76c3782-84801bf.revisions;0;0;0;0;0
/experiment/projects/dropwizard-metrics/revisions/rev_91a44a4_26c4cd2/rev_91a44a4-26c4cd2.revisions;0;0;0;0;0
/experiment/projects/dropwizard-metrics/revisions/rev_5bf3464_28e6556/rev_5bf3464-28e6556.revisions;0;0;0;0;0
/experiment/projects/dropwizard-metrics/revisions/rev_72525f6_c91dc63/rev_72525f6-c91dc63.revisions;0;0;0;0;0
/experiment/projects/dropwizard-metrics/revisions/rev_6b3a014_35ca52a/rev_6b3a014-35ca52a.revisions;0;0;0;0;0
/experiment/projects/dropwizard-metrics/revisions/rev_72d67ef_a3e96ee/rev_72d67ef-a3e96ee.revisions;0;0;0;0;0
/experiment/projects/dropwizard-metrics/revisions/rev_dff1a69_1d91b00/rev_dff1a69-1d91b00.revisions;0;0;0;0;0
/experiment/projects/dropwizard-metrics/revisions/rev_c309a8b_f57cdf9/rev_c309a8b-f57cdf9.revisions;0;0;0;0;0
/experiment/projects/dropwizard-metrics/revisions/rev_637369e_a994a39/rev_637369e-a994a39.revisions;0;0;0;0;0
/experiment/projects/dropwizard-metrics/revisions/rev_a30d112_aa76520/rev_a30d112-aa76520.revisions;0;0;0;0;0
/experiment/projects/dropwizard-metrics/revisions/rev_9cd8f5b_4354313/rev_9cd8f5b-4354313.revisions;0;0;0;0;0
/experiment/projects/dropwizard-metrics/revisions/rev_7fb1f98_3715e3e/rev_7fb1f98-3715e3e.revisions;0;0;0;0;0
/experiment/projects/dropwizard-metrics/revisions/rev_8ead546_7e2ac9a/rev_8ead546-7e2ac9a.revisions;0;0;0;0;0
/experiment/projects/dropwizard-metrics/revisions/rev_effb3de_bb5207c/rev_effb3de-bb5207c.revisions;0;0;0;0;0
/experiment/projects/dropwizard-metrics/revisions/rev_8a609b0_b022f04/rev_8a609b0-b022f04.revisions;0;0;0;0;0
/experiment/projects/dropwizard-metrics/revisions/rev_4abcd4d_0a6e215/rev_4abcd4d-0a6e215.revisions;0;0;0;0;0
/experiment/projects/dropwizard-metrics/revisions/rev_29e5d6c_5222fe7/rev_29e5d6c-5222fe7.revisions;0;0;0;0;0
/experiment/projects/dropwizard-metrics/revisions/rev_3c369cd_06fa8c2/rev_3c369cd-06fa8c2.revisions;0;0;0;0;0
/experiment/projects/dropwizard-metrics/revisions/rev_18866d2_2d6c897/rev_18866d2-2d6c897.revisions;0;0;0;0;29
/experiment/projects/dropwizard-metrics/revisions/rev_901424d_55c1424/rev_901424d-55c1424.revisions;0;0;0;0;29
/experiment/projects/dropwizard-metrics/revisions/rev_15dde82_68599c4/rev_15dde82-68599c4.revisions;0;0;0;0;29
/experiment/projects/dropwizard-metrics/revisions/rev_36039b5_0de0f4d/rev_36039b5-0de0f4d.revisions;0;0;0;0;0
/experiment/projects/dropwizard-metrics/revisions/rev_32120b9_05396cf/rev_32120b9-05396cf.revisions;0;0;0;0;0
/experiment/projects/dropwizard-metrics/revisions/rev_3816803_f79e08c/rev_3816803-f79e08c.revisions;0;0;0;0;29
/experiment/projects/dropwizard-metrics/revisions/rev_f49d1b7_508f370/rev_f49d1b7-508f370.revisions;0;0;0;0;0
/experiment/projects/dropwizard-metrics/revisions/rev_a70c71f_68e6d94/rev_a70c71f-68e6d94.revisions;0;0;0;0;0
/experiment/projects/dropwizard-metrics/revisions/rev_c0992a1_910088f/rev_c0992a1-910088f.revisions;0;0;0;0;0
/experiment/projects/dropwizard-metrics/revisions/rev_57ee10e_9abea4a/rev_57ee10e-9abea4a.revisions;0;0;0;0;0
/experiment/projects/dropwizard-metrics/revisions/rev_574384a_3579f11/rev_574384a-3579f11.revisions;0;0;0;0;0
/experiment/projects/dropwizard-metrics/revisions/rev_3579f11_0194e53/rev_3579f11-0194e53.revisions;0;0;0;0;0
/experiment/projects/dropwizard-metrics/revisions/rev_c37abeb_28424b7/rev_c37abeb-28424b7.revisions;0;0;0;0;0
/experiment/projects/dropwizard-metrics/revisions/rev_7a4a7bc_b8733df/rev_7a4a7bc-b8733df.revisions;0;0;0;0;0
/experiment/projects/dropwizard-metrics/revisions/rev_108acb2_3ccd7a1/rev_108acb2-3ccd7a1.revisions;0;0;0;0;0
/experiment/projects/dropwizard-metrics/revisions/rev_d18b6ab_5d9ffa5/rev_d18b6ab-5d9ffa5.revisions;0;0;0;0;7
/experiment/projects/dropwizard-metrics/revisions/rev_160ac13_4a0b79b/rev_160ac13-4a0b79b.revisions;0;0;0;0;7
/experiment/projects/dropwizard-metrics/revisions/rev_51ab8d7_aece346/rev_51ab8d7-aece346.revisions;0;0;0;0;0
/experiment/projects/dropwizard-metrics/revisions/rev_4df3b39_71448b7/rev_4df3b39-71448b7.revisions;0;0;0;0;0
/experiment/projects/dropwizard-metrics/revisions/rev_876d506_9fb2301/rev_876d506-9fb2301.revisions;0;0;0;0;0
/experiment/projects/dropwizard-metrics/revisions/rev_6b6aefb_a2f9f68/rev_6b6aefb-a2f9f68.revisions;0;0;0;0;0
/experiment/projects/dropwizard-metrics/revisions/rev_1d5f111_ee77f20/rev_1d5f111-ee77f20.revisions;0;0;0;0;0
/experiment/projects/dropwizard-metrics/revisions/rev_cf0013d_a16fa90/rev_cf0013d-a16fa90.revisions;0;0;0;0;6
/experiment/projects/dropwizard-metrics/revisions/rev_59e7627_4e52f96/rev_59e7627-4e52f96.revisions;0;0;0;0;0
/experiment/projects/dropwizard-metrics/revisions/rev_2d43206_d26b540/rev_2d43206-d26b540.revisions;0;0;0;0;0
