revision;file;methodSignature
/home/ramdisk/experiment5/projects/elasticsearch/revisions/rev_0662940_c8839ee/rev_0662940-c8839ee;/src/main/java/org/elasticsearch/cloud/aws/InternalAwsS3Service;client(String,String,String);
/home/ramdisk/experiment5/projects/elasticsearch/revisions/rev_7c046d2_a5ab49d/rev_7c046d2-a5ab49d;/src/main/java/org/elasticsearch/search/aggregations/metrics/percentiles/InternalPercentileRanks;createReduced(String,double[],TDigestState,boolean,Map<String,Object>);
/home/ramdisk/experiment5/projects/elasticsearch/revisions/rev_7c046d2_a5ab49d/rev_7c046d2-a5ab49d;/src/main/java/org/elasticsearch/search/aggregations/metrics/percentiles/InternalPercentiles;createReduced(String,double[],TDigestState,boolean,Map<String,Object>);
/home/ramdisk/experiment5/projects/elasticsearch/revisions/rev_7c046d2_a5ab49d/rev_7c046d2-a5ab49d;/src/main/java/org/elasticsearch/search/aggregations/bucket/geogrid/GeoHashGridParser;createUnmapped(AggregationContext,Aggregator,Map<String,Object>);
/home/ramdisk/experiment5/projects/elasticsearch/revisions/rev_7c046d2_a5ab49d/rev_7c046d2-a5ab49d;/src/main/java/org/elasticsearch/search/aggregations/metrics/tophits/InternalTopHits;reduce(ReduceContext);
/home/ramdisk/experiment5/projects/elasticsearch/revisions/rev_e19d20b_fcc09f6/rev_e19d20b-fcc09f6;/src/main/java/org/elasticsearch/search/aggregations/InternalAggregation;reduce(ReduceContext);public final InternalAggregation reduce(ReduceContext reduceContext) {
/home/ramdisk/experiment5/projects/elasticsearch/revisions/rev_6ac4d6d_4f8ea78/rev_6ac4d6d-4f8ea78;/src/main/java/org/elasticsearch/index/translog/Translog;getPath(long);String getPath(long translogId);
/home/ramdisk/experiment5/projects/elasticsearch/revisions/rev_3bb8ff2_528f648/rev_3bb8ff2-528f648;/src/main/java/org/elasticsearch/search/aggregations/bucket/nested/ReverseNestedAggregator;createInternal(AggregationContext,Aggregator,boolean,Map<String,Object>);
/home/ramdisk/experiment5/projects/elasticsearch/revisions/rev_3bb8ff2_528f648/rev_3bb8ff2-528f648;/src/main/java/org/elasticsearch/search/aggregations/bucket/nested/NestedAggregator;createInternal(AggregationContext,Aggregator,boolean,Map<String,Object>);
/home/ramdisk/experiment5/projects/elasticsearch/revisions/rev_3bb8ff2_528f648/rev_3bb8ff2-528f648;/src/main/java/org/elasticsearch/search/aggregations/bucket/global/GlobalAggregator;createInternal(AggregationContext,Aggregator,boolean,Map<String,Object>);
/home/ramdisk/experiment5/projects/elasticsearch/revisions/rev_0fd7ed4_77ac452/rev_0fd7ed4-77ac452;/src/main/java/org/elasticsearch/index/query/MatchAllQueryParser;parse(QueryParseContext);
/home/ramdisk/experiment5/projects/elasticsearch/revisions/rev_ed094aa_a536bd5/rev_ed094aa-a536bd5;/src/main/java/org/elasticsearch/index/query/TermQueryParser;parse(QueryParseContext);
/home/ramdisk/experiment5/projects/elasticsearch/revisions/rev_b2e63bd_5a0c456/rev_b2e63bd-5a0c456;/src/main/java/org/elasticsearch/index/query/SpanTermQueryParser;parse(QueryParseContext);
/home/ramdisk/experiment5/projects/elasticsearch/revisions/rev_b2e63bd_5a0c456/rev_b2e63bd-5a0c456;/src/main/java/org/elasticsearch/index/query/TermQueryParser;parse(QueryParseContext);
/home/ramdisk/experiment5/projects/elasticsearch/revisions/rev_b2e63bd_5a0c456/rev_b2e63bd-5a0c456;/src/main/java/org/elasticsearch/index/query/RangeQueryParser;parse(QueryParseContext);
/home/ramdisk/experiment5/projects/elasticsearch/revisions/rev_5aaebb6_e97353e/rev_5aaebb6-e97353e;/src/main/java/org/elasticsearch/action/support/replication/ShardReplicationOperationRequest;timeout(String);public final T timeout(String timeout) {
/home/ramdisk/experiment5/projects/elasticsearch/revisions/rev_6f002ff_37bdbe0/rev_6f002ff-37bdbe0;/src/test/java/org/elasticsearch/indices/SealTests;testUnallocatedShardsDoesNotHang();@Test    public void testUnallocatedShardsDoesNotHang() throws InterruptedException {
/home/ramdisk/experiment5/projects/elasticsearch/revisions/rev_bbbeb46_d23449e/rev_bbbeb46-d23449e;/src/main/java/org/elasticsearch/index/query/TermQueryParser;parse(QueryParseContext);
/home/ramdisk/experiment5/projects/elasticsearch/revisions/rev_b1f6d1a_39a20c3/rev_b1f6d1a-39a20c3;/src/main/java/org/elasticsearch/index/query/SpanTermQueryParser;parse(QueryParseContext);
/home/ramdisk/experiment5/projects/elasticsearch/revisions/rev_b1f6d1a_39a20c3/rev_b1f6d1a-39a20c3;/src/main/java/org/elasticsearch/index/query/RangeQueryParser;parse(QueryParseContext);
/home/ramdisk/experiment5/projects/elasticsearch/revisions/rev_dae9750_a138f62/rev_dae9750-a138f62;/src/main/java/org/elasticsearch/action/support/nodes/NodesOperationRequest;timeout(String);@SuppressWarnings("unchecked")    public final T timeout(String timeout) {
/home/ramdisk/experiment5/projects/elasticsearch/revisions/rev_dae9750_a138f62/rev_dae9750-a138f62;/src/main/java/org/elasticsearch/action/support/master/MasterNodeOperationRequest;masterNodeTimeout(String);public final T masterNodeTimeout(String timeout) {
/home/ramdisk/experiment5/projects/elasticsearch/revisions/rev_83f8849_9b230db/rev_83f8849-9b230db;/src/main/java/org/elasticsearch/index/query/RegexpQueryParser;names();@Override    public String[] names() {
/home/ramdisk/experiment5/projects/elasticsearch/revisions/rev_83f8849_9b230db/rev_83f8849-9b230db;/src/main/java/org/elasticsearch/index/query/ExistsQueryBuilder;doXContent(XContentBuilder,Params);@Override    protected void doXContent(XContentBuilder builder, Params params) throws IOException {
/home/ramdisk/experiment5/projects/elasticsearch/revisions/rev_83f8849_9b230db/rev_83f8849-9b230db;/src/main/java/org/elasticsearch/index/query/NotQueryBuilder;doXContent(XContentBuilder,Params);@Override    protected void doXContent(XContentBuilder builder, Params params) throws IOException {
/home/ramdisk/experiment5/projects/elasticsearch/revisions/rev_83f8849_9b230db/rev_83f8849-9b230db;/src/main/java/org/elasticsearch/index/query/WrapperQueryBuilder;doXContent(XContentBuilder,Params);@Override    protected void doXContent(XContentBuilder builder, Params params) throws IOException {
/home/ramdisk/experiment5/projects/elasticsearch/revisions/rev_83f8849_9b230db/rev_83f8849-9b230db;/src/main/java/org/elasticsearch/index/query/RegexpQueryBuilder;doXContent(XContentBuilder,Params);@Override    public void doXContent(XContentBuilder builder, Params params) throws IOException {
/home/ramdisk/experiment5/projects/elasticsearch/revisions/rev_83f8849_9b230db/rev_83f8849-9b230db;/src/main/java/org/elasticsearch/index/query/RangeQueryParser;names();@Override    public String[] names() {
/home/ramdisk/experiment5/projects/elasticsearch/revisions/rev_83f8849_9b230db/rev_83f8849-9b230db;/src/main/java/org/elasticsearch/index/query/SpanNotQueryBuilder;doXContent(XContentBuilder,Params);@Override    protected void doXContent(XContentBuilder builder, Params params) throws IOException {
/home/ramdisk/experiment5/projects/elasticsearch/revisions/rev_83f8849_9b230db/rev_83f8849-9b230db;/src/main/java/org/elasticsearch/index/query/SpanNotQueryParser;names();@Override    public String[] names() {
/home/ramdisk/experiment5/projects/elasticsearch/revisions/rev_83f8849_9b230db/rev_83f8849-9b230db;/src/main/java/org/elasticsearch/index/query/MatchQueryBuilder;doXContent(XContentBuilder,Params);@Override    public void doXContent(XContentBuilder builder, Params params) throws IOException {
/home/ramdisk/experiment5/projects/elasticsearch/revisions/rev_83f8849_9b230db/rev_83f8849-9b230db;/src/main/java/org/elasticsearch/index/query/GeoDistanceRangeQueryBuilder;doXContent(XContentBuilder,Params);@Override    protected void doXContent(XContentBuilder builder, Params params) throws IOException {
/home/ramdisk/experiment5/projects/elasticsearch/revisions/rev_83f8849_9b230db/rev_83f8849-9b230db;/src/main/java/org/elasticsearch/index/query/GeoDistanceQueryParser;names();@Override    public String[] names() {
/home/ramdisk/experiment5/projects/elasticsearch/revisions/rev_83f8849_9b230db/rev_83f8849-9b230db;/src/main/java/org/elasticsearch/index/query/SpanContainingQueryBuilder;doXContent(XContentBuilder,Params);@Override    protected void doXContent(XContentBuilder builder, Params params) throws IOException {
/home/ramdisk/experiment5/projects/elasticsearch/revisions/rev_83f8849_9b230db/rev_83f8849-9b230db;/src/main/java/org/elasticsearch/index/query/SpanMultiTermQueryBuilder;doXContent(XContentBuilder,Params);@Override    protected void doXContent(XContentBuilder builder, Params params)            throws IOException {
/home/ramdisk/experiment5/projects/elasticsearch/revisions/rev_83f8849_9b230db/rev_83f8849-9b230db;/src/main/java/org/elasticsearch/index/query/OrQueryParser;names();@Override    public String[] names() {
/home/ramdisk/experiment5/projects/elasticsearch/revisions/rev_83f8849_9b230db/rev_83f8849-9b230db;/src/main/java/org/elasticsearch/index/query/FilteredQueryBuilder;doXContent(XContentBuilder,Params);@Override    protected void doXContent(XContentBuilder builder, Params params) throws IOException {
/home/ramdisk/experiment5/projects/elasticsearch/revisions/rev_83f8849_9b230db/rev_83f8849-9b230db;/src/main/java/org/elasticsearch/index/query/QueryStringQueryParser;names();@Override    public String[] names() {
/home/ramdisk/experiment5/projects/elasticsearch/revisions/rev_83f8849_9b230db/rev_83f8849-9b230db;/src/main/java/org/elasticsearch/index/query/GeoPolygonQueryParser;names();@Override    public String[] names() {
/home/ramdisk/experiment5/projects/elasticsearch/revisions/rev_83f8849_9b230db/rev_83f8849-9b230db;/src/main/java/org/elasticsearch/index/query/BoolQueryParser;parse(QueryParseContext);@Override    public Query parse(QueryParseContext parseContext) throws IOException, QueryParsingException {
/home/ramdisk/experiment5/projects/elasticsearch/revisions/rev_83f8849_9b230db/rev_83f8849-9b230db;/src/main/java/org/elasticsearch/index/query/HasChildQueryParser;names();@Override    public String[] names() {
/home/ramdisk/experiment5/projects/elasticsearch/revisions/rev_83f8849_9b230db/rev_83f8849-9b230db;/src/main/java/org/elasticsearch/index/query/MatchQueryParser;names();@Override    public String[] names() {
/home/ramdisk/experiment5/projects/elasticsearch/revisions/rev_83f8849_9b230db/rev_83f8849-9b230db;/src/main/java/org/elasticsearch/index/query/FieldMaskingSpanQueryBuilder;doXContent(XContentBuilder,Params);@Override    protected void doXContent(XContentBuilder builder, Params params) throws IOException {
/home/ramdisk/experiment5/projects/elasticsearch/revisions/rev_83f8849_9b230db/rev_83f8849-9b230db;/src/main/java/org/elasticsearch/index/query/QueryBuilders;termsLookupQuery(String);public static TermsQueryBuilder termsLookupQuery(String name) {
/home/ramdisk/experiment5/projects/elasticsearch/revisions/rev_83f8849_9b230db/rev_83f8849-9b230db;/src/main/java/org/elasticsearch/index/query/HasChildQueryBuilder;doXContent(XContentBuilder,Params);@Override    protected void doXContent(XContentBuilder builder, Params params) throws IOException {
/home/ramdisk/experiment5/projects/elasticsearch/revisions/rev_83f8849_9b230db/rev_83f8849-9b230db;/src/main/java/org/elasticsearch/index/query/AndQueryParser;names();@Override    public String[] names() {
/home/ramdisk/experiment5/projects/elasticsearch/revisions/rev_83f8849_9b230db/rev_83f8849-9b230db;/src/main/java/org/elasticsearch/index/query/BoostingQueryParser;names();@Override    public String[] names() {
/home/ramdisk/experiment5/projects/elasticsearch/revisions/rev_83f8849_9b230db/rev_83f8849-9b230db;/src/main/java/org/elasticsearch/index/query/ScriptQueryParser;names();@Override    public String[] names() {
/home/ramdisk/experiment5/projects/elasticsearch/revisions/rev_83f8849_9b230db/rev_83f8849-9b230db;/src/main/java/org/elasticsearch/index/query/GeoShapeQueryBuilder;doXContent(XContentBuilder,Params);@Override    protected void doXContent(XContentBuilder builder, Params params) throws IOException {
/home/ramdisk/experiment5/projects/elasticsearch/revisions/rev_83f8849_9b230db/rev_83f8849-9b230db;/src/main/java/org/elasticsearch/index/query/NestedQueryBuilder;doXContent(XContentBuilder,Params);@Override    protected void doXContent(XContentBuilder builder, Params params) throws IOException {
/home/ramdisk/experiment5/projects/elasticsearch/revisions/rev_83f8849_9b230db/rev_83f8849-9b230db;/src/main/java/org/elasticsearch/index/query/GeoBoundingBoxQueryParser;parse(QueryParseContext);@Override    public Query parse(QueryParseContext parseContext) throws IOException, QueryParsingException {
/home/ramdisk/experiment5/projects/elasticsearch/revisions/rev_83f8849_9b230db/rev_83f8849-9b230db;/src/main/java/org/elasticsearch/index/query/DisMaxQueryParser;names();@Override    public String[] names() {
/home/ramdisk/experiment5/projects/elasticsearch/revisions/rev_83f8849_9b230db/rev_83f8849-9b230db;/src/main/java/org/elasticsearch/index/query/TypeQueryBuilder;doXContent(XContentBuilder,Params);@Override    protected void doXContent(XContentBuilder builder, Params params) throws IOException {
/home/ramdisk/experiment5/projects/elasticsearch/revisions/rev_83f8849_9b230db/rev_83f8849-9b230db;/src/main/java/org/elasticsearch/index/query/AndQueryBuilder;doXContent(XContentBuilder,Params);@Override    protected void doXContent(XContentBuilder builder, Params params) throws IOException {
/home/ramdisk/experiment5/projects/elasticsearch/revisions/rev_83f8849_9b230db/rev_83f8849-9b230db;/src/main/java/org/elasticsearch/index/query/SpanFirstQueryBuilder;doXContent(XContentBuilder,Params);@Override    protected void doXContent(XContentBuilder builder, Params params) throws IOException {
/home/ramdisk/experiment5/projects/elasticsearch/revisions/rev_83f8849_9b230db/rev_83f8849-9b230db;/src/main/java/org/elasticsearch/index/query/TermsQueryParser;parse(QueryParseContext);@Override    public Query parse(QueryParseContext parseContext) throws IOException, QueryParsingException {
/home/ramdisk/experiment5/projects/elasticsearch/revisions/rev_83f8849_9b230db/rev_83f8849-9b230db;/src/test/java/org/elasticsearch/index/query/SimpleIndexQueryParserTests;parse(QueryParseContext);@Override        public Query parse(QueryParseContext parseContext) throws IOException, QueryParsingException {
/home/ramdisk/experiment5/projects/elasticsearch/revisions/rev_83f8849_9b230db/rev_83f8849-9b230db;/src/main/java/org/elasticsearch/index/query/GeoPolygonQueryBuilder;doXContent(XContentBuilder,Params);@Override    protected void doXContent(XContentBuilder builder, Params params) throws IOException {
/home/ramdisk/experiment5/projects/elasticsearch/revisions/rev_83f8849_9b230db/rev_83f8849-9b230db;/src/main/java/org/elasticsearch/index/query/WildcardQueryParser;names();@Override    public String[] names() {
/home/ramdisk/experiment5/projects/elasticsearch/revisions/rev_83f8849_9b230db/rev_83f8849-9b230db;/src/main/java/org/elasticsearch/index/query/NestedQueryParser;names();@Override    public String[] names() {
/home/ramdisk/experiment5/projects/elasticsearch/revisions/rev_83f8849_9b230db/rev_83f8849-9b230db;/src/main/java/org/elasticsearch/index/query/ConstantScoreQueryBuilder;doXContent(XContentBuilder,Params);@Override    protected void doXContent(XContentBuilder builder, Params params) throws IOException {
/home/ramdisk/experiment5/projects/elasticsearch/revisions/rev_83f8849_9b230db/rev_83f8849-9b230db;/src/main/java/org/elasticsearch/index/query/PrefixQueryBuilder;doXContent(XContentBuilder,Params);@Override    public void doXContent(XContentBuilder builder, Params params) throws IOException {
/home/ramdisk/experiment5/projects/elasticsearch/revisions/rev_83f8849_9b230db/rev_83f8849-9b230db;/src/main/java/org/elasticsearch/index/query/PrefixQueryParser;names();@Override    public String[] names() {
/home/ramdisk/experiment5/projects/elasticsearch/revisions/rev_83f8849_9b230db/rev_83f8849-9b230db;/src/main/java/org/elasticsearch/index/query/ExistsQueryParser;names();@Override    public String[] names() {
/home/ramdisk/experiment5/projects/elasticsearch/revisions/rev_83f8849_9b230db/rev_83f8849-9b230db;/src/main/java/org/elasticsearch/index/query/GeoShapeQueryParser;getArgs(ShapeBuilder,ShapeRelation);public static SpatialArgs getArgs(ShapeBuilder shape, ShapeRelation relation) {
/home/ramdisk/experiment5/projects/elasticsearch/revisions/rev_83f8849_9b230db/rev_83f8849-9b230db;/src/main/java/org/elasticsearch/index/query/LimitQueryParser;names();@Override    public String[] names() {
/home/ramdisk/experiment5/projects/elasticsearch/revisions/rev_83f8849_9b230db/rev_83f8849-9b230db;/src/main/java/org/elasticsearch/index/query/NotQueryParser;names();@Override    public String[] names() {
/home/ramdisk/experiment5/projects/elasticsearch/revisions/rev_83f8849_9b230db/rev_83f8849-9b230db;/src/main/java/org/elasticsearch/index/query/IndicesQueryBuilder;doXContent(XContentBuilder,Params);@Override    protected void doXContent(XContentBuilder builder, Params params) throws IOException {
/home/ramdisk/experiment5/projects/elasticsearch/revisions/rev_83f8849_9b230db/rev_83f8849-9b230db;/src/main/java/org/elasticsearch/index/query/MultiMatchQueryParser;parse(QueryParseContext);@Override    public Query parse(QueryParseContext parseContext) throws IOException, QueryParsingException {
/home/ramdisk/experiment5/projects/elasticsearch/revisions/rev_83f8849_9b230db/rev_83f8849-9b230db;/src/main/java/org/elasticsearch/index/query/MissingQueryBuilder;doXContent(XContentBuilder,Params);@Override    protected void doXContent(XContentBuilder builder, Params params) throws IOException {
/home/ramdisk/experiment5/projects/elasticsearch/revisions/rev_83f8849_9b230db/rev_83f8849-9b230db;/src/main/java/org/elasticsearch/index/query/FuzzyQueryParser;names();@Override    public String[] names() {
/home/ramdisk/experiment5/projects/elasticsearch/revisions/rev_83f8849_9b230db/rev_83f8849-9b230db;/src/main/java/org/elasticsearch/index/query/FilteredQueryParser;names();@Override    public String[] names() {
/home/ramdisk/experiment5/projects/elasticsearch/revisions/rev_83f8849_9b230db/rev_83f8849-9b230db;/src/main/java/org/elasticsearch/index/query/SpanOrQueryParser;names();@Override    public String[] names() {
/home/ramdisk/experiment5/projects/elasticsearch/revisions/rev_83f8849_9b230db/rev_83f8849-9b230db;/src/main/java/org/elasticsearch/index/query/RangeQueryBuilder;doXContent(XContentBuilder,Params);@Override    protected void doXContent(XContentBuilder builder, Params params) throws IOException {
/home/ramdisk/experiment5/projects/elasticsearch/revisions/rev_83f8849_9b230db/rev_83f8849-9b230db;/src/main/java/org/elasticsearch/index/query/BoostingQueryBuilder;doXContent(XContentBuilder,Params);@Override    protected void doXContent(XContentBuilder builder, Params params) throws IOException {
/home/ramdisk/experiment5/projects/elasticsearch/revisions/rev_83f8849_9b230db/rev_83f8849-9b230db;/src/main/java/org/elasticsearch/index/query/FuzzyQueryBuilder;doXContent(XContentBuilder,Params);@Override    public void doXContent(XContentBuilder builder, Params params) throws IOException {
/home/ramdisk/experiment5/projects/elasticsearch/revisions/rev_83f8849_9b230db/rev_83f8849-9b230db;/src/main/java/org/elasticsearch/index/query/GeoBoundingBoxQueryBuilder;doXContent(XContentBuilder,Params);@Override    protected void doXContent(XContentBuilder builder, Params params) throws IOException {
/home/ramdisk/experiment5/projects/elasticsearch/revisions/rev_83f8849_9b230db/rev_83f8849-9b230db;/src/main/java/org/elasticsearch/index/query/ConstantScoreQueryParser;names();@Override    public String[] names() {
/home/ramdisk/experiment5/projects/elasticsearch/revisions/rev_83f8849_9b230db/rev_83f8849-9b230db;/src/main/java/org/elasticsearch/index/query/DisMaxQueryBuilder;doXContent(XContentBuilder,Params);@Override    protected void doXContent(XContentBuilder builder, Params params) throws IOException {
/home/ramdisk/experiment5/projects/elasticsearch/revisions/rev_83f8849_9b230db/rev_83f8849-9b230db;/src/main/java/org/elasticsearch/index/query/SimpleQueryStringFlag;resolveFlags(String);static int resolveFlags(String flags) {
/home/ramdisk/experiment5/projects/elasticsearch/revisions/rev_83f8849_9b230db/rev_83f8849-9b230db;/src/main/java/org/elasticsearch/index/query/TermsQueryBuilder;doXContent(XContentBuilder,Params);@Override    public void doXContent(XContentBuilder builder, Params params) throws IOException {
/home/ramdisk/experiment5/projects/elasticsearch/revisions/rev_83f8849_9b230db/rev_83f8849-9b230db;/src/main/java/org/elasticsearch/index/query/TermQueryParser;names();@Override    public String[] names() {
/home/ramdisk/experiment5/projects/elasticsearch/revisions/rev_83f8849_9b230db/rev_83f8849-9b230db;/src/main/java/org/elasticsearch/index/query/SpanFirstQueryParser;names();@Override    public String[] names() {
/home/ramdisk/experiment5/projects/elasticsearch/revisions/rev_83f8849_9b230db/rev_83f8849-9b230db;/src/main/java/org/elasticsearch/index/query/FieldMaskingSpanQueryParser;names();@Override    public String[] names() {
/home/ramdisk/experiment5/projects/elasticsearch/revisions/rev_83f8849_9b230db/rev_83f8849-9b230db;/src/main/java/org/elasticsearch/index/query/QueryFilterParser;names();@Override    public String[] names() {
/home/ramdisk/experiment5/projects/elasticsearch/revisions/rev_83f8849_9b230db/rev_83f8849-9b230db;/src/main/java/org/elasticsearch/index/query/WildcardQueryBuilder;doXContent(XContentBuilder,Params);@Override    public void doXContent(XContentBuilder builder, Params params) throws IOException {
/home/ramdisk/experiment5/projects/elasticsearch/revisions/rev_83f8849_9b230db/rev_83f8849-9b230db;/src/main/java/org/elasticsearch/index/query/MatchAllQueryBuilder;doXContent(XContentBuilder,Params);@Override    public void doXContent(XContentBuilder builder, Params params) throws IOException {
/home/ramdisk/experiment5/projects/elasticsearch/revisions/rev_83f8849_9b230db/rev_83f8849-9b230db;/src/main/java/org/elasticsearch/index/query/MissingQueryParser;names();@Override    public String[] names() {
/home/ramdisk/experiment5/projects/elasticsearch/revisions/rev_83f8849_9b230db/rev_83f8849-9b230db;/src/main/java/org/elasticsearch/index/query/SpanNearQueryParser;names();@Override    public String[] names() {
/home/ramdisk/experiment5/projects/elasticsearch/revisions/rev_83f8849_9b230db/rev_83f8849-9b230db;/src/main/java/org/elasticsearch/index/query/LimitQueryBuilder;doXContent(XContentBuilder,Params);@Override    protected void doXContent(XContentBuilder builder, Params params) throws IOException {
/home/ramdisk/experiment5/projects/elasticsearch/revisions/rev_83f8849_9b230db/rev_83f8849-9b230db;/src/main/java/org/elasticsearch/index/query/TypeQueryParser;parse(QueryParseContext);@Override    public Query parse(QueryParseContext parseContext) throws IOException, QueryParsingException {
/home/ramdisk/experiment5/projects/elasticsearch/revisions/rev_83f8849_9b230db/rev_83f8849-9b230db;/src/main/java/org/elasticsearch/index/query/TemplateQueryBuilder;doXContent(XContentBuilder,Params);@Override    protected void doXContent(XContentBuilder builder, Params builderParams) throws IOException {
/home/ramdisk/experiment5/projects/elasticsearch/revisions/rev_83f8849_9b230db/rev_83f8849-9b230db;/src/main/java/org/elasticsearch/index/query/SpanTermQueryParser;names();@Override    public String[] names() {
/home/ramdisk/experiment5/projects/elasticsearch/revisions/rev_83f8849_9b230db/rev_83f8849-9b230db;/src/main/java/org/elasticsearch/index/query/SpanWithinQueryBuilder;doXContent(XContentBuilder,Params);@Override    protected void doXContent(XContentBuilder builder, Params params) throws IOException {
/home/ramdisk/experiment5/projects/elasticsearch/revisions/rev_83f8849_9b230db/rev_83f8849-9b230db;/src/main/java/org/elasticsearch/index/query/HasParentQueryBuilder;doXContent(XContentBuilder,Params);@Override    protected void doXContent(XContentBuilder builder, Params params) throws IOException {
/home/ramdisk/experiment5/projects/elasticsearch/revisions/rev_83f8849_9b230db/rev_83f8849-9b230db;/src/main/java/org/elasticsearch/index/query/MatchAllQueryParser;names();@Override    public String[] names() {
/home/ramdisk/experiment5/projects/elasticsearch/revisions/rev_83f8849_9b230db/rev_83f8849-9b230db;/src/main/java/org/elasticsearch/index/query/CommonTermsQueryBuilder;doXContent(XContentBuilder,Params);@Override    public void doXContent(XContentBuilder builder, Params params) throws IOException {
/home/ramdisk/experiment5/projects/elasticsearch/revisions/rev_83f8849_9b230db/rev_83f8849-9b230db;/src/main/java/org/elasticsearch/index/query/FQueryFilterParser;names();@Override    public String[] names() {
/home/ramdisk/experiment5/projects/elasticsearch/revisions/rev_83f8849_9b230db/rev_83f8849-9b230db;/src/main/java/org/elasticsearch/index/query/GeoDistanceQueryBuilder;doXContent(XContentBuilder,Params);@Override    protected void doXContent(XContentBuilder builder, Params params) throws IOException {
/home/ramdisk/experiment5/projects/elasticsearch/revisions/rev_83f8849_9b230db/rev_83f8849-9b230db;/src/main/java/org/elasticsearch/index/query/GeoDistanceRangeQueryParser;names();@Override    public String[] names() {
/home/ramdisk/experiment5/projects/elasticsearch/revisions/rev_83f8849_9b230db/rev_83f8849-9b230db;/src/main/java/org/elasticsearch/index/query/SpanWithinQueryParser;parse(QueryParseContext);@Override    public Query parse(QueryParseContext parseContext) throws IOException, QueryParsingException {
/home/ramdisk/experiment5/projects/elasticsearch/revisions/rev_83f8849_9b230db/rev_83f8849-9b230db;/src/main/java/org/elasticsearch/index/query/QueryFilterBuilder;doXContent(XContentBuilder,Params);@Override    protected void doXContent(XContentBuilder builder, Params params) throws IOException {
/home/ramdisk/experiment5/projects/elasticsearch/revisions/rev_83f8849_9b230db/rev_83f8849-9b230db;/src/main/java/org/elasticsearch/index/query/OrQueryBuilder;doXContent(XContentBuilder,Params);@Override    protected void doXContent(XContentBuilder builder, Params params) throws IOException {
/home/ramdisk/experiment5/projects/elasticsearch/revisions/rev_83f8849_9b230db/rev_83f8849-9b230db;/src/main/java/org/elasticsearch/index/query/SpanContainingQueryParser;parse(QueryParseContext);@Override    public Query parse(QueryParseContext parseContext) throws IOException, QueryParsingException {
/home/ramdisk/experiment5/projects/elasticsearch/revisions/rev_b282ac6_8f2dc10/rev_b282ac6-8f2dc10;/core/src/test/java/org/elasticsearch/index/query/SimpleIndexQueryParserTests;parse(QueryParseContext);@Override        public Query parse(QueryParseContext parseContext) throws IOException, QueryParsingException {
/home/ramdisk/experiment5/projects/elasticsearch/revisions/rev_71f84b3_49bef19/rev_71f84b3-49bef19;/core/src/main/java/org/elasticsearch/index/query/TermQueryParser;parse(QueryParseContext);
/home/ramdisk/experiment5/projects/elasticsearch/revisions/rev_71f84b3_49bef19/rev_71f84b3-49bef19;/core/src/main/java/org/elasticsearch/index/query/SpanTermQueryParser;parse(QueryParseContext);
/home/ramdisk/experiment5/projects/elasticsearch/revisions/rev_71f84b3_49bef19/rev_71f84b3-49bef19;/core/src/main/java/org/elasticsearch/index/query/RangeQueryParser;parse(QueryParseContext);
/home/ramdisk/experiment5/projects/elasticsearch/revisions/rev_11492b8_cdd1325/rev_11492b8-cdd1325;/core/src/main/java/org/elasticsearch/index/query/ExistsQueryParser;newFilter(QueryParseContext,String,String);
/home/ramdisk/experiment5/projects/elasticsearch/revisions/rev_88e3d6c_90f32d4/rev_88e3d6c-90f32d4;/core/src/main/java/org/elasticsearch/index/query/NotQueryParser;parse(QueryParseContext);
/home/ramdisk/experiment5/projects/elasticsearch/revisions/rev_88e3d6c_90f32d4/rev_88e3d6c-90f32d4;/core/src/main/java/org/elasticsearch/index/query/ConstantScoreQueryParser;parse(QueryParseContext);
/home/ramdisk/experiment5/projects/elasticsearch/revisions/rev_88e3d6c_90f32d4/rev_88e3d6c-90f32d4;/core/src/main/java/org/elasticsearch/index/query/RangeQueryParser;parse(QueryParseContext);
/home/ramdisk/experiment5/projects/elasticsearch/revisions/rev_ac92ad6_964a849/rev_ac92ad6-964a849;/core/src/main/java/org/elasticsearch/index/query/TermQueryParser;parse(QueryParseContext);
/home/ramdisk/experiment5/projects/elasticsearch/revisions/rev_8f6398a_abcf269/rev_8f6398a-abcf269;/core/src/test/java/org/elasticsearch/index/mapper/index/IndexTypeMapperTests;testExplicitDisabledIndexMapper();
/home/ramdisk/experiment5/projects/elasticsearch/revisions/rev_8776463_219f481/rev_8776463-219f481;/core/src/main/java/org/elasticsearch/index/query/MissingQueryParser;newFilter(QueryParseContext,String,boolean,boolean,String);
/home/ramdisk/experiment5/projects/elasticsearch/revisions/rev_8776463_219f481/rev_8776463-219f481;/core/src/main/java/org/elasticsearch/index/query/RangeQueryParser;parse(QueryParseContext);
/home/ramdisk/experiment5/projects/elasticsearch/revisions/rev_8776463_219f481/rev_8776463-219f481;/core/src/main/java/org/elasticsearch/index/query/ExistsQueryParser;newFilter(QueryParseContext,String,String);
/home/ramdisk/experiment5/projects/elasticsearch/revisions/rev_99398ad_caca13c/rev_99398ad-caca13c;/core/src/test/java/org/elasticsearch/percolator/MultiPercolatorTests;initNestedIndexAndPercolation();void initNestedIndexAndPercolation() throws IOException {
/home/ramdisk/experiment5/projects/elasticsearch/revisions/rev_99398ad_caca13c/rev_99398ad-caca13c;/core/src/test/java/org/elasticsearch/aliases/IndexAliasesTests;testSameAlias();@Test    public void testSameAlias() throws Exception {
/home/ramdisk/experiment5/projects/elasticsearch/revisions/rev_99398ad_caca13c/rev_99398ad-caca13c;/core/src/test/java/org/elasticsearch/transport/netty/NettyTransportTests;configureServerChannelPipelineFactory(String,Settings);@Override        public ChannelPipelineFactory configureServerChannelPipelineFactory(String name, Settings groupSettings) {
/home/ramdisk/experiment5/projects/elasticsearch/revisions/rev_99398ad_caca13c/rev_99398ad-caca13c;/core/src/test/java/org/elasticsearch/search/rescore/QueryRescorerTests;testExplain();@Test    public void testExplain() throws Exception {
/home/ramdisk/experiment5/projects/elasticsearch/revisions/rev_99398ad_caca13c/rev_99398ad-caca13c;/core/src/test/java/org/elasticsearch/search/query/SimpleQueryStringTests;testSimpleQueryStringFlags();@Test    public void testSimpleQueryStringFlags() throws ExecutionException, InterruptedException {
/home/ramdisk/experiment5/projects/elasticsearch/revisions/rev_99398ad_caca13c/rev_99398ad-caca13c;/core/src/test/java/org/elasticsearch/discovery/zen/ping/multicast/MulticastZenPingTests;testExternalPing();@Test    public void testExternalPing() throws Exception {
/home/ramdisk/experiment5/projects/elasticsearch/revisions/rev_99398ad_caca13c/rev_99398ad-caca13c;/core/src/test/java/org/elasticsearch/discovery/zen/ping/unicast/UnicastZenPingTests;testSimplePings();@Test    public void testSimplePings() throws InterruptedException {
/home/ramdisk/experiment5/projects/elasticsearch/revisions/rev_a1be2d6_f8b9ede/rev_a1be2d6-f8b9ede;/core/src/main/java/org/elasticsearch/index/query/TermsQueryParser;parse(QueryParseContext);
/home/ramdisk/experiment5/projects/elasticsearch/revisions/rev_8ac439f_4010e7e/rev_8ac439f-4010e7e;/core/src/main/java/org/elasticsearch/index/query/TermsQueryParser;parse(QueryParseContext);
/home/ramdisk/experiment5/projects/elasticsearch/revisions/rev_8ac439f_4010e7e/rev_8ac439f-4010e7e;/core/src/main/java/org/elasticsearch/index/query/TermsLookupQueryBuilder;doXContent(XContentBuilder,Params);
/home/ramdisk/experiment5/projects/elasticsearch/revisions/rev_260a929_34635a4/rev_260a929-34635a4;/core/src/main/java/org/elasticsearch/index/query/GeoPolygonQueryParser;parse(QueryParseContext);
/home/ramdisk/experiment5/projects/elasticsearch/revisions/rev_260a929_34635a4/rev_260a929-34635a4;/core/src/main/java/org/elasticsearch/indices/query/IndicesQueriesModule;configure();@Override    protected void configure() {
/home/ramdisk/experiment5/projects/elasticsearch/revisions/rev_260a929_34635a4/rev_260a929-34635a4;/core/src/main/java/org/elasticsearch/index/query/GeoDistanceRangeQueryParser;parse(QueryParseContext);
/home/ramdisk/experiment5/projects/elasticsearch/revisions/rev_260a929_34635a4/rev_260a929-34635a4;/core/src/main/java/org/elasticsearch/index/query/GeoDistanceQueryParser;parse(QueryParseContext);
/home/ramdisk/experiment5/projects/elasticsearch/revisions/rev_260a929_34635a4/rev_260a929-34635a4;/core/src/main/java/org/elasticsearch/index/query/GeoBoundingBoxQueryParser;parse(QueryParseContext);
/home/ramdisk/experiment5/projects/elasticsearch/revisions/rev_3843ae4_501a199/rev_3843ae4-501a199;/core/src/main/java/org/elasticsearch/index/query/TermsQueryParser;parse(QueryParseContext);
/home/ramdisk/experiment5/projects/elasticsearch/revisions/rev_3843ae4_501a199/rev_3843ae4-501a199;/core/src/main/java/org/elasticsearch/index/query/NotQueryParser;parse(QueryParseContext);
/home/ramdisk/experiment5/projects/elasticsearch/revisions/rev_59cb67c_cc12501/rev_59cb67c-cc12501;/core/src/main/java/org/elasticsearch/index/query/QueryStringQueryParser;parse(QueryParseContext);
/home/ramdisk/experiment5/projects/elasticsearch/revisions/rev_084a610_db5e225/rev_084a610-db5e225;/core/src/main/java/org/elasticsearch/index/query/RegexpQueryParser;parse(QueryParseContext);
/home/ramdisk/experiment5/projects/elasticsearch/revisions/rev_084a610_db5e225/rev_084a610-db5e225;/core/src/main/java/org/elasticsearch/index/query/PrefixQueryParser;parse(QueryParseContext);
/home/ramdisk/experiment5/projects/elasticsearch/revisions/rev_084a610_db5e225/rev_084a610-db5e225;/core/src/main/java/org/elasticsearch/index/query/HasChildQueryParser;parse(QueryParseContext);
/home/ramdisk/experiment5/projects/elasticsearch/revisions/rev_084a610_db5e225/rev_084a610-db5e225;/core/src/main/java/org/elasticsearch/index/query/TermQueryParser;parse(QueryParseContext);
/home/ramdisk/experiment5/projects/elasticsearch/revisions/rev_084a610_db5e225/rev_084a610-db5e225;/core/src/main/java/org/elasticsearch/index/query/QueryStringQueryParser;parse(QueryParseContext);
/home/ramdisk/experiment5/projects/elasticsearch/revisions/rev_084a610_db5e225/rev_084a610-db5e225;/core/src/main/java/org/elasticsearch/index/query/RangeQueryParser;parse(QueryParseContext);
/home/ramdisk/experiment5/projects/elasticsearch/revisions/rev_95f3817_821021f/rev_95f3817-821021f;/core/src/main/java/org/elasticsearch/index/query/MatchQueryParser;parse(QueryParseContext);
/home/ramdisk/experiment5/projects/elasticsearch/revisions/rev_95f3817_821021f/rev_95f3817-821021f;/core/src/main/java/org/elasticsearch/search/aggregations/bucket/significant/heuristics/NXYSignificanceHeuristic;parse(XContentParser,ParseFieldMatcher);@Override        public SignificanceHeuristic parse(XContentParser parser, ParseFieldMatcher parseFieldMatcher) throws IOException, QueryShardException {
/home/ramdisk/experiment5/projects/elasticsearch/revisions/rev_95f3817_821021f/rev_95f3817-821021f;/core/src/main/java/org/elasticsearch/search/aggregations/bucket/significant/heuristics/GND;parse(XContentParser,ParseFieldMatcher);@Override        public SignificanceHeuristic parse(XContentParser parser, ParseFieldMatcher parseFieldMatcher) throws IOException, QueryShardException {
/home/ramdisk/experiment5/projects/elasticsearch/revisions/rev_95f3817_821021f/rev_95f3817-821021f;/core/src/main/java/org/elasticsearch/search/aggregations/bucket/significant/heuristics/PercentageScore;parse(XContentParser,ParseFieldMatcher);@Override        public SignificanceHeuristic parse(XContentParser parser, ParseFieldMatcher parseFieldMatcher) throws IOException, QueryShardException {
/home/ramdisk/experiment5/projects/elasticsearch/revisions/rev_95f3817_821021f/rev_95f3817-821021f;/core/src/main/java/org/elasticsearch/index/query/QueryStringQueryParser;parse(QueryParseContext);
/home/ramdisk/experiment5/projects/elasticsearch/revisions/rev_95f3817_821021f/rev_95f3817-821021f;/core/src/main/java/org/elasticsearch/index/query/functionscore/fieldvaluefactor/FieldValueFactorFunctionParser;parse(QueryParseContext,XContentParser);
/home/ramdisk/experiment5/projects/elasticsearch/revisions/rev_95f3817_821021f/rev_95f3817-821021f;/core/src/main/java/org/elasticsearch/search/aggregations/bucket/significant/heuristics/JLHScore;parse(XContentParser,ParseFieldMatcher);@Override        public SignificanceHeuristic parse(XContentParser parser, ParseFieldMatcher parseFieldMatcher) throws IOException, QueryShardException {
/home/ramdisk/experiment5/projects/elasticsearch/revisions/rev_95f3817_821021f/rev_95f3817-821021f;/core/src/main/java/org/elasticsearch/search/aggregations/bucket/significant/heuristics/ScriptHeuristic;parse(XContentParser,ParseFieldMatcher);@Override        public SignificanceHeuristic parse(XContentParser parser, ParseFieldMatcher parseFieldMatcher) throws IOException, QueryShardException {
/home/ramdisk/experiment5/projects/elasticsearch/revisions/rev_52be313_8e4e980/rev_52be313-8e4e980;/core/src/test/java/org/elasticsearch/index/query/TemplateQueryParserTest;setup();@Before    public void setup() throws IOException {
/home/ramdisk/experiment5/projects/elasticsearch/revisions/rev_107a4b1_da554fc/rev_107a4b1-da554fc;/core/src/main/java/org/elasticsearch/index/query/FilteredQueryParser;parse(QueryParseContext);
/home/ramdisk/experiment5/projects/elasticsearch/revisions/rev_ea83007_b98cd5f/rev_ea83007-b98cd5f;/core/src/main/java/org/elasticsearch/index/query/SpanContainingQueryParser;parse(QueryParseContext);
/home/ramdisk/experiment5/projects/elasticsearch/revisions/rev_ea83007_b98cd5f/rev_ea83007-b98cd5f;/core/src/main/java/org/elasticsearch/index/mapper/internal/IdFieldMapper;regexpQuery(String,int,int,MultiTermQuery.RewriteMethod,QueryParseContext);
/home/ramdisk/experiment5/projects/elasticsearch/revisions/rev_ea83007_b98cd5f/rev_ea83007-b98cd5f;/core/src/main/java/org/elasticsearch/index/query/HasChildQueryParser;parse(QueryParseContext);
/home/ramdisk/experiment5/projects/elasticsearch/revisions/rev_ea83007_b98cd5f/rev_ea83007-b98cd5f;/core/src/main/java/org/elasticsearch/index/query/MissingQueryParser;newFilter(QueryParseContext,String,boolean,boolean,String);
/home/ramdisk/experiment5/projects/elasticsearch/revisions/rev_ea83007_b98cd5f/rev_ea83007-b98cd5f;/core/src/main/java/org/elasticsearch/index/query/GeoShapeQueryParser;parse(QueryParseContext);
/home/ramdisk/experiment5/projects/elasticsearch/revisions/rev_ea83007_b98cd5f/rev_ea83007-b98cd5f;/core/src/main/java/org/elasticsearch/index/query/ExistsQueryParser;newFilter(QueryParseContext,String,String);
/home/ramdisk/experiment5/projects/elasticsearch/revisions/rev_ea83007_b98cd5f/rev_ea83007-b98cd5f;/core/src/main/java/org/elasticsearch/index/query/SpanWithinQueryParser;parse(QueryParseContext);
/home/ramdisk/experiment5/projects/elasticsearch/revisions/rev_083c774_f208aaa/rev_083c774-f208aaa;/core/src/main/java/org/elasticsearch/index/query/ScriptQueryParser;equals(Object);
/home/ramdisk/experiment5/projects/elasticsearch/revisions/rev_678e1be_73d84e4/rev_678e1be-73d84e4;/core/src/test/java/org/elasticsearch/index/search/child/AbstractChildTestCase;parseQuery(QueryBuilder);static Query parseQuery(QueryBuilder queryBuilder) throws IOException {
/home/ramdisk/experiment5/projects/elasticsearch/revisions/rev_678e1be_73d84e4/rev_678e1be-73d84e4;/core/src/main/java/org/elasticsearch/index/query/HasChildQueryParser;parse(QueryParseContext);
/home/ramdisk/experiment5/projects/elasticsearch/revisions/rev_678e1be_73d84e4/rev_678e1be-73d84e4;/core/src/test/java/org/elasticsearch/search/child/ChildQuerySearchBwcIT;testExplainUsage();@Test    public void testExplainUsage() throws Exception {
/home/ramdisk/experiment5/projects/elasticsearch/revisions/rev_8d2a2f8_c10f116/rev_8d2a2f8-c10f116;/core/src/main/java/org/elasticsearch/index/query/QueryFilterParser;parse(QueryParseContext);
/home/ramdisk/experiment5/projects/elasticsearch/revisions/rev_8d2a2f8_c10f116/rev_8d2a2f8-c10f116;/core/src/main/java/org/elasticsearch/index/query/FilteredQueryBuilder;doXContent(XContentBuilder,Params);@Override    protected void doXContent(XContentBuilder builder, Params params) throws IOException {
/home/ramdisk/experiment5/projects/elasticsearch/revisions/rev_8d2a2f8_c10f116/rev_8d2a2f8-c10f116;/core/src/main/java/org/elasticsearch/index/query/FilteredQueryParser;names();@Override    public String[] names() {
/home/ramdisk/experiment5/projects/elasticsearch/revisions/rev_8d2a2f8_c10f116/rev_8d2a2f8-c10f116;/core/src/main/java/org/elasticsearch/index/query/LimitQueryParser;names();@Override    public String[] names() {
/home/ramdisk/experiment5/projects/elasticsearch/revisions/rev_8d2a2f8_c10f116/rev_8d2a2f8-c10f116;/core/src/main/java/org/elasticsearch/index/query/HasChildQueryParser;rewrite(IndexReader);
/home/ramdisk/experiment5/projects/elasticsearch/revisions/rev_8d2a2f8_c10f116/rev_8d2a2f8-c10f116;/core/src/main/java/org/elasticsearch/index/query/FQueryFilterParser;names();@Override    public String[] names() {
/home/ramdisk/experiment5/projects/elasticsearch/revisions/rev_8d2a2f8_c10f116/rev_8d2a2f8-c10f116;/core/src/main/java/org/elasticsearch/index/query/LimitQueryBuilder;doXContent(XContentBuilder,Params);@Override    protected void doXContent(XContentBuilder builder, Params params) throws IOException {
/home/ramdisk/experiment5/projects/elasticsearch/revisions/rev_d49a744_2c618a1/rev_d49a744-2c618a1;/core/src/main/java/org/elasticsearch/index/query/HasChildQueryParser;rewrite(IndexReader);
/home/ramdisk/experiment5/projects/elasticsearch/revisions/rev_adaa998_4095906/rev_adaa998-4095906;/core/src/main/java/org/elasticsearch/index/query/GeoDistanceRangeQueryParser;parse(QueryParseContext);
/home/ramdisk/experiment5/projects/elasticsearch/revisions/rev_adaa998_4095906/rev_adaa998-4095906;/core/src/main/java/org/elasticsearch/index/query/GeoDistanceQueryParser;parse(QueryParseContext);
/home/ramdisk/experiment5/projects/elasticsearch/revisions/rev_8fb1aa9_d498006/rev_8fb1aa9-d498006;/core/src/main/java/org/elasticsearch/index/query/functionscore/random/RandomScoreFunctionParser;parse(QueryParseContext,XContentParser);
/home/ramdisk/experiment5/projects/elasticsearch/revisions/rev_197313c_c8d1f7a/rev_197313c-c8d1f7a;/core/src/main/java/org/elasticsearch/index/query/functionscore/DecayFunctionParser;parseVariable(String,XContentParser,QueryParseContext,MultiValueMode);
/home/ramdisk/experiment5/projects/elasticsearch/revisions/rev_197313c_c8d1f7a/rev_197313c-c8d1f7a;/core/src/main/java/org/elasticsearch/index/query/functionscore/ScoreFunctionParser;parse(QueryParseContext,XContentParser);
/home/ramdisk/experiment5/projects/elasticsearch/revisions/rev_197313c_c8d1f7a/rev_197313c-c8d1f7a;/core/src/main/java/org/elasticsearch/index/query/HasChildQueryParser;parse(QueryParseContext);
/home/ramdisk/experiment5/projects/elasticsearch/revisions/rev_197313c_c8d1f7a/rev_197313c-c8d1f7a;/core/src/main/java/org/elasticsearch/index/query/functionscore/random/RandomScoreFunctionParser;parse(QueryParseContext,XContentParser);
/home/ramdisk/experiment5/projects/elasticsearch/revisions/rev_197313c_c8d1f7a/rev_197313c-c8d1f7a;/core/src/main/java/org/elasticsearch/index/query/FieldMaskingSpanQueryParser;parse(QueryParseContext);
/home/ramdisk/experiment5/projects/elasticsearch/revisions/rev_197313c_c8d1f7a/rev_197313c-c8d1f7a;/core/src/main/java/org/elasticsearch/index/query/SpanFirstQueryParser;parse(QueryParseContext);
/home/ramdisk/experiment5/projects/elasticsearch/revisions/rev_197313c_c8d1f7a/rev_197313c-c8d1f7a;/core/src/main/java/org/elasticsearch/index/query/MatchQueryParser;parse(QueryParseContext);
/home/ramdisk/experiment5/projects/elasticsearch/revisions/rev_197313c_c8d1f7a/rev_197313c-c8d1f7a;/core/src/main/java/org/elasticsearch/index/query/support/InnerHitsQueryParserHelper;parse(QueryParseContext);
/home/ramdisk/experiment5/projects/elasticsearch/revisions/rev_197313c_c8d1f7a/rev_197313c-c8d1f7a;/core/src/main/java/org/elasticsearch/index/query/RegexpQueryParser;parse(QueryParseContext);
/home/ramdisk/experiment5/projects/elasticsearch/revisions/rev_197313c_c8d1f7a/rev_197313c-c8d1f7a;/core/src/main/java/org/elasticsearch/index/query/SpanContainingQueryParser;parse(QueryParseContext);
/home/ramdisk/experiment5/projects/elasticsearch/revisions/rev_197313c_c8d1f7a/rev_197313c-c8d1f7a;/core/src/main/java/org/elasticsearch/index/query/PrefixQueryParser;parse(QueryParseContext);
/home/ramdisk/experiment5/projects/elasticsearch/revisions/rev_197313c_c8d1f7a/rev_197313c-c8d1f7a;/core/src/main/java/org/elasticsearch/index/query/functionscore/fieldvaluefactor/FieldValueFactorFunctionParser;parse(QueryParseContext,XContentParser);
/home/ramdisk/experiment5/projects/elasticsearch/revisions/rev_197313c_c8d1f7a/rev_197313c-c8d1f7a;/core/src/main/java/org/elasticsearch/index/query/WildcardQueryParser;parse(QueryParseContext);
/home/ramdisk/experiment5/projects/elasticsearch/revisions/rev_197313c_c8d1f7a/rev_197313c-c8d1f7a;/core/src/test/java/org/elasticsearch/indices/IndicesModuleTests;parse(QueryParseContext);
/home/ramdisk/experiment5/projects/elasticsearch/revisions/rev_197313c_c8d1f7a/rev_197313c-c8d1f7a;/core/src/main/java/org/elasticsearch/index/query/MatchAllQueryParser;parse(QueryParseContext);
/home/ramdisk/experiment5/projects/elasticsearch/revisions/rev_197313c_c8d1f7a/rev_197313c-c8d1f7a;/core/src/main/java/org/elasticsearch/index/query/FuzzyQueryParser;parse(QueryParseContext);
/home/ramdisk/experiment5/projects/elasticsearch/revisions/rev_197313c_c8d1f7a/rev_197313c-c8d1f7a;/core/src/main/java/org/elasticsearch/index/query/TermQueryParser;parse(QueryParseContext);
/home/ramdisk/experiment5/projects/elasticsearch/revisions/rev_197313c_c8d1f7a/rev_197313c-c8d1f7a;/core/src/main/java/org/elasticsearch/index/query/MissingQueryParser;newFilter(QueryParseContext,String,boolean,boolean,String);
/home/ramdisk/experiment5/projects/elasticsearch/revisions/rev_197313c_c8d1f7a/rev_197313c-c8d1f7a;/core/src/main/java/org/elasticsearch/index/query/SpanTermQueryParser;parse(QueryParseContext);
/home/ramdisk/experiment5/projects/elasticsearch/revisions/rev_197313c_c8d1f7a/rev_197313c-c8d1f7a;/core/src/main/java/org/elasticsearch/index/query/GeoDistanceRangeQueryParser;parse(QueryParseContext);
/home/ramdisk/experiment5/projects/elasticsearch/revisions/rev_197313c_c8d1f7a/rev_197313c-c8d1f7a;/core/src/main/java/org/elasticsearch/index/query/GeoDistanceQueryParser;parse(QueryParseContext);
/home/ramdisk/experiment5/projects/elasticsearch/revisions/rev_197313c_c8d1f7a/rev_197313c-c8d1f7a;/core/src/main/java/org/elasticsearch/index/query/SpanNotQueryParser;parse(QueryParseContext);
/home/ramdisk/experiment5/projects/elasticsearch/revisions/rev_197313c_c8d1f7a/rev_197313c-c8d1f7a;/core/src/main/java/org/elasticsearch/index/query/GeoBoundingBoxQueryParser;parse(QueryParseContext);
/home/ramdisk/experiment5/projects/elasticsearch/revisions/rev_197313c_c8d1f7a/rev_197313c-c8d1f7a;/core/src/main/java/org/elasticsearch/index/query/NestedQueryParser;build();
/home/ramdisk/experiment5/projects/elasticsearch/revisions/rev_197313c_c8d1f7a/rev_197313c-c8d1f7a;/core/src/main/java/org/elasticsearch/index/query/QueryFilterParser;parse(QueryParseContext);
/home/ramdisk/experiment5/projects/elasticsearch/revisions/rev_197313c_c8d1f7a/rev_197313c-c8d1f7a;/core/src/main/java/org/elasticsearch/index/query/NotQueryParser;parse(QueryParseContext);
/home/ramdisk/experiment5/projects/elasticsearch/revisions/rev_197313c_c8d1f7a/rev_197313c-c8d1f7a;/core/src/main/java/org/elasticsearch/index/query/QueryParser;parse(QueryParseContext);
/home/ramdisk/experiment5/projects/elasticsearch/revisions/rev_197313c_c8d1f7a/rev_197313c-c8d1f7a;/core/src/main/java/org/elasticsearch/index/query/ConstantScoreQueryParser;parse(QueryParseContext);
/home/ramdisk/experiment5/projects/elasticsearch/revisions/rev_197313c_c8d1f7a/rev_197313c-c8d1f7a;/core/src/main/java/org/elasticsearch/index/query/GeoShapeQueryParser;parse(QueryParseContext);
/home/ramdisk/experiment5/projects/elasticsearch/revisions/rev_197313c_c8d1f7a/rev_197313c-c8d1f7a;/core/src/main/java/org/elasticsearch/index/query/TypeQueryParser;parse(QueryParseContext);
/home/ramdisk/experiment5/projects/elasticsearch/revisions/rev_197313c_c8d1f7a/rev_197313c-c8d1f7a;/core/src/main/java/org/elasticsearch/index/query/RangeQueryParser;parse(QueryParseContext);
/home/ramdisk/experiment5/projects/elasticsearch/revisions/rev_197313c_c8d1f7a/rev_197313c-c8d1f7a;/core/src/main/java/org/elasticsearch/index/query/ExistsQueryParser;parse(QueryParseContext);
/home/ramdisk/experiment5/projects/elasticsearch/revisions/rev_197313c_c8d1f7a/rev_197313c-c8d1f7a;/core/src/test/java/org/elasticsearch/index/query/plugin/DummyQueryParserPlugin;parse(QueryParseContext);
/home/ramdisk/experiment5/projects/elasticsearch/revisions/rev_197313c_c8d1f7a/rev_197313c-c8d1f7a;/core/src/main/java/org/elasticsearch/index/query/BoostingQueryParser;parse(QueryParseContext);
/home/ramdisk/experiment5/projects/elasticsearch/revisions/rev_197313c_c8d1f7a/rev_197313c-c8d1f7a;/core/src/main/java/org/elasticsearch/index/query/SpanWithinQueryParser;parse(QueryParseContext);
/home/ramdisk/experiment5/projects/elasticsearch/revisions/rev_05c0031_8c7c765/rev_05c0031-8c7c765;/core/src/test/java/org/elasticsearch/script/GroovySecurityIT;assertFailure(String);private void assertFailure(String script) {
/home/ramdisk/experiment5/projects/elasticsearch/revisions/rev_05c0031_8c7c765/rev_05c0031-8c7c765;/core/src/test/java/org/elasticsearch/search/timeout/SearchTimeoutIT;simpleTimeoutTest();@Test    public void simpleTimeoutTest() throws Exception {
/home/ramdisk/experiment5/projects/elasticsearch/revisions/rev_05c0031_8c7c765/rev_05c0031-8c7c765;/core/src/test/java/org/elasticsearch/search/rescore/QueryRescorerIT;testMultipleRescores();@Test    @AwaitsFix(bugUrl = "Need to fix default window size for rescorers so that they are applied")    // NORELEASE    public void testMultipleRescores() throws Exception {
/home/ramdisk/experiment5/projects/elasticsearch/revisions/rev_05c0031_8c7c765/rev_05c0031-8c7c765;/core/src/test/java/org/elasticsearch/search/query/SearchQueryIT;testCommonTermsQueryStackedTokens();@Test    public void testCommonTermsQueryStackedTokens() throws Exception {
/home/ramdisk/experiment5/projects/elasticsearch/revisions/rev_672a54b_3ab3938/rev_672a54b-3ab3938;/core/src/main/java/org/elasticsearch/cluster/routing/allocation/decider/DiskThresholdDecider;earlyTerminate(RoutingAllocation,Map<String,DiskUsage>);
/home/ramdisk/experiment5/projects/elasticsearch/revisions/rev_a3a2432_7b431ec/rev_a3a2432-7b431ec;/plugins/lang-groovy/src/test/java/org/elasticsearch/messy/tests/QueryRescorerTests;testMultipleRescores();@Test    @AwaitsFix(bugUrl = "Need to fix default window size for rescorers so that they are applied")    // NORELEASE    public void testMultipleRescores() throws Exception {
/home/ramdisk/experiment5/projects/elasticsearch/revisions/rev_a3a2432_7b431ec/rev_a3a2432-7b431ec;/plugins/lang-groovy/src/test/java/org/elasticsearch/messy/tests/SearchQueryTests;testCommonTermsQueryStackedTokens();@Test    public void testCommonTermsQueryStackedTokens() throws Exception {
/home/ramdisk/experiment5/projects/elasticsearch/revisions/rev_6e81b0d_9ea4909/rev_6e81b0d-9ea4909;/core/src/test/java/org/elasticsearch/indices/stats/IndexStatsIT;throttleStats();
/home/ramdisk/experiment5/projects/elasticsearch/revisions/rev_6e81b0d_9ea4909/rev_6e81b0d-9ea4909;/core/src/test/java/org/elasticsearch/action/admin/indices/optimize/OptimizeBlocksIT;testOptimizeWithBlocks();public void testOptimizeWithBlocks() {
/home/ramdisk/experiment5/projects/elasticsearch/revisions/rev_1e5af7b_6a2fa73/rev_1e5af7b-6a2fa73;/core/src/test/java/org/elasticsearch/action/admin/cluster/health/ClusterHealthResponsesTests;genShardRouting(String,int,boolean);private ShardRouting genShardRouting(String index, int shardId, boolean primary) {
/home/ramdisk/experiment5/projects/elasticsearch/revisions/rev_4f44568_bc8745d/rev_4f44568-bc8745d;/core/src/test/java/org/elasticsearch/benchmark/recovery/ReplicaRecoveryBenchmark;main(String[]);public static void main(String[] args) throws Exception {
/home/ramdisk/experiment5/projects/elasticsearch/revisions/rev_5f4afe8_7e3ccf2/rev_5f4afe8-7e3ccf2;/core/src/main/java/org/elasticsearch/index/translog/TranslogConfig;getBufferSize();
/home/ramdisk/experiment5/projects/elasticsearch/revisions/rev_2078d3f_77dbfbc/rev_2078d3f-77dbfbc;/core/src/test/java/org/elasticsearch/index/indexing/IndexingSlowLogTests;testSlowLogParsedDocumentPrinterSourceToLog();public void testSlowLogParsedDocumentPrinterSourceToLog() throws IOException {
/home/ramdisk/experiment5/projects/elasticsearch/revisions/rev_91289b8_d5f8d8e/rev_91289b8-d5f8d8e;/core/src/test/java/org/elasticsearch/cluster/settings/ClusterSettingsIT;testMissingUnitsLenient();public void testMissingUnitsLenient() {
/home/ramdisk/experiment5/projects/elasticsearch/revisions/rev_645b053_2249a64/rev_645b053-2249a64;/core/src/test/java/org/elasticsearch/rest/NoOpClient;doExecute(Action<Request,Response,RequestBuilder>,Request,ActionListener<Response>);
/home/ramdisk/experiment5/projects/elasticsearch/revisions/rev_e9e300c_5c88164/rev_e9e300c-5c88164;/core/src/main/java/org/elasticsearch/rest/BaseRestHandler;doExecute(Action<Request,Response,RequestBuilder>,Request,ActionListener<Response>);
/home/ramdisk/experiment5/projects/elasticsearch/revisions/rev_859f9e6_ed7bc5b/rev_859f9e6-ed7bc5b;/core/src/test/java/org/elasticsearch/search/aggregations/bucket/SamplerIT;testWhollyUnmappedDiversifyField();
/home/ramdisk/experiment5/projects/elasticsearch/revisions/rev_e5a5067_77a1649/rev_e5a5067-77a1649;/core/src/main/java/org/elasticsearch/search/aggregations/bucket/significant/SignificantTermsParametersParser;parseSpecial(String,XContentParser,SearchContext,XContentParser.Token,String);
/home/ramdisk/experiment5/projects/elasticsearch/revisions/rev_e5a5067_77a1649/rev_e5a5067-77a1649;/core/src/main/java/org/elasticsearch/search/aggregations/bucket/filter/FilterParser;parse(String,XContentParser,SearchContext);
/home/ramdisk/experiment5/projects/elasticsearch/revisions/rev_ca6058e_b5aee20/rev_ca6058e-b5aee20;/core/src/main/java/org/elasticsearch/search/aggregations/metrics/MetricsAggregationBuilder;toXContent(XContentBuilder,Params);
/home/ramdisk/experiment5/projects/elasticsearch/revisions/rev_ca6058e_b5aee20/rev_ca6058e-b5aee20;/core/src/test/java/org/elasticsearch/indices/cache/query/IndicesRequestCacheIT;testCacheAggs();public void testCacheAggs() throws Exception {
/home/ramdisk/experiment5/projects/elasticsearch/revisions/rev_4d0feff_b5aee20/rev_4d0feff-b5aee20;/core/src/main/java/org/elasticsearch/cluster/routing/ShardRouting;initialize(String,long);void initialize(String nodeId, long expectedShardSize) {
/home/ramdisk/experiment5/projects/elasticsearch/revisions/rev_4d0feff_b5aee20/rev_4d0feff-b5aee20;/core/src/test/java/org/elasticsearch/cluster/routing/ShardRoutingTests;testEqualsIgnoringVersion();
/home/ramdisk/experiment5/projects/elasticsearch/revisions/rev_ce9b365_4e45443/rev_ce9b365-4e45443;/modules/lang-painless/src/main/java/org/elasticsearch/painless/node/LDefCall;analyze(CompilerSettings,Definition,Variables);
/home/ramdisk/experiment5/projects/elasticsearch/revisions/rev_ce9b365_4e45443/rev_ce9b365-4e45443;/modules/lang-painless/src/main/java/org/elasticsearch/painless/node/EChain;write(CompilerSettings,Definition,MethodWriter);
/home/ramdisk/experiment5/projects/elasticsearch/revisions/rev_ce9b365_4e45443/rev_ce9b365-4e45443;/modules/lang-painless/src/main/java/org/elasticsearch/painless/node/LCast;analyze(CompilerSettings,Definition,Variables);
/home/ramdisk/experiment5/projects/elasticsearch/revisions/rev_ce9b365_4e45443/rev_ce9b365-4e45443;/modules/lang-painless/src/main/java/org/elasticsearch/painless/node/LCall;analyze(CompilerSettings,Definition,Variables);
/home/ramdisk/experiment5/projects/elasticsearch/revisions/rev_ce9b365_4e45443/rev_ce9b365-4e45443;/modules/lang-painless/src/main/java/org/elasticsearch/painless/node/AExpression;cast(CompilerSettings,Definition,Variables);
/home/ramdisk/experiment5/projects/elasticsearch/revisions/rev_ce9b365_4e45443/rev_ce9b365-4e45443;/modules/lang-painless/src/main/java/org/elasticsearch/painless/node/EUnary;write(CompilerSettings,Definition,MethodWriter);
/home/ramdisk/experiment5/projects/elasticsearch/revisions/rev_ce9b365_4e45443/rev_ce9b365-4e45443;/modules/lang-painless/src/main/java/org/elasticsearch/painless/node/EComp;write(CompilerSettings,Definition,MethodWriter);
/home/ramdisk/experiment5/projects/elasticsearch/revisions/rev_ce9b365_4e45443/rev_ce9b365-4e45443;/modules/lang-painless/src/main/java/org/elasticsearch/painless/node/SExpression;analyze(CompilerSettings,Definition,Variables);
/home/ramdisk/experiment5/projects/elasticsearch/revisions/rev_ce9b365_4e45443/rev_ce9b365-4e45443;/modules/lang-painless/src/main/java/org/elasticsearch/painless/node/LNewObj;analyze(CompilerSettings,Definition,Variables);
/home/ramdisk/experiment5/projects/elasticsearch/revisions/rev_ce9b365_4e45443/rev_ce9b365-4e45443;/modules/lang-painless/src/main/java/org/elasticsearch/painless/node/SReturn;analyze(CompilerSettings,Definition,Variables);
/home/ramdisk/experiment5/projects/elasticsearch/revisions/rev_ce9b365_4e45443/rev_ce9b365-4e45443;/modules/lang-painless/src/main/java/org/elasticsearch/painless/node/EBinary;write(CompilerSettings,Definition,MethodWriter);
/home/ramdisk/experiment5/projects/elasticsearch/revisions/rev_ce9b365_4e45443/rev_ce9b365-4e45443;/modules/lang-painless/src/main/java/org/elasticsearch/painless/node/EConditional;analyze(CompilerSettings,Definition,Variables);
/home/ramdisk/experiment5/projects/elasticsearch/revisions/rev_ce9b365_4e45443/rev_ce9b365-4e45443;/modules/lang-painless/src/main/java/org/elasticsearch/painless/node/EExplicit;cast(CompilerSettings,Definition,Variables);
/home/ramdisk/experiment5/projects/elasticsearch/revisions/rev_6380560_d55f719/rev_6380560-d55f719;/plugins/repository-azure/src/test/java/org/elasticsearch/cloud/azure/AbstractAzureWithThirdPartyTestCase;readSettingsFromFile();protected Settings readSettingsFromFile() {
/home/ramdisk/experiment5/projects/elasticsearch/revisions/rev_23d7cdd_da74323/rev_23d7cdd-da74323;/modules/lang-painless/src/main/java/org/elasticsearch/painless/DefBootstrap;lookup(int,Class<?>,String,MethodType);
/home/ramdisk/experiment5/projects/elasticsearch/revisions/rev_edb0fd3_f98be6f/rev_edb0fd3-f98be6f;/modules/lang-painless/src/main/java/org/elasticsearch/painless/node/LDefCall;analyze(Variables);@Override    ALink analyze(Variables variables) {
/home/ramdisk/experiment5/projects/elasticsearch/revisions/rev_006829e_09305a0/rev_006829e-09305a0;/modules/lang-painless/src/main/java/org/elasticsearch/painless/DefBootstrap;bootstrap(Lookup,String,MethodType,int,Object);
/home/ramdisk/experiment5/projects/elasticsearch/revisions/rev_ef6e43e_1ad3d22/rev_ef6e43e-1ad3d22;/plugins/discovery-gce/src/test/java/org/elasticsearch/discovery/gce/GceDiscoveryTests;buildDynamicNodes(GceComputeService,Settings);
/home/ramdisk/experiment5/projects/elasticsearch/revisions/rev_865b951_0732004/rev_865b951-0732004;/modules/percolator/src/main/java/org/elasticsearch/percolator/RestMultiPercolateAction;handleRequest(RestRequest,RestChannel,Client);
/home/ramdisk/experiment5/projects/elasticsearch/revisions/rev_5cf7583_5907534/rev_5cf7583-5907534;/core/src/main/java/org/elasticsearch/action/support/single/shard/TransportSingleShardAction;perform(Throwable);private void perform(@Nullable final Throwable currentFailure) {
/home/ramdisk/experiment5/projects/elasticsearch/revisions/rev_14908f8_80bae21/rev_14908f8-80bae21;/core/src/main/java/org/elasticsearch/action/index/IndexRequestBuilder;setOpType(String);public IndexRequestBuilder setOpType(String opType) {
/home/ramdisk/experiment5/projects/elasticsearch/revisions/rev_d0df1ed_7a934bd/rev_d0df1ed-7a934bd;/core/src/test/java/org/elasticsearch/search/aggregations/metrics/percentiles/InternalPercentilesTestCase;randomPercents();
/home/ramdisk/experiment5/projects/elasticsearch/revisions/rev_e2b95f9_0e74f5d/rev_e2b95f9-0e74f5d;/core/src/test/java/org/elasticsearch/search/aggregations/metrics/percentiles/InternalPercentilesTestCase;randomPercents();
