revision;referencesToRenamedMethods
/home/ramdisk/experiment5/projects/elasticsearch/revisions/rev_0662940_c8839ee/rev_0662940-c8839ee;0
/home/ramdisk/experiment5/projects/elasticsearch/revisions/rev_7c046d2_a5ab49d/rev_7c046d2-a5ab49d;0
/home/ramdisk/experiment5/projects/elasticsearch/revisions/rev_e19d20b_fcc09f6/rev_e19d20b-fcc09f6;0
/home/ramdisk/experiment5/projects/elasticsearch/revisions/rev_6ac4d6d_4f8ea78/rev_6ac4d6d-4f8ea78;0
/home/ramdisk/experiment5/projects/elasticsearch/revisions/rev_3bb8ff2_528f648/rev_3bb8ff2-528f648;0
/home/ramdisk/experiment5/projects/elasticsearch/revisions/rev_0fd7ed4_77ac452/rev_0fd7ed4-77ac452;0
/home/ramdisk/experiment5/projects/elasticsearch/revisions/rev_ed094aa_a536bd5/rev_ed094aa-a536bd5;0
/home/ramdisk/experiment5/projects/elasticsearch/revisions/rev_b2e63bd_5a0c456/rev_b2e63bd-5a0c456;0
/home/ramdisk/experiment5/projects/elasticsearch/revisions/rev_5aaebb6_e97353e/rev_5aaebb6-e97353e;0
/home/ramdisk/experiment5/projects/elasticsearch/revisions/rev_6f002ff_37bdbe0/rev_6f002ff-37bdbe0;0
/home/ramdisk/experiment5/projects/elasticsearch/revisions/rev_bbbeb46_d23449e/rev_bbbeb46-d23449e;0
/home/ramdisk/experiment5/projects/elasticsearch/revisions/rev_b1f6d1a_39a20c3/rev_b1f6d1a-39a20c3;0
/home/ramdisk/experiment5/projects/elasticsearch/revisions/rev_dae9750_a138f62/rev_dae9750-a138f62;0
/home/ramdisk/experiment5/projects/elasticsearch/revisions/rev_83f8849_9b230db/rev_83f8849-9b230db;1
/home/ramdisk/experiment5/projects/elasticsearch/revisions/rev_b282ac6_8f2dc10/rev_b282ac6-8f2dc10;0
/home/ramdisk/experiment5/projects/elasticsearch/revisions/rev_71f84b3_49bef19/rev_71f84b3-49bef19;0
/home/ramdisk/experiment5/projects/elasticsearch/revisions/rev_11492b8_cdd1325/rev_11492b8-cdd1325;0
/home/ramdisk/experiment5/projects/elasticsearch/revisions/rev_88e3d6c_90f32d4/rev_88e3d6c-90f32d4;0
/home/ramdisk/experiment5/projects/elasticsearch/revisions/rev_ac92ad6_964a849/rev_ac92ad6-964a849;0
/home/ramdisk/experiment5/projects/elasticsearch/revisions/rev_8f6398a_abcf269/rev_8f6398a-abcf269;0
/home/ramdisk/experiment5/projects/elasticsearch/revisions/rev_8776463_219f481/rev_8776463-219f481;0
/home/ramdisk/experiment5/projects/elasticsearch/revisions/rev_99398ad_caca13c/rev_99398ad-caca13c;0
/home/ramdisk/experiment5/projects/elasticsearch/revisions/rev_a1be2d6_f8b9ede/rev_a1be2d6-f8b9ede;0
/home/ramdisk/experiment5/projects/elasticsearch/revisions/rev_8ac439f_4010e7e/rev_8ac439f-4010e7e;0
/home/ramdisk/experiment5/projects/elasticsearch/revisions/rev_260a929_34635a4/rev_260a929-34635a4;0
/home/ramdisk/experiment5/projects/elasticsearch/revisions/rev_3843ae4_501a199/rev_3843ae4-501a199;0
/home/ramdisk/experiment5/projects/elasticsearch/revisions/rev_59cb67c_cc12501/rev_59cb67c-cc12501;0
/home/ramdisk/experiment5/projects/elasticsearch/revisions/rev_084a610_db5e225/rev_084a610-db5e225;0
/home/ramdisk/experiment5/projects/elasticsearch/revisions/rev_95f3817_821021f/rev_95f3817-821021f;0
/home/ramdisk/experiment5/projects/elasticsearch/revisions/rev_52be313_8e4e980/rev_52be313-8e4e980;0
/home/ramdisk/experiment5/projects/elasticsearch/revisions/rev_107a4b1_da554fc/rev_107a4b1-da554fc;0
/home/ramdisk/experiment5/projects/elasticsearch/revisions/rev_ea83007_b98cd5f/rev_ea83007-b98cd5f;0
/home/ramdisk/experiment5/projects/elasticsearch/revisions/rev_083c774_f208aaa/rev_083c774-f208aaa;0
/home/ramdisk/experiment5/projects/elasticsearch/revisions/rev_678e1be_73d84e4/rev_678e1be-73d84e4;0
/home/ramdisk/experiment5/projects/elasticsearch/revisions/rev_8d2a2f8_c10f116/rev_8d2a2f8-c10f116;1
/home/ramdisk/experiment5/projects/elasticsearch/revisions/rev_d49a744_2c618a1/rev_d49a744-2c618a1;1
/home/ramdisk/experiment5/projects/elasticsearch/revisions/rev_adaa998_4095906/rev_adaa998-4095906;0
/home/ramdisk/experiment5/projects/elasticsearch/revisions/rev_8fb1aa9_d498006/rev_8fb1aa9-d498006;0
/home/ramdisk/experiment5/projects/elasticsearch/revisions/rev_197313c_c8d1f7a/rev_197313c-c8d1f7a;0
/home/ramdisk/experiment5/projects/elasticsearch/revisions/rev_05c0031_8c7c765/rev_05c0031-8c7c765;0
/home/ramdisk/experiment5/projects/elasticsearch/revisions/rev_672a54b_3ab3938/rev_672a54b-3ab3938;0
/home/ramdisk/experiment5/projects/elasticsearch/revisions/rev_a3a2432_7b431ec/rev_a3a2432-7b431ec;0
/home/ramdisk/experiment5/projects/elasticsearch/revisions/rev_6e81b0d_9ea4909/rev_6e81b0d-9ea4909;0
/home/ramdisk/experiment5/projects/elasticsearch/revisions/rev_1e5af7b_6a2fa73/rev_1e5af7b-6a2fa73;0
/home/ramdisk/experiment5/projects/elasticsearch/revisions/rev_4f44568_bc8745d/rev_4f44568-bc8745d;0
/home/ramdisk/experiment5/projects/elasticsearch/revisions/rev_5f4afe8_7e3ccf2/rev_5f4afe8-7e3ccf2;0
/home/ramdisk/experiment5/projects/elasticsearch/revisions/rev_2078d3f_77dbfbc/rev_2078d3f-77dbfbc;0
/home/ramdisk/experiment5/projects/elasticsearch/revisions/rev_91289b8_d5f8d8e/rev_91289b8-d5f8d8e;0
/home/ramdisk/experiment5/projects/elasticsearch/revisions/rev_645b053_2249a64/rev_645b053-2249a64;0
/home/ramdisk/experiment5/projects/elasticsearch/revisions/rev_e9e300c_5c88164/rev_e9e300c-5c88164;0
/home/ramdisk/experiment5/projects/elasticsearch/revisions/rev_859f9e6_ed7bc5b/rev_859f9e6-ed7bc5b;0
/home/ramdisk/experiment5/projects/elasticsearch/revisions/rev_e5a5067_77a1649/rev_e5a5067-77a1649;0
/home/ramdisk/experiment5/projects/elasticsearch/revisions/rev_ca6058e_b5aee20/rev_ca6058e-b5aee20;0
/home/ramdisk/experiment5/projects/elasticsearch/revisions/rev_4d0feff_b5aee20/rev_4d0feff-b5aee20;0
/home/ramdisk/experiment5/projects/elasticsearch/revisions/rev_ce9b365_4e45443/rev_ce9b365-4e45443;0
/home/ramdisk/experiment5/projects/elasticsearch/revisions/rev_6380560_d55f719/rev_6380560-d55f719;0
/home/ramdisk/experiment5/projects/elasticsearch/revisions/rev_23d7cdd_da74323/rev_23d7cdd-da74323;0
/home/ramdisk/experiment5/projects/elasticsearch/revisions/rev_edb0fd3_f98be6f/rev_edb0fd3-f98be6f;0
/home/ramdisk/experiment5/projects/elasticsearch/revisions/rev_006829e_09305a0/rev_006829e-09305a0;0
/home/ramdisk/experiment5/projects/elasticsearch/revisions/rev_ef6e43e_1ad3d22/rev_ef6e43e-1ad3d22;0
/home/ramdisk/experiment5/projects/elasticsearch/revisions/rev_865b951_0732004/rev_865b951-0732004;0
/home/ramdisk/experiment5/projects/elasticsearch/revisions/rev_5cf7583_5907534/rev_5cf7583-5907534;0
/home/ramdisk/experiment5/projects/elasticsearch/revisions/rev_14908f8_80bae21/rev_14908f8-80bae21;0
/home/ramdisk/experiment5/projects/elasticsearch/revisions/rev_d0df1ed_7a934bd/rev_d0df1ed-7a934bd;0
/home/ramdisk/experiment5/projects/elasticsearch/revisions/rev_e2b95f9_0e74f5d/rev_e2b95f9-0e74f5d;0
