revision;consecutiveLinesConflicts
/experiment_ambrose/projects/ambrose/revisions/rev_1164c79_5a90963/rev_1164c79-5a90963.revisions;0
/experiment_ambrose/projects/ambrose/revisions/rev_4f676d8_1819b83/rev_4f676d8-1819b83.revisions;0
/experiment_ambrose/projects/ambrose/revisions/rev_9d1cebf_610e675/rev_9d1cebf-610e675.revisions;0
/experiment_ambrose/projects/ambrose/revisions/rev_753fa96_f8c85f9/rev_753fa96-f8c85f9.revisions;0
/experiment_ambrose/projects/ambrose/revisions/rev_3ab5552_260c50b/rev_3ab5552-260c50b.revisions;0
/experiment_ambrose/projects/ambrose/revisions/rev_1a5263c_5b41cc4/rev_1a5263c-5b41cc4.revisions;0
/experiment_ambrose/projects/ambrose/revisions/rev_8000215_8ad1e53/rev_8000215-8ad1e53.revisions;1
/experiment_ambrose/projects/ambrose/revisions/rev_8d80446_77ab4a5/rev_8d80446-77ab4a5.revisions;0
/experiment_ambrose/projects/ambrose/revisions/rev_77ab4a5_acc77ff/rev_77ab4a5-acc77ff.revisions;0
/experiment_ambrose/projects/ambrose/revisions/rev_d6fe36f_54c515b/rev_d6fe36f-54c515b.revisions;0
/experiment_ambrose/projects/ambrose/revisions/rev_97d5a7a_838b3b3/rev_97d5a7a-838b3b3.revisions;0
/experiment_ambrose/projects/ambrose/revisions/rev_5e1f1dc_7c48e4d/rev_5e1f1dc-7c48e4d.revisions;0
/experiment_ambrose/projects/ambrose/revisions/rev_b11763f_08b16de/rev_b11763f-08b16de.revisions;0
/experiment_ambrose/projects/ambrose/revisions/rev_b41546c_5a15592/rev_b41546c-5a15592.revisions;0
/experiment_ambrose/projects/ambrose/revisions/rev_abe0afe_682cd4a/rev_abe0afe-682cd4a.revisions;0
/experiment_ambrose/projects/ambrose/revisions/rev_682cd4a_e7aeef5/rev_682cd4a-e7aeef5.revisions;0
/experiment_ambrose/projects/ambrose/revisions/rev_eb75a14_feda9e3/rev_eb75a14-feda9e3.revisions;0
/experiment_ambrose/projects/ambrose/revisions/rev_bc4b3b3_0ea0df1/rev_bc4b3b3-0ea0df1.revisions;0
/experiment_ambrose/projects/ambrose/revisions/rev_07f668f_0080e01/rev_07f668f-0080e01.revisions;0
/experiment_ambrose/projects/ambrose/revisions/rev_61757dd_3f395b3/rev_61757dd-3f395b3.revisions;0
/experiment_ambrose/projects/ambrose/revisions/rev_cfda73a_d84537b/rev_cfda73a-d84537b.revisions;0
/experiment_ambrose/projects/ambrose/revisions/rev_740524b_ceec555/rev_740524b-ceec555.revisions;0
/experiment_ambrose/projects/ambrose/revisions/rev_bf38043_92e1f0c/rev_bf38043-92e1f0c.revisions;0
/experiment_ambrose/projects/ambrose/revisions/rev_099b4df_a34b7c5/rev_099b4df-a34b7c5.revisions;0
/experiment_ambrose/projects/ambrose/revisions/rev_f45bf18_b216b89/rev_f45bf18-b216b89.revisions;0
/experiment_ambrose/projects/ambrose/revisions/rev_3a3914a_5470ab7/rev_3a3914a-5470ab7.revisions;0
/experiment_ambrose/projects/ambrose/revisions/rev_b30ecd6_10d58ae/rev_b30ecd6-10d58ae.revisions;0
/experiment_ambrose/projects/ambrose/revisions/rev_29b0227_43e1faf/rev_29b0227-43e1faf.revisions;0
/experiment_ambrose/projects/ambrose/revisions/rev_7ac6e9d_6a77d62/rev_7ac6e9d-6a77d62.revisions;0
/experiment_ambrose/projects/ambrose/revisions/rev_a480e98_22382ef/rev_a480e98-22382ef.revisions;0
/experiment_ambrose/projects/ambrose/revisions/rev_132fbf8_c2792cd/rev_132fbf8-c2792cd.revisions;0
/experiment_ambrose/projects/ambrose/revisions/rev_5e314bc_2a76a3c/rev_5e314bc-2a76a3c.revisions;0
/experiment_ambrose/projects/ambrose/revisions/rev_7406a8c_d98842c/rev_7406a8c-d98842c.revisions;0
/experiment_ambrose/projects/ambrose/revisions/rev_387a138_e61a427/rev_387a138-e61a427.revisions;0
/experiment_ambrose/projects/ambrose/revisions/rev_d0dd184_b5d1718/rev_d0dd184-b5d1718.revisions;0
/experiment_ambrose/projects/ambrose/revisions/rev_e7ff61b_99e2ee3/rev_e7ff61b-99e2ee3.revisions;0
/experiment_ambrose/projects/ambrose/revisions/rev_756b6e5_5522b5e/rev_756b6e5-5522b5e.revisions;0
/experiment_ambrose/projects/ambrose/revisions/rev_311fb3e_0974c60/rev_311fb3e-0974c60.revisions;0
/experiment_ambrose/projects/ambrose/revisions/rev_a459d2a_3ff9251/rev_a459d2a-3ff9251.revisions;0
/experiment_ambrose/projects/ambrose/revisions/rev_1188d39_b100bd5/rev_1188d39-b100bd5.revisions;0
/experiment_ambrose/projects/ambrose/revisions/rev_b100bd5_1188d39/rev_b100bd5-1188d39.revisions;0
/experiment_ambrose/projects/ambrose/revisions/rev_74d23a0_5374520/rev_74d23a0-5374520.revisions;0
/experiment_ambrose/projects/ambrose/revisions/rev_20c2a9c_5baf6ff/rev_20c2a9c-5baf6ff.revisions;0
/experiment_ambrose/projects/ambrose/revisions/rev_b02a2df_d4399de/rev_b02a2df-d4399de.revisions;0
/experiment_ambrose/projects/ambrose/revisions/rev_7d645db_7ac0c4c/rev_7d645db-7ac0c4c.revisions;0
/experiment_ambrose/projects/ambrose/revisions/rev_f72304d_c5dcf64/rev_f72304d-c5dcf64.revisions;0
/experiment_ambrose/projects/ambrose/revisions/rev_70dfa5e_23cc6da/rev_70dfa5e-23cc6da.revisions;0
/experiment_ambrose/projects/ambrose/revisions/rev_04f9fb4_4d8b7c2/rev_04f9fb4-4d8b7c2.revisions;0
/experiment_ambrose/projects/ambrose/revisions/rev_4548494_a0959e8/rev_4548494-a0959e8.revisions;0
/experiment_ambrose/projects/ambrose/revisions/rev_50b776b_afe3b35/rev_50b776b-afe3b35.revisions;0
/experiment_ambrose/projects/ambrose/revisions/rev_afe3b35_cfe1784/rev_afe3b35-cfe1784.revisions;0
/experiment_ambrose/projects/ambrose/revisions/rev_ed71014_c112ba6/rev_ed71014-c112ba6.revisions;0
/experiment_ambrose/projects/ambrose/revisions/rev_5de6de7_f98e351/rev_5de6de7-f98e351.revisions;0
/experiment_ambrose/projects/ambrose/revisions/rev_90065eb_bcea094/rev_90065eb-bcea094.revisions;0
/experiment_ambrose/projects/ambrose/revisions/rev_d08ba7d_598d803/rev_d08ba7d-598d803.revisions;0
/experiment_ambrose/projects/ambrose/revisions/rev_a493877_913d5f3/rev_a493877-913d5f3.revisions;0
/experiment_ambrose/projects/ambrose/revisions/rev_8781f23_456f759/rev_8781f23-456f759.revisions;0
/experiment_ambrose/projects/ambrose/revisions/rev_26f9b87_8a4ab54/rev_26f9b87-8a4ab54.revisions;0
/experiment_ambrose/projects/ambrose/revisions/rev_0b8cc9f_6cb8539/rev_0b8cc9f-6cb8539.revisions;0
/experiment_ambrose/projects/ambrose/revisions/rev_ee34c5e_888dc5c/rev_ee34c5e-888dc5c.revisions;0
/experiment_ambrose/projects/ambrose/revisions/rev_7aea407_c1297fc/rev_7aea407-c1297fc.revisions;0
/experiment_ambrose/projects/ambrose/revisions/rev_01f0331_a35dfeb/rev_01f0331-a35dfeb.revisions;0
/experiment_ambrose/projects/ambrose/revisions/rev_bdefedf_25fe1c1/rev_bdefedf-25fe1c1.revisions;0
/experiment_ambrose/projects/ambrose/revisions/rev_09d804e_1b61398/rev_09d804e-1b61398.revisions;0
/experiment_ambrose/projects/ambrose/revisions/rev_a7d895e_79893d4/rev_a7d895e-79893d4.revisions;0
/experiment_ambrose/projects/ambrose/revisions/rev_dfa3966_73eba00/rev_dfa3966-73eba00.revisions;0
/experiment_ambrose/projects/ambrose/revisions/rev_cd1ace5_76f8032/rev_cd1ace5-76f8032.revisions;0
/experiment_ambrose/projects/ambrose/revisions/rev_76f8032_b1c0c79/rev_76f8032-b1c0c79.revisions;0
/experiment_ambrose/projects/ambrose/revisions/rev_600b8d7_380c165/rev_600b8d7-380c165.revisions;0
/experiment_ambrose/projects/ambrose/revisions/rev_ed8346e_3daf0db/rev_ed8346e-3daf0db.revisions;0
/experiment_ambrose/projects/ambrose/revisions/rev_253506f_6c66825/rev_253506f-6c66825.revisions;0
/experiment_ambrose/projects/ambrose/revisions/rev_bb9ddbe_1c312e2/rev_bb9ddbe-1c312e2.revisions;0
/experiment_ambrose/projects/ambrose/revisions/rev_c8b6819_dce0d0d/rev_c8b6819-dce0d0d.revisions;0
/experiment_ambrose/projects/ambrose/revisions/rev_dce0d0d_7f98bea/rev_dce0d0d-7f98bea.revisions;0
/experiment_ambrose/projects/ambrose/revisions/rev_fb46a61_710d2f0/rev_fb46a61-710d2f0.revisions;0
/experiment_ambrose/projects/ambrose/revisions/rev_ffddb27_8d65f0b/rev_ffddb27-8d65f0b.revisions;0
/experiment_ambrose/projects/ambrose/revisions/rev_6a78085_255a9e4/rev_6a78085-255a9e4.revisions;0
/experiment_ambrose/projects/ambrose/revisions/rev_55da37e_0966842/rev_55da37e-0966842.revisions;0
/experiment_ambrose/projects/ambrose/revisions/rev_b22702b_cfc6c9f/rev_b22702b-cfc6c9f.revisions;0
/experiment_ambrose/projects/ambrose/revisions/rev_b6b4ae7_94b906a/rev_b6b4ae7-94b906a.revisions;0
/experiment_ambrose/projects/ambrose/revisions/rev_94b906a_777d955/rev_94b906a-777d955.revisions;0
/experiment_ambrose/projects/ambrose/revisions/rev_1622db4_d5fc1e8/rev_1622db4-d5fc1e8.revisions;0
/experiment_ambrose/projects/ambrose/revisions/rev_efb59db_e05d87d/rev_efb59db-e05d87d.revisions;0
/experiment_ambrose/projects/ambrose/revisions/rev_617da1c_3b11eb8/rev_617da1c-3b11eb8.revisions;0
/experiment_ambrose/projects/ambrose/revisions/rev_3b11eb8_fbfe83b/rev_3b11eb8-fbfe83b.revisions;0
/experiment_ambrose/projects/ambrose/revisions/rev_7b43c44_6ca629c/rev_7b43c44-6ca629c.revisions;0
/experiment_ambrose/projects/ambrose/revisions/rev_3b70560_2c092ea/rev_3b70560-2c092ea.revisions;0
/experiment_ambrose/projects/ambrose/revisions/rev_637e271_d24a9d3/rev_637e271-d24a9d3.revisions;0
/experiment_ambrose/projects/ambrose/revisions/rev_083f1c0_dccd18a/rev_083f1c0-dccd18a.revisions;0
/experiment_ambrose/projects/ambrose/revisions/rev_f4fbc75_6fd8391/rev_f4fbc75-6fd8391.revisions;0
/experiment_ambrose/projects/ambrose/revisions/rev_2d2e80b_4a884f3/rev_2d2e80b-4a884f3.revisions;0
/experiment_ambrose/projects/ambrose/revisions/rev_9a08d81_470b9b4/rev_9a08d81-470b9b4.revisions;0
/experiment_ambrose/projects/ambrose/revisions/rev_697a43e_2659f22/rev_697a43e-2659f22.revisions;0
/experiment_ambrose/projects/ambrose/revisions/rev_9ff6dc6_1b55568/rev_9ff6dc6-1b55568.revisions;0
/experiment_ambrose/projects/ambrose/revisions/rev_7a46298_9a2fd9b/rev_7a46298-9a2fd9b.revisions;0
/experiment_ambrose/projects/ambrose/revisions/rev_104bf38_e5f05a2/rev_104bf38-e5f05a2.revisions;0
/experiment_ambrose/projects/ambrose/revisions/rev_e5f05a2_162ddad/rev_e5f05a2-162ddad.revisions;0
/experiment_ambrose/projects/ambrose/revisions/rev_44c55ed_c3de199/rev_44c55ed-c3de199.revisions;0
/experiment_ambrose/projects/ambrose/revisions/rev_c2c0aa9_b75b007/rev_c2c0aa9-b75b007.revisions;0
/experiment_ambrose/projects/ambrose/revisions/rev_5e25354_af47898/rev_5e25354-af47898.revisions;0
/experiment_ambrose/projects/ambrose/revisions/rev_af47898_5e5381c/rev_af47898-5e5381c.revisions;0
/experiment_ambrose/projects/ambrose/revisions/rev_bd0c2c4_9fd5637/rev_bd0c2c4-9fd5637.revisions;0
/experiment_ambrose/projects/ambrose/revisions/rev_52aa541_b899d8a/rev_52aa541-b899d8a.revisions;0
/experiment_ambrose/projects/ambrose/revisions/rev_a24d689_a579881/rev_a24d689-a579881.revisions;0
/experiment_ambrose/projects/ambrose/revisions/rev_a40fefe_16d508c/rev_a40fefe-16d508c.revisions;0
/experiment_ambrose/projects/ambrose/revisions/rev_fe54bae_b4a9284/rev_fe54bae-b4a9284.revisions;0
/experiment_ambrose/projects/ambrose/revisions/rev_6cac6f4_ca8e748/rev_6cac6f4-ca8e748.revisions;0
/experiment_ambrose/projects/ambrose/revisions/rev_ee89498_bd8fc45/rev_ee89498-bd8fc45.revisions;0
/experiment_ambrose/projects/ambrose/revisions/rev_98413ba_23268d1/rev_98413ba-23268d1.revisions;0
/experiment_ambrose/projects/ambrose/revisions/rev_fbe9413_16d4fde/rev_fbe9413-16d4fde.revisions;0
/experiment_ambrose/projects/ambrose/revisions/rev_65b0af0_af1a089/rev_65b0af0-af1a089.revisions;0
/experiment_ambrose/projects/ambrose/revisions/rev_db24bc7_79d0f8d/rev_db24bc7-79d0f8d.revisions;0
/experiment_ambrose/projects/ambrose/revisions/rev_30bc735_7da417f/rev_30bc735-7da417f.revisions;0
/experiment_ambrose/projects/ambrose/revisions/rev_14a8e77_deae3a9/rev_14a8e77-deae3a9.revisions;0
/experiment_ambrose/projects/ambrose/revisions/rev_8e40cbb_f6cf4cd/rev_8e40cbb-f6cf4cd.revisions;0
/experiment_ambrose/projects/ambrose/revisions/rev_f6cf4cd_c55d84b/rev_f6cf4cd-c55d84b.revisions;0
/experiment_ambrose/projects/ambrose/revisions/rev_34a2662_f458f6f/rev_34a2662-f458f6f.revisions;0
/experiment_ambrose/projects/ambrose/revisions/rev_4a6372f_215e77c/rev_4a6372f-215e77c.revisions;0
/experiment_ambrose/projects/ambrose/revisions/rev_215e77c_a3afbae/rev_215e77c-a3afbae.revisions;0
/experiment_ambrose/projects/ambrose/revisions/rev_4434091_ad4db64/rev_4434091-ad4db64.revisions;0
/experiment_ambrose/projects/ambrose/revisions/rev_a515041_40af426/rev_a515041-40af426.revisions;0
/experiment_ambrose/projects/ambrose/revisions/rev_043ebad_d7f0fae/rev_043ebad-d7f0fae.revisions;0
/experiment_ambrose/projects/ambrose/revisions/rev_a515041_4c6afa2/rev_a515041-4c6afa2.revisions;0
/experiment_ambrose/projects/ambrose/revisions/rev_24fc935_6383000/rev_24fc935-6383000.revisions;0
/experiment_ambrose/projects/ambrose/revisions/rev_6383000_a89f120/rev_6383000-a89f120.revisions;0
/experiment_ambrose/projects/ambrose/revisions/rev_666332b_9b47563/rev_666332b-9b47563.revisions;0
/experiment_ambrose/projects/ambrose/revisions/rev_bea5715_62698c0/rev_bea5715-62698c0.revisions;0
/experiment_ambrose/projects/ambrose/revisions/rev_37933d8_9a70fae/rev_37933d8-9a70fae.revisions;0
/experiment_ambrose/projects/ambrose/revisions/rev_3ecf4ad_568485b/rev_3ecf4ad-568485b.revisions;0
/experiment_ambrose/projects/ambrose/revisions/rev_14a84e6_6009a79/rev_14a84e6-6009a79.revisions;0
/experiment_ambrose/projects/ambrose/revisions/rev_849073c_9df615e/rev_849073c-9df615e.revisions;0
/experiment_ambrose/projects/ambrose/revisions/rev_b98ea6a_3363a86/rev_b98ea6a-3363a86.revisions;0
/experiment_ambrose/projects/ambrose/revisions/rev_80e525d_ee74861/rev_80e525d-ee74861.revisions;0
/experiment_ambrose/projects/ambrose/revisions/rev_849073c_b86c18e/rev_849073c-b86c18e.revisions;0
/experiment_ambrose/projects/ambrose/revisions/rev_3d41ea0_7c29038/rev_3d41ea0-7c29038.revisions;0
/experiment_ambrose/projects/ambrose/revisions/rev_24a5136_cd006bd/rev_24a5136-cd006bd.revisions;0
