revision;possibleRenamings;renamingsDueToIdentation
/home/ramdisk/experiment1/projects/jackson-databind/revisions/rev_cbfafc6_bc4153e/rev_cbfafc6-bc4153e.revisions;0;0
/home/ramdisk/experiment1/projects/jackson-databind/revisions/rev_b2a9ca7_cbbfbd3/rev_b2a9ca7-cbbfbd3.revisions;0;0
/home/ramdisk/experiment1/projects/jackson-databind/revisions/rev_2337bfa_f0929ac/rev_2337bfa-f0929ac.revisions;0;0
/home/ramdisk/experiment1/projects/jackson-databind/revisions/rev_c9215cd_c24e1ba/rev_c9215cd-c24e1ba.revisions;0;0
/home/ramdisk/experiment1/projects/jackson-databind/revisions/rev_6d4aa6c_3a9a637/rev_6d4aa6c-3a9a637.revisions;0;0
/home/ramdisk/experiment1/projects/jackson-databind/revisions/rev_137aa17_5b27e8a/rev_137aa17-5b27e8a.revisions;0;0
/home/ramdisk/experiment1/projects/jackson-databind/revisions/rev_db42b33_9412b74/rev_db42b33-9412b74.revisions;0;0
/home/ramdisk/experiment1/projects/jackson-databind/revisions/rev_737ad05_936b6df/rev_737ad05-936b6df.revisions;0;0
/home/ramdisk/experiment1/projects/jackson-databind/revisions/rev_7c71bad_f86f4a4/rev_7c71bad-f86f4a4.revisions;0;0
/home/ramdisk/experiment1/projects/jackson-databind/revisions/rev_6a4ce69_1755442/rev_6a4ce69-1755442.revisions;0;0
/home/ramdisk/experiment1/projects/jackson-databind/revisions/rev_ce7398c_2b1e3e2/rev_ce7398c-2b1e3e2.revisions;0;0
/home/ramdisk/experiment1/projects/jackson-databind/revisions/rev_fcb529e_dc65cc0/rev_fcb529e-dc65cc0.revisions;0;0
/home/ramdisk/experiment1/projects/jackson-databind/revisions/rev_2b4086a_3e43d92/rev_2b4086a-3e43d92.revisions;0;0
/home/ramdisk/experiment1/projects/jackson-databind/revisions/rev_f0650ba_13c8421/rev_f0650ba-13c8421.revisions;0;0
/home/ramdisk/experiment1/projects/jackson-databind/revisions/rev_64ab31b_c65b888/rev_64ab31b-c65b888.revisions;0;0
/home/ramdisk/experiment1/projects/jackson-databind/revisions/rev_cab48ae_e689bd8/rev_cab48ae-e689bd8.revisions;0;0
/home/ramdisk/experiment1/projects/jackson-databind/revisions/rev_4631496_d133130/rev_4631496-d133130.revisions;0;0
/home/ramdisk/experiment1/projects/jackson-databind/revisions/rev_f46d555_e134bf0/rev_f46d555-e134bf0.revisions;3;0
/home/ramdisk/experiment1/projects/jackson-databind/revisions/rev_8fb3c43_8d2cdd7/rev_8fb3c43-8d2cdd7.revisions;0;0
/home/ramdisk/experiment1/projects/jackson-databind/revisions/rev_8d2cdd7_2a4f66b/rev_8d2cdd7-2a4f66b.revisions;0;0
/home/ramdisk/experiment1/projects/jackson-databind/revisions/rev_ae567e9_1e4bf4e/rev_ae567e9-1e4bf4e.revisions;0;0
/home/ramdisk/experiment1/projects/jackson-databind/revisions/rev_1e4bf4e_a2ab337/rev_1e4bf4e-a2ab337.revisions;0;0
/home/ramdisk/experiment1/projects/jackson-databind/revisions/rev_a5504ae_a2c12df/rev_a5504ae-a2c12df.revisions;0;0
/home/ramdisk/experiment1/projects/jackson-databind/revisions/rev_ee3c526_cf3fc53/rev_ee3c526-cf3fc53.revisions;0;0
/home/ramdisk/experiment1/projects/jackson-databind/revisions/rev_7fc6b41_dd0e3e4/rev_7fc6b41-dd0e3e4.revisions;0;0
/home/ramdisk/experiment1/projects/jackson-databind/revisions/rev_6233a98_d163f5e/rev_6233a98-d163f5e.revisions;0;0
/home/ramdisk/experiment1/projects/jackson-databind/revisions/rev_c89f074_451776a/rev_c89f074-451776a.revisions;0;0
/home/ramdisk/experiment1/projects/jackson-databind/revisions/rev_e2bb0ee_9eaebbd/rev_e2bb0ee-9eaebbd.revisions;0;0
/home/ramdisk/experiment1/projects/jackson-databind/revisions/rev_4526796_a74ef59/rev_4526796-a74ef59.revisions;0;0
/home/ramdisk/experiment1/projects/jackson-databind/revisions/rev_91c7b74_655cf2a/rev_91c7b74-655cf2a.revisions;0;0
/home/ramdisk/experiment1/projects/jackson-databind/revisions/rev_2aa6dc8_3a11319/rev_2aa6dc8-3a11319.revisions;0;0
/home/ramdisk/experiment1/projects/jackson-databind/revisions/rev_b03dd99_e70c66f/rev_b03dd99-e70c66f.revisions;0;0
/home/ramdisk/experiment1/projects/jackson-databind/revisions/rev_0dc8dec_e6a5089/rev_0dc8dec-e6a5089.revisions;0;0
/home/ramdisk/experiment1/projects/jackson-databind/revisions/rev_794754a_ed177e9/rev_794754a-ed177e9.revisions;0;0
/home/ramdisk/experiment1/projects/jackson-databind/revisions/rev_5bd1809_414ba9b/rev_5bd1809-414ba9b.revisions;0;0
/home/ramdisk/experiment1/projects/jackson-databind/revisions/rev_cbd97f9_4dfbb4f/rev_cbd97f9-4dfbb4f.revisions;0;0
/home/ramdisk/experiment1/projects/jackson-databind/revisions/rev_4c50f1b_f88c50a/rev_4c50f1b-f88c50a.revisions;0;0
/home/ramdisk/experiment1/projects/jackson-databind/revisions/rev_6130061_8f9a652/rev_6130061-8f9a652.revisions;0;0
/home/ramdisk/experiment1/projects/jackson-databind/revisions/rev_8075bfa_29e7cbf/rev_8075bfa-29e7cbf.revisions;0;0
/home/ramdisk/experiment1/projects/jackson-databind/revisions/rev_a6dc9fb_06a23ce/rev_a6dc9fb-06a23ce.revisions;0;0
/home/ramdisk/experiment1/projects/jackson-databind/revisions/rev_70c2de9_152c17d/rev_70c2de9-152c17d.revisions;0;0
/home/ramdisk/experiment1/projects/jackson-databind/revisions/rev_0e11411_35fa901/rev_0e11411-35fa901.revisions;0;0
/home/ramdisk/experiment1/projects/jackson-databind/revisions/rev_231be53_bc23129/rev_231be53-bc23129.revisions;0;0
/home/ramdisk/experiment1/projects/jackson-databind/revisions/rev_cb7759e_b344e45/rev_cb7759e-b344e45.revisions;0;0
/home/ramdisk/experiment1/projects/jackson-databind/revisions/rev_5b772b1_78f980a/rev_5b772b1-78f980a.revisions;0;0
/home/ramdisk/experiment1/projects/jackson-databind/revisions/rev_db923d7_800bd7a/rev_db923d7-800bd7a.revisions;0;0
/home/ramdisk/experiment1/projects/jackson-databind/revisions/rev_9b2ee38_a1241f0/rev_9b2ee38-a1241f0.revisions;0;0
/home/ramdisk/experiment1/projects/jackson-databind/revisions/rev_93ecc24_e5eb2ac/rev_93ecc24-e5eb2ac.revisions;0;0
/home/ramdisk/experiment1/projects/jackson-databind/revisions/rev_4c8ee2e_3b0abb2/rev_4c8ee2e-3b0abb2.revisions;0;0
/home/ramdisk/experiment1/projects/jackson-databind/revisions/rev_06be0c0_223be7d/rev_06be0c0-223be7d.revisions;0;0
/home/ramdisk/experiment1/projects/jackson-databind/revisions/rev_bdcea5d_80d0434/rev_bdcea5d-80d0434.revisions;0;0
/home/ramdisk/experiment1/projects/jackson-databind/revisions/rev_951700f_51d357e/rev_951700f-51d357e.revisions;0;0
/home/ramdisk/experiment1/projects/jackson-databind/revisions/rev_c968cc5_8a8322b/rev_c968cc5-8a8322b.revisions;0;0
/home/ramdisk/experiment1/projects/jackson-databind/revisions/rev_981f3e1_1fe9163/rev_981f3e1-1fe9163.revisions;0;0
/home/ramdisk/experiment1/projects/jackson-databind/revisions/rev_d13b5ff_b83b46c/rev_d13b5ff-b83b46c.revisions;0;0
/home/ramdisk/experiment1/projects/jackson-databind/revisions/rev_f1700cc_dcc5439/rev_f1700cc-dcc5439.revisions;0;0
/home/ramdisk/experiment1/projects/jackson-databind/revisions/rev_4f62fed_4c0ef09/rev_4f62fed-4c0ef09.revisions;0;0
/home/ramdisk/experiment1/projects/jackson-databind/revisions/rev_f6ce07d_bfec720/rev_f6ce07d-bfec720.revisions;0;0
/home/ramdisk/experiment1/projects/jackson-databind/revisions/rev_aee4ed2_469b272/rev_aee4ed2-469b272.revisions;0;0
/home/ramdisk/experiment1/projects/jackson-databind/revisions/rev_08529d5_815dbec/rev_08529d5-815dbec.revisions;0;0
/home/ramdisk/experiment1/projects/jackson-databind/revisions/rev_d9b4117_8338867/rev_d9b4117-8338867.revisions;0;0
/home/ramdisk/experiment1/projects/jackson-databind/revisions/rev_de7e924_83dc2d1/rev_de7e924-83dc2d1.revisions;0;0
/home/ramdisk/experiment1/projects/jackson-databind/revisions/rev_8640b59_82fc90d/rev_8640b59-82fc90d.revisions;0;0
/home/ramdisk/experiment1/projects/jackson-databind/revisions/rev_f93ee97_fb53adc/rev_f93ee97-fb53adc.revisions;0;0
/home/ramdisk/experiment1/projects/jackson-databind/revisions/rev_232da2c_4140deb/rev_232da2c-4140deb.revisions;0;0
/home/ramdisk/experiment1/projects/jackson-databind/revisions/rev_841d581_5044e7d/rev_841d581-5044e7d.revisions;0;0
/home/ramdisk/experiment1/projects/jackson-databind/revisions/rev_d74554d_908a8d5/rev_d74554d-908a8d5.revisions;0;0
/home/ramdisk/experiment1/projects/jackson-databind/revisions/rev_8353c73_6939434/rev_8353c73-6939434.revisions;0;0
/home/ramdisk/experiment1/projects/jackson-databind/revisions/rev_43307b4_970b895/rev_43307b4-970b895.revisions;0;0
/home/ramdisk/experiment1/projects/jackson-databind/revisions/rev_9adb08e_0373778/rev_9adb08e-0373778.revisions;0;0
/home/ramdisk/experiment1/projects/jackson-databind/revisions/rev_ab7a02c_1f9e8f5/rev_ab7a02c-1f9e8f5.revisions;0;0
/home/ramdisk/experiment1/projects/jackson-databind/revisions/rev_b69f97f_c1661b6/rev_b69f97f-c1661b6.revisions;0;0
/home/ramdisk/experiment1/projects/jackson-databind/revisions/rev_29552ca_c698ae9/rev_29552ca-c698ae9.revisions;0;0
/home/ramdisk/experiment1/projects/jackson-databind/revisions/rev_d2ec7c3_47aa3dd/rev_d2ec7c3-47aa3dd.revisions;0;0
/home/ramdisk/experiment1/projects/jackson-databind/revisions/rev_ac40599_eb68099/rev_ac40599-eb68099.revisions;0;0
/home/ramdisk/experiment1/projects/jackson-databind/revisions/rev_8242cd9_020ec62/rev_8242cd9-020ec62.revisions;0;0
/home/ramdisk/experiment1/projects/jackson-databind/revisions/rev_de173f3_a9f447a/rev_de173f3-a9f447a.revisions;0;0
/home/ramdisk/experiment1/projects/jackson-databind/revisions/rev_3296684_8b1d92e/rev_3296684-8b1d92e.revisions;0;0
/home/ramdisk/experiment1/projects/jackson-databind/revisions/rev_eb509fd_8d3ff9d/rev_eb509fd-8d3ff9d.revisions;0;0
/home/ramdisk/experiment1/projects/jackson-databind/revisions/rev_467693e_38912fd/rev_467693e-38912fd.revisions;0;0
/home/ramdisk/experiment1/projects/jackson-databind/revisions/rev_f6315d8_980eb0f/rev_f6315d8-980eb0f.revisions;0;0
/home/ramdisk/experiment1/projects/jackson-databind/revisions/rev_23e6a93_85d1f49/rev_23e6a93-85d1f49.revisions;0;0
/home/ramdisk/experiment1/projects/jackson-databind/revisions/rev_ccd59e2_8e31a1b/rev_ccd59e2-8e31a1b.revisions;0;0
/home/ramdisk/experiment1/projects/jackson-databind/revisions/rev_670aad6_5974d54/rev_670aad6-5974d54.revisions;0;0
/home/ramdisk/experiment1/projects/jackson-databind/revisions/rev_224a91a_4306688/rev_224a91a-4306688.revisions;0;0
/home/ramdisk/experiment1/projects/jackson-databind/revisions/rev_661d211_9fb18f4/rev_661d211-9fb18f4.revisions;0;0
/home/ramdisk/experiment1/projects/jackson-databind/revisions/rev_ee67dee_3e3a30e/rev_ee67dee-3e3a30e.revisions;0;0
/home/ramdisk/experiment1/projects/jackson-databind/revisions/rev_ad0b7ed_1632752/rev_ad0b7ed-1632752.revisions;0;0
/home/ramdisk/experiment1/projects/jackson-databind/revisions/rev_29fab70_e07ebab/rev_29fab70-e07ebab.revisions;0;0
/home/ramdisk/experiment1/projects/jackson-databind/revisions/rev_ddb9e39_cb2f4a8/rev_ddb9e39-cb2f4a8.revisions;0;0
/home/ramdisk/experiment1/projects/jackson-databind/revisions/rev_1b63bab_614a72e/rev_1b63bab-614a72e.revisions;0;0
/home/ramdisk/experiment1/projects/jackson-databind/revisions/rev_dce9e1b_26f8fa2/rev_dce9e1b-26f8fa2.revisions;0;0
/home/ramdisk/experiment1/projects/jackson-databind/revisions/rev_f1622dc_0c8c763/rev_f1622dc-0c8c763.revisions;0;0
/home/ramdisk/experiment1/projects/jackson-databind/revisions/rev_4f3c165_0ffbca8/rev_4f3c165-0ffbca8.revisions;0;0
/home/ramdisk/experiment1/projects/jackson-databind/revisions/rev_df4f7f2_b4c1f77/rev_df4f7f2-b4c1f77.revisions;0;0
/home/ramdisk/experiment1/projects/jackson-databind/revisions/rev_2d05246_f6c1824/rev_2d05246-f6c1824.revisions;0;0
/home/ramdisk/experiment1/projects/jackson-databind/revisions/rev_e5f9cf9_d1a15ad/rev_e5f9cf9-d1a15ad.revisions;0;0
/home/ramdisk/experiment1/projects/jackson-databind/revisions/rev_4fa5106_c0d5eb4/rev_4fa5106-c0d5eb4.revisions;0;0
/home/ramdisk/experiment1/projects/jackson-databind/revisions/rev_60072ee_ad2e68c/rev_60072ee-ad2e68c.revisions;0;0
/home/ramdisk/experiment1/projects/jackson-databind/revisions/rev_ad9a43f_f190cb5/rev_ad9a43f-f190cb5.revisions;0;0
/home/ramdisk/experiment1/projects/jackson-databind/revisions/rev_f7ef407_8221fe1/rev_f7ef407-8221fe1.revisions;0;0
/home/ramdisk/experiment1/projects/jackson-databind/revisions/rev_80e1b7e_00cb595/rev_80e1b7e-00cb595.revisions;0;0
/home/ramdisk/experiment1/projects/jackson-databind/revisions/rev_52313b8_37c8d4e/rev_52313b8-37c8d4e.revisions;0;0
/home/ramdisk/experiment1/projects/jackson-databind/revisions/rev_87dc318_6839a5d/rev_87dc318-6839a5d.revisions;0;0
/home/ramdisk/experiment1/projects/jackson-databind/revisions/rev_991d17f_5c02410/rev_991d17f-5c02410.revisions;0;0
/home/ramdisk/experiment1/projects/jackson-databind/revisions/rev_77d24c7_06cc19b/rev_77d24c7-06cc19b.revisions;0;0
/home/ramdisk/experiment1/projects/jackson-databind/revisions/rev_bc188e3_bfbeaab/rev_bc188e3-bfbeaab.revisions;0;0
/home/ramdisk/experiment1/projects/jackson-databind/revisions/rev_cda5faf_02dd668/rev_cda5faf-02dd668.revisions;0;0
/home/ramdisk/experiment1/projects/jackson-databind/revisions/rev_ea2d74f_0cdf42f/rev_ea2d74f-0cdf42f.revisions;0;0
/home/ramdisk/experiment1/projects/jackson-databind/revisions/rev_43603cc_5abbb53/rev_43603cc-5abbb53.revisions;0;0
/home/ramdisk/experiment1/projects/jackson-databind/revisions/rev_7d0445b_184cae3/rev_7d0445b-184cae3.revisions;0;0
/home/ramdisk/experiment1/projects/jackson-databind/revisions/rev_72ce52f_e602790/rev_72ce52f-e602790.revisions;0;0
/home/ramdisk/experiment1/projects/jackson-databind/revisions/rev_cf31515_9a3bf6c/rev_cf31515-9a3bf6c.revisions;0;0
/home/ramdisk/experiment1/projects/jackson-databind/revisions/rev_2ba4b7f_c4a1444/rev_2ba4b7f-c4a1444.revisions;0;0
/home/ramdisk/experiment1/projects/jackson-databind/revisions/rev_2fff97b_81017b9/rev_2fff97b-81017b9.revisions;0;0
/home/ramdisk/experiment1/projects/jackson-databind/revisions/rev_8d6fa48_354f300/rev_8d6fa48-354f300.revisions;0;0
/home/ramdisk/experiment1/projects/jackson-databind/revisions/rev_3104667_6b89162/rev_3104667-6b89162.revisions;0;0
/home/ramdisk/experiment1/projects/jackson-databind/revisions/rev_a00cdd8_06d4407/rev_a00cdd8-06d4407.revisions;0;0
/home/ramdisk/experiment1/projects/jackson-databind/revisions/rev_aec6276_1b8244e/rev_aec6276-1b8244e.revisions;0;0
/home/ramdisk/experiment1/projects/jackson-databind/revisions/rev_cf65efd_18e2150/rev_cf65efd-18e2150.revisions;0;0
/home/ramdisk/experiment1/projects/jackson-databind/revisions/rev_09bf87d_a8000c3/rev_09bf87d-a8000c3.revisions;0;0
/home/ramdisk/experiment1/projects/jackson-databind/revisions/rev_953eab2_97d03f6/rev_953eab2-97d03f6.revisions;0;0
/home/ramdisk/experiment1/projects/jackson-databind/revisions/rev_49dd11a_6c737eb/rev_49dd11a-6c737eb.revisions;0;0
/home/ramdisk/experiment1/projects/jackson-databind/revisions/rev_9c8022e_0d3a326/rev_9c8022e-0d3a326.revisions;0;0
/home/ramdisk/experiment1/projects/jackson-databind/revisions/rev_0bdf6a2_30bb911/rev_0bdf6a2-30bb911.revisions;0;0
/home/ramdisk/experiment1/projects/jackson-databind/revisions/rev_ae0d29e_40f1c93/rev_ae0d29e-40f1c93.revisions;0;0
/home/ramdisk/experiment1/projects/jackson-databind/revisions/rev_d933656_50a8c41/rev_d933656-50a8c41.revisions;0;0
/home/ramdisk/experiment1/projects/jackson-databind/revisions/rev_4bc7a73_de29605/rev_4bc7a73-de29605.revisions;0;0
/home/ramdisk/experiment1/projects/jackson-databind/revisions/rev_f317a0f_779a259/rev_f317a0f-779a259.revisions;0;0
/home/ramdisk/experiment1/projects/jackson-databind/revisions/rev_1be3747_c6c8859/rev_1be3747-c6c8859.revisions;0;0
/home/ramdisk/experiment1/projects/jackson-databind/revisions/rev_eefb690_1e61056/rev_eefb690-1e61056.revisions;0;0
/home/ramdisk/experiment1/projects/jackson-databind/revisions/rev_5fac3e4_b219954/rev_5fac3e4-b219954.revisions;0;0
/home/ramdisk/experiment1/projects/jackson-databind/revisions/rev_4309a8b_a818bf5/rev_4309a8b-a818bf5.revisions;0;0
/home/ramdisk/experiment1/projects/jackson-databind/revisions/rev_62425ef_fd0f1fe/rev_62425ef-fd0f1fe.revisions;0;0
/home/ramdisk/experiment1/projects/jackson-databind/revisions/rev_e88a87c_e5422d2/rev_e88a87c-e5422d2.revisions;0;0
/home/ramdisk/experiment1/projects/jackson-databind/revisions/rev_d1f58c6_21df384/rev_d1f58c6-21df384.revisions;0;0
/home/ramdisk/experiment1/projects/jackson-databind/revisions/rev_2dde645_52dc7c0/rev_2dde645-52dc7c0.revisions;0;0
/home/ramdisk/experiment1/projects/jackson-databind/revisions/rev_9c2dc36_25bec06/rev_9c2dc36-25bec06.revisions;0;0
/home/ramdisk/experiment1/projects/jackson-databind/revisions/rev_6cf6585_4865f14/rev_6cf6585-4865f14.revisions;0;0
/home/ramdisk/experiment1/projects/jackson-databind/revisions/rev_4e935cb_295d9e4/rev_4e935cb-295d9e4.revisions;0;0
/home/ramdisk/experiment1/projects/jackson-databind/revisions/rev_10ba2d4_c598bf0/rev_10ba2d4-c598bf0.revisions;0;0
/home/ramdisk/experiment1/projects/jackson-databind/revisions/rev_6a70b50_2735000/rev_6a70b50-2735000.revisions;0;0
/home/ramdisk/experiment1/projects/jackson-databind/revisions/rev_e217f43_6fc1974/rev_e217f43-6fc1974.revisions;0;0
/home/ramdisk/experiment1/projects/jackson-databind/revisions/rev_2bfcd73_0f5816d/rev_2bfcd73-0f5816d.revisions;0;0
/home/ramdisk/experiment1/projects/jackson-databind/revisions/rev_d9c92cd_11c4512/rev_d9c92cd-11c4512.revisions;0;0
/home/ramdisk/experiment1/projects/jackson-databind/revisions/rev_3261453_d9c92cd/rev_3261453-d9c92cd.revisions;0;0
/home/ramdisk/experiment1/projects/jackson-databind/revisions/rev_b11eafa_46249bd/rev_b11eafa-46249bd.revisions;0;0
/home/ramdisk/experiment1/projects/jackson-databind/revisions/rev_17ab26b_c271fbc/rev_17ab26b-c271fbc.revisions;0;0
/home/ramdisk/experiment1/projects/jackson-databind/revisions/rev_abbcd0a_bfbb661/rev_abbcd0a-bfbb661.revisions;0;0
/home/ramdisk/experiment1/projects/jackson-databind/revisions/rev_079690a_c28f74c/rev_079690a-c28f74c.revisions;0;0
/home/ramdisk/experiment1/projects/jackson-databind/revisions/rev_ef5c5d3_ac2b202/rev_ef5c5d3-ac2b202.revisions;0;0
/home/ramdisk/experiment1/projects/jackson-databind/revisions/rev_d8be8ad_0ac3e86/rev_d8be8ad-0ac3e86.revisions;0;0
/home/ramdisk/experiment1/projects/jackson-databind/revisions/rev_76731bc_7c4b2fc/rev_76731bc-7c4b2fc.revisions;0;0
/home/ramdisk/experiment1/projects/jackson-databind/revisions/rev_4eebc59_2fd20c5/rev_4eebc59-2fd20c5.revisions;0;0
/home/ramdisk/experiment1/projects/jackson-databind/revisions/rev_8422f13_7471116/rev_8422f13-7471116.revisions;0;0
/home/ramdisk/experiment1/projects/jackson-databind/revisions/rev_f76a76e_bcccd3e/rev_f76a76e-bcccd3e.revisions;0;0
/home/ramdisk/experiment1/projects/jackson-databind/revisions/rev_f6850c3_23328aa/rev_f6850c3-23328aa.revisions;0;0
/home/ramdisk/experiment1/projects/jackson-databind/revisions/rev_655d2a1_edf8674/rev_655d2a1-edf8674.revisions;0;0
/home/ramdisk/experiment1/projects/jackson-databind/revisions/rev_0707a37_690af4e/rev_0707a37-690af4e.revisions;0;0
/home/ramdisk/experiment1/projects/jackson-databind/revisions/rev_162123c_3cd2e35/rev_162123c-3cd2e35.revisions;0;0
/home/ramdisk/experiment1/projects/jackson-databind/revisions/rev_573216b_b3f6f6c/rev_573216b-b3f6f6c.revisions;0;0
/home/ramdisk/experiment1/projects/jackson-databind/revisions/rev_4c0dee3_7cf95f1/rev_4c0dee3-7cf95f1.revisions;0;0
/home/ramdisk/experiment1/projects/jackson-databind/revisions/rev_5614ec2_95267b0/rev_5614ec2-95267b0.revisions;0;0
/home/ramdisk/experiment1/projects/jackson-databind/revisions/rev_ab3e1b7_6b201f9/rev_ab3e1b7-6b201f9.revisions;0;0
/home/ramdisk/experiment1/projects/jackson-databind/revisions/rev_785c456_fd4eb1b/rev_785c456-fd4eb1b.revisions;0;0
/home/ramdisk/experiment1/projects/jackson-databind/revisions/rev_2657ff3_afa7122/rev_2657ff3-afa7122.revisions;0;0
/home/ramdisk/experiment1/projects/jackson-databind/revisions/rev_2a2ae59_d7a94ed/rev_2a2ae59-d7a94ed.revisions;0;0
/home/ramdisk/experiment1/projects/jackson-databind/revisions/rev_e580e92_f062a14/rev_e580e92-f062a14.revisions;0;0
/home/ramdisk/experiment1/projects/jackson-databind/revisions/rev_e580e92_300004b/rev_e580e92-300004b.revisions;0;0
/home/ramdisk/experiment1/projects/jackson-databind/revisions/rev_1842f60_f16c95a/rev_1842f60-f16c95a.revisions;0;0
/home/ramdisk/experiment1/projects/jackson-databind/revisions/rev_cdb3257_d672b18/rev_cdb3257-d672b18.revisions;0;0
/home/ramdisk/experiment1/projects/jackson-databind/revisions/rev_6870021_ae3f7b3/rev_6870021-ae3f7b3.revisions;0;0
/home/ramdisk/experiment1/projects/jackson-databind/revisions/rev_cde54a0_ce8be4c/rev_cde54a0-ce8be4c.revisions;0;0
/home/ramdisk/experiment1/projects/jackson-databind/revisions/rev_2b642b1_62c0872/rev_2b642b1-62c0872.revisions;0;0
/home/ramdisk/experiment1/projects/jackson-databind/revisions/rev_45bfcaa_6822f33/rev_45bfcaa-6822f33.revisions;0;0
/home/ramdisk/experiment1/projects/jackson-databind/revisions/rev_3aea6f5_dc115e0/rev_3aea6f5-dc115e0.revisions;0;0
/home/ramdisk/experiment1/projects/jackson-databind/revisions/rev_3718b48_35ec0dd/rev_3718b48-35ec0dd.revisions;0;0
/home/ramdisk/experiment1/projects/jackson-databind/revisions/rev_64319ad_87e4661/rev_64319ad-87e4661.revisions;1;0
/home/ramdisk/experiment1/projects/jackson-databind/revisions/rev_5dca503_04db8f7/rev_5dca503-04db8f7.revisions;0;0
/home/ramdisk/experiment1/projects/jackson-databind/revisions/rev_603991b_7d4201c/rev_603991b-7d4201c.revisions;0;0
/home/ramdisk/experiment1/projects/jackson-databind/revisions/rev_c7bbbe6_b07c152/rev_c7bbbe6-b07c152.revisions;0;0
/home/ramdisk/experiment1/projects/jackson-databind/revisions/rev_ed66aeb_cb57727/rev_ed66aeb-cb57727.revisions;0;0
/home/ramdisk/experiment1/projects/jackson-databind/revisions/rev_ede7d3e_531fac6/rev_ede7d3e-531fac6.revisions;0;0
/home/ramdisk/experiment1/projects/jackson-databind/revisions/rev_f9c0b2f_f4cde11/rev_f9c0b2f-f4cde11.revisions;0;0
/home/ramdisk/experiment1/projects/jackson-databind/revisions/rev_7af425f_7b90af4/rev_7af425f-7b90af4.revisions;0;0
/home/ramdisk/experiment1/projects/jackson-databind/revisions/rev_df9b129_edad12f/rev_df9b129-edad12f.revisions;0;0
/home/ramdisk/experiment1/projects/jackson-databind/revisions/rev_ab554d5_551f897/rev_ab554d5-551f897.revisions;0;0
/home/ramdisk/experiment1/projects/jackson-databind/revisions/rev_333f5ac_54c9097/rev_333f5ac-54c9097.revisions;0;0
/home/ramdisk/experiment1/projects/jackson-databind/revisions/rev_966dd97_7ec59e4/rev_966dd97-7ec59e4.revisions;0;0
/home/ramdisk/experiment1/projects/jackson-databind/revisions/rev_c5b808b_5a3c89e/rev_c5b808b-5a3c89e.revisions;0;0
/home/ramdisk/experiment1/projects/jackson-databind/revisions/rev_560bd80_ac041f2/rev_560bd80-ac041f2.revisions;0;0
/home/ramdisk/experiment1/projects/jackson-databind/revisions/rev_9236000_d180bed/rev_9236000-d180bed.revisions;0;0
/home/ramdisk/experiment1/projects/jackson-databind/revisions/rev_8c36f1c_7fced7e/rev_8c36f1c-7fced7e.revisions;0;0
/home/ramdisk/experiment1/projects/jackson-databind/revisions/rev_8c36f1c_74c8f97/rev_8c36f1c-74c8f97.revisions;0;0
/home/ramdisk/experiment1/projects/jackson-databind/revisions/rev_38573ad_3e0d5d8/rev_38573ad-3e0d5d8.revisions;0;0
/home/ramdisk/experiment1/projects/jackson-databind/revisions/rev_4ad54cd_4dfccd5/rev_4ad54cd-4dfccd5.revisions;0;0
/home/ramdisk/experiment1/projects/jackson-databind/revisions/rev_10b5d48_b15abb7/rev_10b5d48-b15abb7.revisions;0;0
/home/ramdisk/experiment1/projects/jackson-databind/revisions/rev_fbe9aab_44df4d2/rev_fbe9aab-44df4d2.revisions;0;0
/home/ramdisk/experiment1/projects/jackson-databind/revisions/rev_9a22347_ae101c6/rev_9a22347-ae101c6.revisions;0;0
/home/ramdisk/experiment1/projects/jackson-databind/revisions/rev_1710240_00bb11e/rev_1710240-00bb11e.revisions;0;0
/home/ramdisk/experiment1/projects/jackson-databind/revisions/rev_5c0064f_7949d11/rev_5c0064f-7949d11.revisions;0;0
/home/ramdisk/experiment1/projects/jackson-databind/revisions/rev_00bb11e_7949d11/rev_00bb11e-7949d11.revisions;0;0
/home/ramdisk/experiment1/projects/jackson-databind/revisions/rev_e8076db_094f622/rev_e8076db-094f622.revisions;0;0
/home/ramdisk/experiment1/projects/jackson-databind/revisions/rev_54cc7f4_16c5dd7/rev_54cc7f4-16c5dd7.revisions;0;0
/home/ramdisk/experiment1/projects/jackson-databind/revisions/rev_658b536_ae3f01b/rev_658b536-ae3f01b.revisions;0;0
/home/ramdisk/experiment1/projects/jackson-databind/revisions/rev_8f09606_102abfb/rev_8f09606-102abfb.revisions;0;0
/home/ramdisk/experiment1/projects/jackson-databind/revisions/rev_102abfb_d01f207/rev_102abfb-d01f207.revisions;0;0
/home/ramdisk/experiment1/projects/jackson-databind/revisions/rev_457caf6_206bd1c/rev_457caf6-206bd1c.revisions;0;0
/home/ramdisk/experiment1/projects/jackson-databind/revisions/rev_e03122b_4a9919c/rev_e03122b-4a9919c.revisions;0;0
/home/ramdisk/experiment1/projects/jackson-databind/revisions/rev_474c010_14d979d/rev_474c010-14d979d.revisions;0;0
/home/ramdisk/experiment1/projects/jackson-databind/revisions/rev_7e507d1_e4ece74/rev_7e507d1-e4ece74.revisions;0;0
/home/ramdisk/experiment1/projects/jackson-databind/revisions/rev_8c0279a_186b89d/rev_8c0279a-186b89d.revisions;0;0
/home/ramdisk/experiment1/projects/jackson-databind/revisions/rev_0ba4d42_6290eef/rev_0ba4d42-6290eef.revisions;0;0
/home/ramdisk/experiment1/projects/jackson-databind/revisions/rev_fc7bd42_f24064c/rev_fc7bd42-f24064c.revisions;0;0
/home/ramdisk/experiment1/projects/jackson-databind/revisions/rev_605dbd6_bff35ba/rev_605dbd6-bff35ba.revisions;0;0
/home/ramdisk/experiment1/projects/jackson-databind/revisions/rev_7fee92e_54e23a9/rev_7fee92e-54e23a9.revisions;0;0
/home/ramdisk/experiment1/projects/jackson-databind/revisions/rev_7cf964a_195e9b5/rev_7cf964a-195e9b5.revisions;0;0
/home/ramdisk/experiment1/projects/jackson-databind/revisions/rev_195e9b5_cc05493/rev_195e9b5-cc05493.revisions;0;0
/home/ramdisk/experiment1/projects/jackson-databind/revisions/rev_618e4f3_e57b7c2/rev_618e4f3-e57b7c2.revisions;0;0
/home/ramdisk/experiment1/projects/jackson-databind/revisions/rev_cc05493_0b05963/rev_cc05493-0b05963.revisions;0;0
/home/ramdisk/experiment1/projects/jackson-databind/revisions/rev_e57b7c2_36d9b59/rev_e57b7c2-36d9b59.revisions;0;0
/home/ramdisk/experiment1/projects/jackson-databind/revisions/rev_ac63c91_6262dd7/rev_ac63c91-6262dd7.revisions;0;0
/home/ramdisk/experiment1/projects/jackson-databind/revisions/rev_43f2f31_466f706/rev_43f2f31-466f706.revisions;0;0
/home/ramdisk/experiment1/projects/jackson-databind/revisions/rev_0d9ab5b_6e7744d/rev_0d9ab5b-6e7744d.revisions;0;0
/home/ramdisk/experiment1/projects/jackson-databind/revisions/rev_37879ab_66e8ac6/rev_37879ab-66e8ac6.revisions;0;0
/home/ramdisk/experiment1/projects/jackson-databind/revisions/rev_935ccaf_612f6fc/rev_935ccaf-612f6fc.revisions;0;0
/home/ramdisk/experiment1/projects/jackson-databind/revisions/rev_5064a89_fe8c599/rev_5064a89-fe8c599.revisions;0;0
/home/ramdisk/experiment1/projects/jackson-databind/revisions/rev_6651339_2b38b65/rev_6651339-2b38b65.revisions;0;0
/home/ramdisk/experiment1/projects/jackson-databind/revisions/rev_dd955cf_66bfe66/rev_dd955cf-66bfe66.revisions;0;0
/home/ramdisk/experiment1/projects/jackson-databind/revisions/rev_8df06d5_63e2749/rev_8df06d5-63e2749.revisions;0;0
/home/ramdisk/experiment1/projects/jackson-databind/revisions/rev_19e5ed4_df716c3/rev_19e5ed4-df716c3.revisions;0;0
/home/ramdisk/experiment1/projects/jackson-databind/revisions/rev_f757415_436c309/rev_f757415-436c309.revisions;0;0
/home/ramdisk/experiment1/projects/jackson-databind/revisions/rev_436c309_1d57c20/rev_436c309-1d57c20.revisions;0;0
/home/ramdisk/experiment1/projects/jackson-databind/revisions/rev_881cc43_05db853/rev_881cc43-05db853.revisions;0;0
/home/ramdisk/experiment1/projects/jackson-databind/revisions/rev_05db853_de5642e/rev_05db853-de5642e.revisions;0;0
/home/ramdisk/experiment1/projects/jackson-databind/revisions/rev_2360fb7_6098024/rev_2360fb7-6098024.revisions;0;0
/home/ramdisk/experiment1/projects/jackson-databind/revisions/rev_6098024_7ff745c/rev_6098024-7ff745c.revisions;0;0
/home/ramdisk/experiment1/projects/jackson-databind/revisions/rev_7ed436a_841a1a7/rev_7ed436a-841a1a7.revisions;0;0
/home/ramdisk/experiment1/projects/jackson-databind/revisions/rev_2efd3d2_c568ff2/rev_2efd3d2-c568ff2.revisions;0;0
/home/ramdisk/experiment1/projects/jackson-databind/revisions/rev_4e34ea1_ec1820d/rev_4e34ea1-ec1820d.revisions;0;0
/home/ramdisk/experiment1/projects/jackson-databind/revisions/rev_6c5826c_7c72020/rev_6c5826c-7c72020.revisions;0;0
/home/ramdisk/experiment1/projects/jackson-databind/revisions/rev_0f7f583_61c226c/rev_0f7f583-61c226c.revisions;0;0
/home/ramdisk/experiment1/projects/jackson-databind/revisions/rev_b4c901a_50ea083/rev_b4c901a-50ea083.revisions;0;0
/home/ramdisk/experiment1/projects/jackson-databind/revisions/rev_7785dff_0ec81c0/rev_7785dff-0ec81c0.revisions;16;0
/home/ramdisk/experiment1/projects/jackson-databind/revisions/rev_817a45a_85282b1/rev_817a45a-85282b1.revisions;0;0
/home/ramdisk/experiment1/projects/jackson-databind/revisions/rev_0cd9782_fa1c2ff/rev_0cd9782-fa1c2ff.revisions;0;0
/home/ramdisk/experiment1/projects/jackson-databind/revisions/rev_1cc1fee_119ddc9/rev_1cc1fee-119ddc9.revisions;0;0
/home/ramdisk/experiment1/projects/jackson-databind/revisions/rev_690bbab_8d486db/rev_690bbab-8d486db.revisions;0;0
/home/ramdisk/experiment1/projects/jackson-databind/revisions/rev_accef71_4bbda5a/rev_accef71-4bbda5a.revisions;0;0
/home/ramdisk/experiment1/projects/jackson-databind/revisions/rev_db18789_c94ec60/rev_db18789-c94ec60.revisions;0;0
/home/ramdisk/experiment1/projects/jackson-databind/revisions/rev_43a4a3f_ac21a5c/rev_43a4a3f-ac21a5c.revisions;0;0
/home/ramdisk/experiment1/projects/jackson-databind/revisions/rev_2451b06_e1159f8/rev_2451b06-e1159f8.revisions;0;0
/home/ramdisk/experiment1/projects/jackson-databind/revisions/rev_2c9fa0e_3470803/rev_2c9fa0e-3470803.revisions;0;0
/home/ramdisk/experiment1/projects/jackson-databind/revisions/rev_3470803_309bb14/rev_3470803-309bb14.revisions;0;0
/home/ramdisk/experiment1/projects/jackson-databind/revisions/rev_3455cd6_cb7342b/rev_3455cd6-cb7342b.revisions;0;0
/home/ramdisk/experiment1/projects/jackson-databind/revisions/rev_cb7342b_7dc9c73/rev_cb7342b-7dc9c73.revisions;0;0
/home/ramdisk/experiment1/projects/jackson-databind/revisions/rev_d3c2db5_035b24d/rev_d3c2db5-035b24d.revisions;0;0
/home/ramdisk/experiment1/projects/jackson-databind/revisions/rev_a52e6c5_035b24d/rev_a52e6c5-035b24d.revisions;0;0
/home/ramdisk/experiment1/projects/jackson-databind/revisions/rev_091faba_46d7037/rev_091faba-46d7037.revisions;0;0
/home/ramdisk/experiment1/projects/jackson-databind/revisions/rev_9543753_47d5186/rev_9543753-47d5186.revisions;0;0
/home/ramdisk/experiment1/projects/jackson-databind/revisions/rev_54b2a5f_7d5c50b/rev_54b2a5f-7d5c50b.revisions;0;0
/home/ramdisk/experiment1/projects/jackson-databind/revisions/rev_e71fd16_059d39e/rev_e71fd16-059d39e.revisions;0;0
/home/ramdisk/experiment1/projects/jackson-databind/revisions/rev_30e8a0f_6dcb13f/rev_30e8a0f-6dcb13f.revisions;0;0
/home/ramdisk/experiment1/projects/jackson-databind/revisions/rev_c3ccf8e_db612bb/rev_c3ccf8e-db612bb.revisions;0;0
/home/ramdisk/experiment1/projects/jackson-databind/revisions/rev_c192063_b02bf06/rev_c192063-b02bf06.revisions;0;0
/home/ramdisk/experiment1/projects/jackson-databind/revisions/rev_9ab9aef_f3d395c/rev_9ab9aef-f3d395c.revisions;0;0
/home/ramdisk/experiment1/projects/jackson-databind/revisions/rev_08efeba_b06494a/rev_08efeba-b06494a.revisions;0;0
/home/ramdisk/experiment1/projects/jackson-databind/revisions/rev_30b459b_7e2c229/rev_30b459b-7e2c229.revisions;0;0
/home/ramdisk/experiment1/projects/jackson-databind/revisions/rev_b979b02_33fc4b9/rev_b979b02-33fc4b9.revisions;0;0
/home/ramdisk/experiment1/projects/jackson-databind/revisions/rev_b02bf06_c5a5f53/rev_b02bf06-c5a5f53.revisions;0;0
/home/ramdisk/experiment1/projects/jackson-databind/revisions/rev_41f8ca1_bcda406/rev_41f8ca1-bcda406.revisions;0;0
/home/ramdisk/experiment1/projects/jackson-databind/revisions/rev_a0d0836_f4ef389/rev_a0d0836-f4ef389.revisions;0;0
/home/ramdisk/experiment1/projects/jackson-databind/revisions/rev_c5a5f53_3858853/rev_c5a5f53-3858853.revisions;0;0
/home/ramdisk/experiment1/projects/jackson-databind/revisions/rev_f4ef389_7db1f44/rev_f4ef389-7db1f44.revisions;0;0
/home/ramdisk/experiment1/projects/jackson-databind/revisions/rev_4768353_340439a/rev_4768353-340439a.revisions;0;0
/home/ramdisk/experiment1/projects/jackson-databind/revisions/rev_282cfdf_ba20f65/rev_282cfdf-ba20f65.revisions;0;0
/home/ramdisk/experiment1/projects/jackson-databind/revisions/rev_0d62e9c_4b9e191/rev_0d62e9c-4b9e191.revisions;0;0
/home/ramdisk/experiment1/projects/jackson-databind/revisions/rev_3da7c45_a143c05/rev_3da7c45-a143c05.revisions;0;0
/home/ramdisk/experiment1/projects/jackson-databind/revisions/rev_cb6dddd_f92a6b3/rev_cb6dddd-f92a6b3.revisions;0;0
/home/ramdisk/experiment1/projects/jackson-databind/revisions/rev_1b9d148_e412926/rev_1b9d148-e412926.revisions;0;0
/home/ramdisk/experiment1/projects/jackson-databind/revisions/rev_467a8a1_80421fa/rev_467a8a1-80421fa.revisions;0;0
/home/ramdisk/experiment1/projects/jackson-databind/revisions/rev_e412926_0e8d641/rev_e412926-0e8d641.revisions;0;0
/home/ramdisk/experiment1/projects/jackson-databind/revisions/rev_2abf5a3_5f09320/rev_2abf5a3-5f09320.revisions;0;0
/home/ramdisk/experiment1/projects/jackson-databind/revisions/rev_384e645_ea2c9a4/rev_384e645-ea2c9a4.revisions;0;0
/home/ramdisk/experiment1/projects/jackson-databind/revisions/rev_72740cd_b9c831a/rev_72740cd-b9c831a.revisions;0;0
/home/ramdisk/experiment1/projects/jackson-databind/revisions/rev_04413c7_d4923ea/rev_04413c7-d4923ea.revisions;0;0
/home/ramdisk/experiment1/projects/jackson-databind/revisions/rev_d4923ea_3cbb7bc/rev_d4923ea-3cbb7bc.revisions;0;0
/home/ramdisk/experiment1/projects/jackson-databind/revisions/rev_d314615_e9fa042/rev_d314615-e9fa042.revisions;0;0
/home/ramdisk/experiment1/projects/jackson-databind/revisions/rev_0787666_2cfcbee/rev_0787666-2cfcbee.revisions;0;0
/home/ramdisk/experiment1/projects/jackson-databind/revisions/rev_c4b695c_aed34ba/rev_c4b695c-aed34ba.revisions;0;0
/home/ramdisk/experiment1/projects/jackson-databind/revisions/rev_c3fdb53_6f65b00/rev_c3fdb53-6f65b00.revisions;0;0
/home/ramdisk/experiment1/projects/jackson-databind/revisions/rev_ad598aa_99fc2ec/rev_ad598aa-99fc2ec.revisions;0;0
/home/ramdisk/experiment1/projects/jackson-databind/revisions/rev_c5f9d87_b4547f8/rev_c5f9d87-b4547f8.revisions;0;0
/home/ramdisk/experiment1/projects/jackson-databind/revisions/rev_2b3590a_6511cc0/rev_2b3590a-6511cc0.revisions;0;0
/home/ramdisk/experiment1/projects/jackson-databind/revisions/rev_38f2780_d586506/rev_38f2780-d586506.revisions;0;0
/home/ramdisk/experiment1/projects/jackson-databind/revisions/rev_5390217_9317e54/rev_5390217-9317e54.revisions;0;0
/home/ramdisk/experiment1/projects/jackson-databind/revisions/rev_3781142_55c5d1a/rev_3781142-55c5d1a.revisions;0;0
/home/ramdisk/experiment1/projects/jackson-databind/revisions/rev_bb9d198_b43e23a/rev_bb9d198-b43e23a.revisions;0;0
/home/ramdisk/experiment1/projects/jackson-databind/revisions/rev_7296866_d542f2a/rev_7296866-d542f2a.revisions;0;0
/home/ramdisk/experiment1/projects/jackson-databind/revisions/rev_6172d75_726b6e0/rev_6172d75-726b6e0.revisions;1;0
/home/ramdisk/experiment1/projects/jackson-databind/revisions/rev_08345f4_46a9900/rev_08345f4-46a9900.revisions;0;0
/home/ramdisk/experiment1/projects/jackson-databind/revisions/rev_817d8ec_41be898/rev_817d8ec-41be898.revisions;0;0
/home/ramdisk/experiment1/projects/jackson-databind/revisions/rev_c52fb0b_6cf2bb5/rev_c52fb0b-6cf2bb5.revisions;0;0
/home/ramdisk/experiment1/projects/jackson-databind/revisions/rev_945c545_a23ff9f/rev_945c545-a23ff9f.revisions;0;0
/home/ramdisk/experiment1/projects/jackson-databind/revisions/rev_a8a4002_1ef35c6/rev_a8a4002-1ef35c6.revisions;0;0
/home/ramdisk/experiment1/projects/jackson-databind/revisions/rev_fefcfa1_4312a24/rev_fefcfa1-4312a24.revisions;0;0
/home/ramdisk/experiment1/projects/jackson-databind/revisions/rev_5d2b253_4d4ddae/rev_5d2b253-4d4ddae.revisions;0;0
/home/ramdisk/experiment1/projects/jackson-databind/revisions/rev_e77e941_2e364ba/rev_e77e941-2e364ba.revisions;0;0
/home/ramdisk/experiment1/projects/jackson-databind/revisions/rev_203fccb_73f54a6/rev_203fccb-73f54a6.revisions;0;0
/home/ramdisk/experiment1/projects/jackson-databind/revisions/rev_129180d_2ea6e40/rev_129180d-2ea6e40.revisions;0;0
/home/ramdisk/experiment1/projects/jackson-databind/revisions/rev_72e3e3e_1fb5eb8/rev_72e3e3e-1fb5eb8.revisions;0;0
/home/ramdisk/experiment1/projects/jackson-databind/revisions/rev_1d5c64b_a7b26eb/rev_1d5c64b-a7b26eb.revisions;0;0
/home/ramdisk/experiment1/projects/jackson-databind/revisions/rev_06e37f3_f4a270f/rev_06e37f3-f4a270f.revisions;0;0
/home/ramdisk/experiment1/projects/jackson-databind/revisions/rev_77f8e89_b6a26b9/rev_77f8e89-b6a26b9.revisions;0;0
/home/ramdisk/experiment1/projects/jackson-databind/revisions/rev_df8b4b1_7d45f7f/rev_df8b4b1-7d45f7f.revisions;0;0
/home/ramdisk/experiment1/projects/jackson-databind/revisions/rev_e5b8ff1_5183922/rev_e5b8ff1-5183922.revisions;0;0
/home/ramdisk/experiment1/projects/jackson-databind/revisions/rev_e935213_af2241c/rev_e935213-af2241c.revisions;0;0
/home/ramdisk/experiment1/projects/jackson-databind/revisions/rev_62c800d_32a52b2/rev_62c800d-32a52b2.revisions;0;0
/home/ramdisk/experiment1/projects/jackson-databind/revisions/rev_090dabc_f2f611e/rev_090dabc-f2f611e.revisions;0;0
/home/ramdisk/experiment1/projects/jackson-databind/revisions/rev_d7fa14a_33ca823/rev_d7fa14a-33ca823.revisions;0;0
/home/ramdisk/experiment1/projects/jackson-databind/revisions/rev_642af52_344b7ee/rev_642af52-344b7ee.revisions;0;0
/home/ramdisk/experiment1/projects/jackson-databind/revisions/rev_e7b6992_6aee8e0/rev_e7b6992-6aee8e0.revisions;0;0
/home/ramdisk/experiment1/projects/jackson-databind/revisions/rev_32321c0_c73b072/rev_32321c0-c73b072.revisions;0;0
/home/ramdisk/experiment1/projects/jackson-databind/revisions/rev_9741a66_147dc2f/rev_9741a66-147dc2f.revisions;0;0
/home/ramdisk/experiment1/projects/jackson-databind/revisions/rev_4906314_ca42a95/rev_4906314-ca42a95.revisions;0;0
/home/ramdisk/experiment1/projects/jackson-databind/revisions/rev_15a86b1_e9ea56c/rev_15a86b1-e9ea56c.revisions;0;0
/home/ramdisk/experiment1/projects/jackson-databind/revisions/rev_769853a_1eb498e/rev_769853a-1eb498e.revisions;0;0
/home/ramdisk/experiment1/projects/jackson-databind/revisions/rev_6721d90_e258ee6/rev_6721d90-e258ee6.revisions;0;0
/home/ramdisk/experiment1/projects/jackson-databind/revisions/rev_3975a0f_b049739/rev_3975a0f-b049739.revisions;0;0
/home/ramdisk/experiment1/projects/jackson-databind/revisions/rev_98abe64_8574ed4/rev_98abe64-8574ed4.revisions;0;0
/home/ramdisk/experiment1/projects/jackson-databind/revisions/rev_5612187_7862187/rev_5612187-7862187.revisions;0;0
/home/ramdisk/experiment1/projects/jackson-databind/revisions/rev_313a713_d21210b/rev_313a713-d21210b.revisions;0;0
/home/ramdisk/experiment1/projects/jackson-databind/revisions/rev_b51dc40_812d675/rev_b51dc40-812d675.revisions;0;0
/home/ramdisk/experiment1/projects/jackson-databind/revisions/rev_5aa2f74_7d713f7/rev_5aa2f74-7d713f7.revisions;0;0
/home/ramdisk/experiment1/projects/jackson-databind/revisions/rev_f4f71b9_2eafcdf/rev_f4f71b9-2eafcdf.revisions;0;0
/home/ramdisk/experiment1/projects/jackson-databind/revisions/rev_8aa953c_801317e/rev_8aa953c-801317e.revisions;0;0
/home/ramdisk/experiment1/projects/jackson-databind/revisions/rev_fbb25b6_e2736f1/rev_fbb25b6-e2736f1.revisions;0;0
/home/ramdisk/experiment1/projects/jackson-databind/revisions/rev_f6ae138_ed7d416/rev_f6ae138-ed7d416.revisions;0;0
/home/ramdisk/experiment1/projects/jackson-databind/revisions/rev_90da5db_2a9808c/rev_90da5db-2a9808c.revisions;0;0
/home/ramdisk/experiment1/projects/jackson-databind/revisions/rev_90da5db_4161387/rev_90da5db-4161387.revisions;0;0
/home/ramdisk/experiment1/projects/jackson-databind/revisions/rev_cb8eb0e_30a3b6a/rev_cb8eb0e-30a3b6a.revisions;0;0
/home/ramdisk/experiment1/projects/jackson-databind/revisions/rev_6c1badb_795dd01/rev_6c1badb-795dd01.revisions;0;0
/home/ramdisk/experiment1/projects/jackson-databind/revisions/rev_b1e06de_9566ea8/rev_b1e06de-9566ea8.revisions;0;0
/home/ramdisk/experiment1/projects/jackson-databind/revisions/rev_9566ea8_bce671d/rev_9566ea8-bce671d.revisions;0;0
/home/ramdisk/experiment1/projects/jackson-databind/revisions/rev_4bf5def_04cb084/rev_4bf5def-04cb084.revisions;0;0
/home/ramdisk/experiment1/projects/jackson-databind/revisions/rev_25a37d7_abd505e/rev_25a37d7-abd505e.revisions;0;0
/home/ramdisk/experiment1/projects/jackson-databind/revisions/rev_e2d1bea_e1426d9/rev_e2d1bea-e1426d9.revisions;0;0
/home/ramdisk/experiment1/projects/jackson-databind/revisions/rev_bfd254d_30b5469/rev_bfd254d-30b5469.revisions;0;0
/home/ramdisk/experiment1/projects/jackson-databind/revisions/rev_13b6909_5ae6e4b/rev_13b6909-5ae6e4b.revisions;0;0
/home/ramdisk/experiment1/projects/jackson-databind/revisions/rev_bdf6054_16aa305/rev_bdf6054-16aa305.revisions;0;0
/home/ramdisk/experiment1/projects/jackson-databind/revisions/rev_e592f36_ca6c3fc/rev_e592f36-ca6c3fc.revisions;0;0
/home/ramdisk/experiment1/projects/jackson-databind/revisions/rev_bf4f1bc_c5b2379/rev_bf4f1bc-c5b2379.revisions;0;0
/home/ramdisk/experiment1/projects/jackson-databind/revisions/rev_cfbf1e5_df0871f/rev_cfbf1e5-df0871f.revisions;0;0
/home/ramdisk/experiment1/projects/jackson-databind/revisions/rev_d51c951_b8b7fc3/rev_d51c951-b8b7fc3.revisions;0;0
/home/ramdisk/experiment1/projects/jackson-databind/revisions/rev_b280439_3bd5de6/rev_b280439-3bd5de6.revisions;0;0
/home/ramdisk/experiment1/projects/jackson-databind/revisions/rev_fec0b75_fe25f7e/rev_fec0b75-fe25f7e.revisions;0;0
/home/ramdisk/experiment1/projects/jackson-databind/revisions/rev_adec69c_d5a25f4/rev_adec69c-d5a25f4.revisions;0;0
/home/ramdisk/experiment1/projects/jackson-databind/revisions/rev_321562a_6aaa38b/rev_321562a-6aaa38b.revisions;0;0
/home/ramdisk/experiment1/projects/jackson-databind/revisions/rev_cc8b4a5_1ed7f38/rev_cc8b4a5-1ed7f38.revisions;0;0
/home/ramdisk/experiment1/projects/jackson-databind/revisions/rev_f75f2bf_660ec8f/rev_f75f2bf-660ec8f.revisions;0;0
/home/ramdisk/experiment1/projects/jackson-databind/revisions/rev_f4dd766_f598859/rev_f4dd766-f598859.revisions;0;0
/home/ramdisk/experiment1/projects/jackson-databind/revisions/rev_be11363_c966a03/rev_be11363-c966a03.revisions;0;0
/home/ramdisk/experiment1/projects/jackson-databind/revisions/rev_bf2b2b0_e59a1ae/rev_bf2b2b0-e59a1ae.revisions;0;0
/home/ramdisk/experiment1/projects/jackson-databind/revisions/rev_7e5f014_91e41a9/rev_7e5f014-91e41a9.revisions;0;0
/home/ramdisk/experiment1/projects/jackson-databind/revisions/rev_91b52bc_19e6d29/rev_91b52bc-19e6d29.revisions;0;0
/home/ramdisk/experiment1/projects/jackson-databind/revisions/rev_8caf290_ccf82e8/rev_8caf290-ccf82e8.revisions;1;0
/home/ramdisk/experiment1/projects/jackson-databind/revisions/rev_b703036_5aece76/rev_b703036-5aece76.revisions;0;0
/home/ramdisk/experiment1/projects/jackson-databind/revisions/rev_261be66_e43a71b/rev_261be66-e43a71b.revisions;0;0
/home/ramdisk/experiment1/projects/jackson-databind/revisions/rev_e9b3277_9dbee04/rev_e9b3277-9dbee04.revisions;0;0
/home/ramdisk/experiment1/projects/jackson-databind/revisions/rev_e43a71b_cecd409/rev_e43a71b-cecd409.revisions;0;0
/home/ramdisk/experiment1/projects/jackson-databind/revisions/rev_12e8112_7ed2d00/rev_12e8112-7ed2d00.revisions;0;0
/home/ramdisk/experiment1/projects/jackson-databind/revisions/rev_9fce37f_c463ff4/rev_9fce37f-c463ff4.revisions;0;0
/home/ramdisk/experiment1/projects/jackson-databind/revisions/rev_11c200b_3aee590/rev_11c200b-3aee590.revisions;0;0
/home/ramdisk/experiment1/projects/jackson-databind/revisions/rev_a49ab9a_8497e4d/rev_a49ab9a-8497e4d.revisions;0;0
/home/ramdisk/experiment1/projects/jackson-databind/revisions/rev_3da93d5_d6b3511/rev_3da93d5-d6b3511.revisions;0;0
/home/ramdisk/experiment1/projects/jackson-databind/revisions/rev_e87dd2c_c716889/rev_e87dd2c-c716889.revisions;0;0
/home/ramdisk/experiment1/projects/jackson-databind/revisions/rev_86c3652_8716072/rev_86c3652-8716072.revisions;0;0
/home/ramdisk/experiment1/projects/jackson-databind/revisions/rev_8716072_70d961b/rev_8716072-70d961b.revisions;0;0
/home/ramdisk/experiment1/projects/jackson-databind/revisions/rev_290f9a6_386e9f7/rev_290f9a6-386e9f7.revisions;0;0
/home/ramdisk/experiment1/projects/jackson-databind/revisions/rev_a2f4308_034f3c0/rev_a2f4308-034f3c0.revisions;0;0
/home/ramdisk/experiment1/projects/jackson-databind/revisions/rev_0d31cca_ad4dfdf/rev_0d31cca-ad4dfdf.revisions;0;0
/home/ramdisk/experiment1/projects/jackson-databind/revisions/rev_dbf0c6f_8dc5a34/rev_dbf0c6f-8dc5a34.revisions;0;0
/home/ramdisk/experiment1/projects/jackson-databind/revisions/rev_fe302a9_3f8b824/rev_fe302a9-3f8b824.revisions;0;0
/home/ramdisk/experiment1/projects/jackson-databind/revisions/rev_d5943a8_e741034/rev_d5943a8-e741034.revisions;0;0
/home/ramdisk/experiment1/projects/jackson-databind/revisions/rev_82837cc_308ed4e/rev_82837cc-308ed4e.revisions;0;0
/home/ramdisk/experiment1/projects/jackson-databind/revisions/rev_308ed4e_15f96ef/rev_308ed4e-15f96ef.revisions;0;0
/home/ramdisk/experiment1/projects/jackson-databind/revisions/rev_21ca921_ccdb9fc/rev_21ca921-ccdb9fc.revisions;0;0
/home/ramdisk/experiment1/projects/jackson-databind/revisions/rev_6bf0d6c_51f1a97/rev_6bf0d6c-51f1a97.revisions;0;0
/home/ramdisk/experiment1/projects/jackson-databind/revisions/rev_cc82b65_39cd656/rev_cc82b65-39cd656.revisions;0;0
/home/ramdisk/experiment1/projects/jackson-databind/revisions/rev_db9584c_89559a2/rev_db9584c-89559a2.revisions;0;0
/home/ramdisk/experiment1/projects/jackson-databind/revisions/rev_230a19d_2d90441/rev_230a19d-2d90441.revisions;0;0
/home/ramdisk/experiment1/projects/jackson-databind/revisions/rev_ff4b9a2_7a3b0b1/rev_ff4b9a2-7a3b0b1.revisions;0;0
/home/ramdisk/experiment1/projects/jackson-databind/revisions/rev_ce9fad9_7a3b0b1/rev_ce9fad9-7a3b0b1.revisions;0;0
/home/ramdisk/experiment1/projects/jackson-databind/revisions/rev_b8e2580_1317d3e/rev_b8e2580-1317d3e.revisions;0;0
/home/ramdisk/experiment1/projects/jackson-databind/revisions/rev_5235ba8_31a84e2/rev_5235ba8-31a84e2.revisions;0;0
/home/ramdisk/experiment1/projects/jackson-databind/revisions/rev_31a84e2_480e0ac/rev_31a84e2-480e0ac.revisions;0;0
/home/ramdisk/experiment1/projects/jackson-databind/revisions/rev_2440fc3_781d6f0/rev_2440fc3-781d6f0.revisions;0;0
/home/ramdisk/experiment1/projects/jackson-databind/revisions/rev_8319bc7_d64199a/rev_8319bc7-d64199a.revisions;0;0
/home/ramdisk/experiment1/projects/jackson-databind/revisions/rev_575cf32_77efe80/rev_575cf32-77efe80.revisions;0;0
/home/ramdisk/experiment1/projects/jackson-databind/revisions/rev_aef0d77_7e6ba9e/rev_aef0d77-7e6ba9e.revisions;0;0
/home/ramdisk/experiment1/projects/jackson-databind/revisions/rev_1b890dc_0c35208/rev_1b890dc-0c35208.revisions;0;0
/home/ramdisk/experiment1/projects/jackson-databind/revisions/rev_19d36e0_d51db14/rev_19d36e0-d51db14.revisions;0;0
/home/ramdisk/experiment1/projects/jackson-databind/revisions/rev_d026b0a_9cf92cc/rev_d026b0a-9cf92cc.revisions;0;0
/home/ramdisk/experiment1/projects/jackson-databind/revisions/rev_0f7800a_dfef7cf/rev_0f7800a-dfef7cf.revisions;0;0
/home/ramdisk/experiment1/projects/jackson-databind/revisions/rev_ed720e2_d46446c/rev_ed720e2-d46446c.revisions;0;0
/home/ramdisk/experiment1/projects/jackson-databind/revisions/rev_ae5695c_a290f09/rev_ae5695c-a290f09.revisions;0;0
/home/ramdisk/experiment1/projects/jackson-databind/revisions/rev_a64eb99_700617a/rev_a64eb99-700617a.revisions;0;0
/home/ramdisk/experiment1/projects/jackson-databind/revisions/rev_b37f82a_16cb352/rev_b37f82a-16cb352.revisions;0;0
/home/ramdisk/experiment1/projects/jackson-databind/revisions/rev_37034fc_bacb37f/rev_37034fc-bacb37f.revisions;0;0
/home/ramdisk/experiment1/projects/jackson-databind/revisions/rev_d178168_9d74817/rev_d178168-9d74817.revisions;0;0
/home/ramdisk/experiment1/projects/jackson-databind/revisions/rev_0330930_8fb19b9/rev_0330930-8fb19b9.revisions;0;0
/home/ramdisk/experiment1/projects/jackson-databind/revisions/rev_0934fb7_493ba8d/rev_0934fb7-493ba8d.revisions;1;0
/home/ramdisk/experiment1/projects/jackson-databind/revisions/rev_b1c03c3_08c4453/rev_b1c03c3-08c4453.revisions;0;0
/home/ramdisk/experiment1/projects/jackson-databind/revisions/rev_5708db1_c67cffb/rev_5708db1-c67cffb.revisions;0;0
/home/ramdisk/experiment1/projects/jackson-databind/revisions/rev_4bd13c5_6b87eaa/rev_4bd13c5-6b87eaa.revisions;0;0
/home/ramdisk/experiment1/projects/jackson-databind/revisions/rev_1033ebd_cf2c9ba/rev_1033ebd-cf2c9ba.revisions;0;0
/home/ramdisk/experiment1/projects/jackson-databind/revisions/rev_a1362dc_157650a/rev_a1362dc-157650a.revisions;0;0
/home/ramdisk/experiment1/projects/jackson-databind/revisions/rev_157650a_d32563c/rev_157650a-d32563c.revisions;0;0
/home/ramdisk/experiment1/projects/jackson-databind/revisions/rev_7eb5f47_238bb47/rev_7eb5f47-238bb47.revisions;0;0
/home/ramdisk/experiment1/projects/jackson-databind/revisions/rev_238bb47_cb67177/rev_238bb47-cb67177.revisions;0;0
/home/ramdisk/experiment1/projects/jackson-databind/revisions/rev_ea6940c_d58eec6/rev_ea6940c-d58eec6.revisions;0;0
/home/ramdisk/experiment1/projects/jackson-databind/revisions/rev_6908076_c732f82/rev_6908076-c732f82.revisions;0;0
/home/ramdisk/experiment1/projects/jackson-databind/revisions/rev_87807bc_a4ae368/rev_87807bc-a4ae368.revisions;0;0
/home/ramdisk/experiment1/projects/jackson-databind/revisions/rev_20bd066_24de8a2/rev_20bd066-24de8a2.revisions;0;0
/home/ramdisk/experiment1/projects/jackson-databind/revisions/rev_391514e_f2bb0df/rev_391514e-f2bb0df.revisions;0;0
/home/ramdisk/experiment1/projects/jackson-databind/revisions/rev_05c2d64_9e2f76e/rev_05c2d64-9e2f76e.revisions;0;0
/home/ramdisk/experiment1/projects/jackson-databind/revisions/rev_8998bfd_eae6759/rev_8998bfd-eae6759.revisions;0;0
/home/ramdisk/experiment1/projects/jackson-databind/revisions/rev_8f5b693_35362a0/rev_8f5b693-35362a0.revisions;0;0
/home/ramdisk/experiment1/projects/jackson-databind/revisions/rev_c28e2da_b79e4e3/rev_c28e2da-b79e4e3.revisions;0;0
/home/ramdisk/experiment1/projects/jackson-databind/revisions/rev_594dca8_c674b76/rev_594dca8-c674b76.revisions;0;0
/home/ramdisk/experiment1/projects/jackson-databind/revisions/rev_8aa6124_386c56d/rev_8aa6124-386c56d.revisions;0;0
/home/ramdisk/experiment1/projects/jackson-databind/revisions/rev_c674b76_4cef254/rev_c674b76-4cef254.revisions;0;0
/home/ramdisk/experiment1/projects/jackson-databind/revisions/rev_e09adcb_f1f4023/rev_e09adcb-f1f4023.revisions;1;0
/home/ramdisk/experiment1/projects/jackson-databind/revisions/rev_6256694_b254aff/rev_6256694-b254aff.revisions;0;0
/home/ramdisk/experiment1/projects/jackson-databind/revisions/rev_9845fb2_779411e/rev_9845fb2-779411e.revisions;1;0
/home/ramdisk/experiment1/projects/jackson-databind/revisions/rev_580e652_2520c29/rev_580e652-2520c29.revisions;1;0
/home/ramdisk/experiment1/projects/jackson-databind/revisions/rev_4dc7292_131a405/rev_4dc7292-131a405.revisions;0;0
/home/ramdisk/experiment1/projects/jackson-databind/revisions/rev_ee7ead7_7dd671d/rev_ee7ead7-7dd671d.revisions;0;0
/home/ramdisk/experiment1/projects/jackson-databind/revisions/rev_6580a9d_f40e6c1/rev_6580a9d-f40e6c1.revisions;0;0
/home/ramdisk/experiment1/projects/jackson-databind/revisions/rev_a63cd7d_f81a3f9/rev_a63cd7d-f81a3f9.revisions;0;0
/home/ramdisk/experiment1/projects/jackson-databind/revisions/rev_b29965b_8bc934e/rev_b29965b-8bc934e.revisions;0;0
/home/ramdisk/experiment1/projects/jackson-databind/revisions/rev_f68be3c_cbad874/rev_f68be3c-cbad874.revisions;0;0
/home/ramdisk/experiment1/projects/jackson-databind/revisions/rev_7ef86f8_69095e5/rev_7ef86f8-69095e5.revisions;0;0
/home/ramdisk/experiment1/projects/jackson-databind/revisions/rev_c351aed_fb96109/rev_c351aed-fb96109.revisions;0;0
/home/ramdisk/experiment1/projects/jackson-databind/revisions/rev_082cc7d_9cf3e43/rev_082cc7d-9cf3e43.revisions;0;0
/home/ramdisk/experiment1/projects/jackson-databind/revisions/rev_058bbdf_4c59723/rev_058bbdf-4c59723.revisions;0;0
/home/ramdisk/experiment1/projects/jackson-databind/revisions/rev_c96e3a9_cf551ed/rev_c96e3a9-cf551ed.revisions;0;0
/home/ramdisk/experiment1/projects/jackson-databind/revisions/rev_f645a74_b65b3cb/rev_f645a74-b65b3cb.revisions;0;0
/home/ramdisk/experiment1/projects/jackson-databind/revisions/rev_1ecc6b5_8be34a4/rev_1ecc6b5-8be34a4.revisions;0;0
/home/ramdisk/experiment1/projects/jackson-databind/revisions/rev_f09ccac_67d74f0/rev_f09ccac-67d74f0.revisions;0;0
/home/ramdisk/experiment1/projects/jackson-databind/revisions/rev_cb67177_3ca6ee9/rev_cb67177-3ca6ee9.revisions;0;0
/home/ramdisk/experiment1/projects/jackson-databind/revisions/rev_b65b3cb_27d83ee/rev_b65b3cb-27d83ee.revisions;0;0
/home/ramdisk/experiment1/projects/jackson-databind/revisions/rev_89db305_2cf2870/rev_89db305-2cf2870.revisions;0;0
/home/ramdisk/experiment1/projects/jackson-databind/revisions/rev_b1041d0_de160fd/rev_b1041d0-de160fd.revisions;0;0
/home/ramdisk/experiment1/projects/jackson-databind/revisions/rev_d01e3ab_9d3de8c/rev_d01e3ab-9d3de8c.revisions;0;0
/home/ramdisk/experiment1/projects/jackson-databind/revisions/rev_f77b53c_ebadfd2/rev_f77b53c-ebadfd2.revisions;0;0
/home/ramdisk/experiment1/projects/jackson-databind/revisions/rev_6e57ea1_eae91d9/rev_6e57ea1-eae91d9.revisions;0;0
/home/ramdisk/experiment1/projects/jackson-databind/revisions/rev_159850f_67813ca/rev_159850f-67813ca.revisions;0;0
/home/ramdisk/experiment1/projects/jackson-databind/revisions/rev_0e934f1_1e5d349/rev_0e934f1-1e5d349.revisions;0;0
/home/ramdisk/experiment1/projects/jackson-databind/revisions/rev_1c68f96_fe32b96/rev_1c68f96-fe32b96.revisions;0;0
/home/ramdisk/experiment1/projects/jackson-databind/revisions/rev_c270be0_cc53828/rev_c270be0-cc53828.revisions;2;0
/home/ramdisk/experiment1/projects/jackson-databind/revisions/rev_811ec17_2f80ebd/rev_811ec17-2f80ebd.revisions;0;0
/home/ramdisk/experiment1/projects/jackson-databind/revisions/rev_3c63730_010633a/rev_3c63730-010633a.revisions;0;0
/home/ramdisk/experiment1/projects/jackson-databind/revisions/rev_4b95df1_8daddc0/rev_4b95df1-8daddc0.revisions;0;0
/home/ramdisk/experiment1/projects/jackson-databind/revisions/rev_1188426_dcc7087/rev_1188426-dcc7087.revisions;0;0
/home/ramdisk/experiment1/projects/jackson-databind/revisions/rev_d6230fd_71f3907/rev_d6230fd-71f3907.revisions;0;0
/home/ramdisk/experiment1/projects/jackson-databind/revisions/rev_3f5dd6e_0270078/rev_3f5dd6e-0270078.revisions;0;0
/home/ramdisk/experiment1/projects/jackson-databind/revisions/rev_1c263f7_eecce88/rev_1c263f7-eecce88.revisions;0;0
/home/ramdisk/experiment1/projects/jackson-databind/revisions/rev_8daddc0_644487b/rev_8daddc0-644487b.revisions;0;0
/home/ramdisk/experiment1/projects/jackson-databind/revisions/rev_c6976cb_866ca4a/rev_c6976cb-866ca4a.revisions;0;0
/home/ramdisk/experiment1/projects/jackson-databind/revisions/rev_e39b77c_057dc89/rev_e39b77c-057dc89.revisions;0;0
/home/ramdisk/experiment1/projects/jackson-databind/revisions/rev_548245c_7bc0fc4/rev_548245c-7bc0fc4.revisions;0;0
/home/ramdisk/experiment1/projects/jackson-databind/revisions/rev_f703b3e_4c55625/rev_f703b3e-4c55625.revisions;0;0
/home/ramdisk/experiment1/projects/jackson-databind/revisions/rev_53161cd_255c08d/rev_53161cd-255c08d.revisions;0;0
/home/ramdisk/experiment1/projects/jackson-databind/revisions/rev_9e60407_4929735/rev_9e60407-4929735.revisions;0;0
/home/ramdisk/experiment1/projects/jackson-databind/revisions/rev_f46640a_1f00b32/rev_f46640a-1f00b32.revisions;0;0
/home/ramdisk/experiment1/projects/jackson-databind/revisions/rev_3dc18a6_7e0a3e4/rev_3dc18a6-7e0a3e4.revisions;0;0
/home/ramdisk/experiment1/projects/jackson-databind/revisions/rev_212bdb4_75a0953/rev_212bdb4-75a0953.revisions;0;0
/home/ramdisk/experiment1/projects/jackson-databind/revisions/rev_a9484d6_e0e2de6/rev_a9484d6-e0e2de6.revisions;0;0
/home/ramdisk/experiment1/projects/jackson-databind/revisions/rev_cdc404d_261ea42/rev_cdc404d-261ea42.revisions;0;0
/home/ramdisk/experiment1/projects/jackson-databind/revisions/rev_db776be_9f5cfb9/rev_db776be-9f5cfb9.revisions;0;0
/home/ramdisk/experiment1/projects/jackson-databind/revisions/rev_c4ecc55_f6fbed5/rev_c4ecc55-f6fbed5.revisions;0;0
/home/ramdisk/experiment1/projects/jackson-databind/revisions/rev_11b1323_c62d8c7/rev_11b1323-c62d8c7.revisions;0;0
/home/ramdisk/experiment1/projects/jackson-databind/revisions/rev_3befdf9_099f36a/rev_3befdf9-099f36a.revisions;0;0
/home/ramdisk/experiment1/projects/jackson-databind/revisions/rev_be64ad5_24166ac/rev_be64ad5-24166ac.revisions;0;0
/home/ramdisk/experiment1/projects/jackson-databind/revisions/rev_fd893c2_a73a89c/rev_fd893c2-a73a89c.revisions;0;0
/home/ramdisk/experiment1/projects/jackson-databind/revisions/rev_fd893c2_48a71ab/rev_fd893c2-48a71ab.revisions;0;0
/home/ramdisk/experiment1/projects/jackson-databind/revisions/rev_4996562_06c513f/rev_4996562-06c513f.revisions;0;0
/home/ramdisk/experiment1/projects/jackson-databind/revisions/rev_bc80f8e_00f5131/rev_bc80f8e-00f5131.revisions;0;0
/home/ramdisk/experiment1/projects/jackson-databind/revisions/rev_e4dd521_958c824/rev_e4dd521-958c824.revisions;0;0
/home/ramdisk/experiment1/projects/jackson-databind/revisions/rev_af91d91_841d7ca/rev_af91d91-841d7ca.revisions;0;0
/home/ramdisk/experiment1/projects/jackson-databind/revisions/rev_20a1b7c_2936ba5/rev_20a1b7c-2936ba5.revisions;0;0
/home/ramdisk/experiment1/projects/jackson-databind/revisions/rev_6adce38_7f6dcbc/rev_6adce38-7f6dcbc.revisions;0;0
/home/ramdisk/experiment1/projects/jackson-databind/revisions/rev_02a803a_0aa6486/rev_02a803a-0aa6486.revisions;0;0
/home/ramdisk/experiment1/projects/jackson-databind/revisions/rev_2d80120_e979bc5/rev_2d80120-e979bc5.revisions;0;0
/home/ramdisk/experiment1/projects/jackson-databind/revisions/rev_74260b5_4883d16/rev_74260b5-4883d16.revisions;0;0
/home/ramdisk/experiment1/projects/jackson-databind/revisions/rev_d4a2092_815b7a8/rev_d4a2092-815b7a8.revisions;0;0
/home/ramdisk/experiment1/projects/jackson-databind/revisions/rev_351b754_07b6d66/rev_351b754-07b6d66.revisions;0;0
/home/ramdisk/experiment1/projects/jackson-databind/revisions/rev_1ca7576_1d930db/rev_1ca7576-1d930db.revisions;0;0
/home/ramdisk/experiment1/projects/jackson-databind/revisions/rev_8fa9cb7_bbd8190/rev_8fa9cb7-bbd8190.revisions;0;0
/home/ramdisk/experiment1/projects/jackson-databind/revisions/rev_041e57f_627a74f/rev_041e57f-627a74f.revisions;0;0
/home/ramdisk/experiment1/projects/jackson-databind/revisions/rev_facb2c0_e4b261e/rev_facb2c0-e4b261e.revisions;0;0
/home/ramdisk/experiment1/projects/jackson-databind/revisions/rev_bb06aa0_1904839/rev_bb06aa0-1904839.revisions;0;0
/home/ramdisk/experiment1/projects/jackson-databind/revisions/rev_129f9ba_84eca86/rev_129f9ba-84eca86.revisions;0;0
/home/ramdisk/experiment1/projects/jackson-databind/revisions/rev_ccd7212_0d700fd/rev_ccd7212-0d700fd.revisions;0;0
/home/ramdisk/experiment1/projects/jackson-databind/revisions/rev_30061d9_ec327bd/rev_30061d9-ec327bd.revisions;0;0
/home/ramdisk/experiment1/projects/jackson-databind/revisions/rev_84eca86_b5c05cc/rev_84eca86-b5c05cc.revisions;0;0
/home/ramdisk/experiment1/projects/jackson-databind/revisions/rev_dee8ba9_8b4a4cd/rev_dee8ba9-8b4a4cd.revisions;0;0
/home/ramdisk/experiment1/projects/jackson-databind/revisions/rev_c9f316b_563d34d/rev_c9f316b-563d34d.revisions;0;0
/home/ramdisk/experiment1/projects/jackson-databind/revisions/rev_8b4a4cd_a28010e/rev_8b4a4cd-a28010e.revisions;0;0
/home/ramdisk/experiment1/projects/jackson-databind/revisions/rev_9c39fc2_ceddd2c/rev_9c39fc2-ceddd2c.revisions;0;0
/home/ramdisk/experiment1/projects/jackson-databind/revisions/rev_6580734_b1df870/rev_6580734-b1df870.revisions;0;0
/home/ramdisk/experiment1/projects/jackson-databind/revisions/rev_0fc4a7c_61d3156/rev_0fc4a7c-61d3156.revisions;0;0
/home/ramdisk/experiment1/projects/jackson-databind/revisions/rev_85f1cf1_a354adc/rev_85f1cf1-a354adc.revisions;0;0
/home/ramdisk/experiment1/projects/jackson-databind/revisions/rev_3464374_bcd616d/rev_3464374-bcd616d.revisions;0;0
/home/ramdisk/experiment1/projects/jackson-databind/revisions/rev_6dea022_c917a2a/rev_6dea022-c917a2a.revisions;0;0
/home/ramdisk/experiment1/projects/jackson-databind/revisions/rev_c917a2a_ea2b0d7/rev_c917a2a-ea2b0d7.revisions;0;0
/home/ramdisk/experiment1/projects/jackson-databind/revisions/rev_95d3a09_e59194a/rev_95d3a09-e59194a.revisions;0;0
/home/ramdisk/experiment1/projects/jackson-databind/revisions/rev_732bd64_8a5b111/rev_732bd64-8a5b111.revisions;0;0
/home/ramdisk/experiment1/projects/jackson-databind/revisions/rev_8a5b111_efc6b98/rev_8a5b111-efc6b98.revisions;0;0
/home/ramdisk/experiment1/projects/jackson-databind/revisions/rev_c44ed31_be114a9/rev_c44ed31-be114a9.revisions;0;0
/home/ramdisk/experiment1/projects/jackson-databind/revisions/rev_62bf425_82c346a/rev_62bf425-82c346a.revisions;0;0
/home/ramdisk/experiment1/projects/jackson-databind/revisions/rev_82c346a_987a463/rev_82c346a-987a463.revisions;0;0
/home/ramdisk/experiment1/projects/jackson-databind/revisions/rev_c264a90_e2184aa/rev_c264a90-e2184aa.revisions;0;0
/home/ramdisk/experiment1/projects/jackson-databind/revisions/rev_e2184aa_4e94c0e/rev_e2184aa-4e94c0e.revisions;0;0
/home/ramdisk/experiment1/projects/jackson-databind/revisions/rev_f298f98_568005d/rev_f298f98-568005d.revisions;0;0
/home/ramdisk/experiment1/projects/jackson-databind/revisions/rev_93154b7_a1a8793/rev_93154b7-a1a8793.revisions;0;0
/home/ramdisk/experiment1/projects/jackson-databind/revisions/rev_8c0c68f_d7d13a2/rev_8c0c68f-d7d13a2.revisions;0;0
/home/ramdisk/experiment1/projects/jackson-databind/revisions/rev_8ae6205_21dcd60/rev_8ae6205-21dcd60.revisions;0;0
/home/ramdisk/experiment1/projects/jackson-databind/revisions/rev_becd54f_c63025b/rev_becd54f-c63025b.revisions;0;0
/home/ramdisk/experiment1/projects/jackson-databind/revisions/rev_a0dab04_df6ea43/rev_a0dab04-df6ea43.revisions;0;0
/home/ramdisk/experiment1/projects/jackson-databind/revisions/rev_fdd9596_ab4f17f/rev_fdd9596-ab4f17f.revisions;2;0
/home/ramdisk/experiment1/projects/jackson-databind/revisions/rev_ab4f17f_a1d0251/rev_ab4f17f-a1d0251.revisions;0;0
/home/ramdisk/experiment1/projects/jackson-databind/revisions/rev_b65bd7a_50e3a3b/rev_b65bd7a-50e3a3b.revisions;0;0
/home/ramdisk/experiment1/projects/jackson-databind/revisions/rev_50e3a3b_50855c3/rev_50e3a3b-50855c3.revisions;0;0
/home/ramdisk/experiment1/projects/jackson-databind/revisions/rev_2c35c90_1a88f82/rev_2c35c90-1a88f82.revisions;0;0
/home/ramdisk/experiment1/projects/jackson-databind/revisions/rev_6a7043d_0511894/rev_6a7043d-0511894.revisions;0;0
/home/ramdisk/experiment1/projects/jackson-databind/revisions/rev_2a87718_b08200b/rev_2a87718-b08200b.revisions;0;0
/home/ramdisk/experiment1/projects/jackson-databind/revisions/rev_847fd82_ea30c7b/rev_847fd82-ea30c7b.revisions;0;0
/home/ramdisk/experiment1/projects/jackson-databind/revisions/rev_b6d330f_6362e24/rev_b6d330f-6362e24.revisions;0;0
/home/ramdisk/experiment1/projects/jackson-databind/revisions/rev_e452793_b9904fa/rev_e452793-b9904fa.revisions;0;0
/home/ramdisk/experiment1/projects/jackson-databind/revisions/rev_179088e_9257bd6/rev_179088e-9257bd6.revisions;0;0
/home/ramdisk/experiment1/projects/jackson-databind/revisions/rev_b3292c2_9a66688/rev_b3292c2-9a66688.revisions;0;0
/home/ramdisk/experiment1/projects/jackson-databind/revisions/rev_00cf97c_409cb7c/rev_00cf97c-409cb7c.revisions;0;0
/home/ramdisk/experiment1/projects/jackson-databind/revisions/rev_f2b029d_494ebce/rev_f2b029d-494ebce.revisions;0;0
/home/ramdisk/experiment1/projects/jackson-databind/revisions/rev_3f4ac32_fb5d265/rev_3f4ac32-fb5d265.revisions;0;0
/home/ramdisk/experiment1/projects/jackson-databind/revisions/rev_7eaf599_407f10e/rev_7eaf599-407f10e.revisions;0;0
/home/ramdisk/experiment1/projects/jackson-databind/revisions/rev_3097ca2_50e4de4/rev_3097ca2-50e4de4.revisions;0;0
/home/ramdisk/experiment1/projects/jackson-databind/revisions/rev_407f10e_bba3620/rev_407f10e-bba3620.revisions;0;0
/home/ramdisk/experiment1/projects/jackson-databind/revisions/rev_04ead2e_31ceee7/rev_04ead2e-31ceee7.revisions;0;0
/home/ramdisk/experiment1/projects/jackson-databind/revisions/rev_dd0f488_cd5430a/rev_dd0f488-cd5430a.revisions;0;0
/home/ramdisk/experiment1/projects/jackson-databind/revisions/rev_bd36ce4_aba2c0a/rev_bd36ce4-aba2c0a.revisions;0;0
/home/ramdisk/experiment1/projects/jackson-databind/revisions/rev_0c8642c_18eee34/rev_0c8642c-18eee34.revisions;0;0
/home/ramdisk/experiment1/projects/jackson-databind/revisions/rev_c9e63cf_d906a34/rev_c9e63cf-d906a34.revisions;0;0
/home/ramdisk/experiment1/projects/jackson-databind/revisions/rev_8da9a1a_6c283a8/rev_8da9a1a-6c283a8.revisions;0;0
/home/ramdisk/experiment1/projects/jackson-databind/revisions/rev_b2497a9_1aeb525/rev_b2497a9-1aeb525.revisions;0;0
/home/ramdisk/experiment1/projects/jackson-databind/revisions/rev_fcb3e79_d0cfb64/rev_fcb3e79-d0cfb64.revisions;0;0
/home/ramdisk/experiment1/projects/jackson-databind/revisions/rev_b65c2a6_5b6e3f6/rev_b65c2a6-5b6e3f6.revisions;0;0
/home/ramdisk/experiment1/projects/jackson-databind/revisions/rev_22ffe2e_2dbd816/rev_22ffe2e-2dbd816.revisions;0;0
/home/ramdisk/experiment1/projects/jackson-databind/revisions/rev_b285d93_f506acf/rev_b285d93-f506acf.revisions;0;0
/home/ramdisk/experiment1/projects/jackson-databind/revisions/rev_fc41d63_88b2086/rev_fc41d63-88b2086.revisions;0;0
/home/ramdisk/experiment1/projects/jackson-databind/revisions/rev_8771ed4_7703813/rev_8771ed4-7703813.revisions;0;0
/home/ramdisk/experiment1/projects/jackson-databind/revisions/rev_3f3f814_3bcde97/rev_3f3f814-3bcde97.revisions;0;0
/home/ramdisk/experiment1/projects/jackson-databind/revisions/rev_88b2086_422c4cc/rev_88b2086-422c4cc.revisions;0;0
/home/ramdisk/experiment1/projects/jackson-databind/revisions/rev_2c3cad3_4499bb6/rev_2c3cad3-4499bb6.revisions;0;0
/home/ramdisk/experiment1/projects/jackson-databind/revisions/rev_4499bb6_1bef91c/rev_4499bb6-1bef91c.revisions;0;0
/home/ramdisk/experiment1/projects/jackson-databind/revisions/rev_c229908_ab9fcac/rev_c229908-ab9fcac.revisions;0;0
/home/ramdisk/experiment1/projects/jackson-databind/revisions/rev_ab9fcac_002a9a3/rev_ab9fcac-002a9a3.revisions;0;0
/home/ramdisk/experiment1/projects/jackson-databind/revisions/rev_60081fd_61fe53a/rev_60081fd-61fe53a.revisions;0;0
/home/ramdisk/experiment1/projects/jackson-databind/revisions/rev_50a3d3e_fa6f247/rev_50a3d3e-fa6f247.revisions;0;0
/home/ramdisk/experiment1/projects/jackson-databind/revisions/rev_a0bd159_c3e0113/rev_a0bd159-c3e0113.revisions;1;0
/home/ramdisk/experiment1/projects/jackson-databind/revisions/rev_b73eb5a_00fd5ee/rev_b73eb5a-00fd5ee.revisions;0;0
/home/ramdisk/experiment1/projects/jackson-databind/revisions/rev_b2f6f9e_f609683/rev_b2f6f9e-f609683.revisions;0;0
/home/ramdisk/experiment1/projects/jackson-databind/revisions/rev_bdc22e9_d338aa5/rev_bdc22e9-d338aa5.revisions;0;0
/home/ramdisk/experiment1/projects/jackson-databind/revisions/rev_4c853f1_181a715/rev_4c853f1-181a715.revisions;0;0
/home/ramdisk/experiment1/projects/jackson-databind/revisions/rev_9434f51_522f2ba/rev_9434f51-522f2ba.revisions;0;0
/home/ramdisk/experiment1/projects/jackson-databind/revisions/rev_521314a_2851335/rev_521314a-2851335.revisions;0;0
/home/ramdisk/experiment1/projects/jackson-databind/revisions/rev_ae7122f_473795f/rev_ae7122f-473795f.revisions;0;0
/home/ramdisk/experiment1/projects/jackson-databind/revisions/rev_427f4f6_75b7049/rev_427f4f6-75b7049.revisions;0;0
/home/ramdisk/experiment1/projects/jackson-databind/revisions/rev_75b7049_d44600d/rev_75b7049-d44600d.revisions;0;0
/home/ramdisk/experiment1/projects/jackson-databind/revisions/rev_48902b1_7fe2d4f/rev_48902b1-7fe2d4f.revisions;0;0
/home/ramdisk/experiment1/projects/jackson-databind/revisions/rev_66054e2_d7155de/rev_66054e2-d7155de.revisions;0;0
/home/ramdisk/experiment1/projects/jackson-databind/revisions/rev_96716d3_2dae72f/rev_96716d3-2dae72f.revisions;0;0
/home/ramdisk/experiment1/projects/jackson-databind/revisions/rev_1850fab_9972618/rev_1850fab-9972618.revisions;0;0
/home/ramdisk/experiment1/projects/jackson-databind/revisions/rev_703e2b4_95f1df1/rev_703e2b4-95f1df1.revisions;0;0
/home/ramdisk/experiment1/projects/jackson-databind/revisions/rev_95f1df1_23a7332/rev_95f1df1-23a7332.revisions;0;0
/home/ramdisk/experiment1/projects/jackson-databind/revisions/rev_c9c78f3_749edaa/rev_c9c78f3-749edaa.revisions;0;0
/home/ramdisk/experiment1/projects/jackson-databind/revisions/rev_749edaa_d3874eb/rev_749edaa-d3874eb.revisions;0;0
/home/ramdisk/experiment1/projects/jackson-databind/revisions/rev_1bc5874_a4a6338/rev_1bc5874-a4a6338.revisions;0;0
/home/ramdisk/experiment1/projects/jackson-databind/revisions/rev_a4a6338_63afa52/rev_a4a6338-63afa52.revisions;0;0
/home/ramdisk/experiment1/projects/jackson-databind/revisions/rev_d83a0db_dfd864f/rev_d83a0db-dfd864f.revisions;0;0
/home/ramdisk/experiment1/projects/jackson-databind/revisions/rev_dfd864f_58a7f7b/rev_dfd864f-58a7f7b.revisions;0;0
/home/ramdisk/experiment1/projects/jackson-databind/revisions/rev_f33142a_55f0f3e/rev_f33142a-55f0f3e.revisions;0;0
/home/ramdisk/experiment1/projects/jackson-databind/revisions/rev_55f0f3e_16d7725/rev_55f0f3e-16d7725.revisions;0;0
/home/ramdisk/experiment1/projects/jackson-databind/revisions/rev_a66b4e0_cc478a2/rev_a66b4e0-cc478a2.revisions;0;0
/home/ramdisk/experiment1/projects/jackson-databind/revisions/rev_581ba1f_ff441e8/rev_581ba1f-ff441e8.revisions;0;0
/home/ramdisk/experiment1/projects/jackson-databind/revisions/rev_2f8eded_d31312c/rev_2f8eded-d31312c.revisions;0;0
/home/ramdisk/experiment1/projects/jackson-databind/revisions/rev_42a1089_04cb1a2/rev_42a1089-04cb1a2.revisions;0;0
/home/ramdisk/experiment1/projects/jackson-databind/revisions/rev_c59ad69_64967c4/rev_c59ad69-64967c4.revisions;1;0
/home/ramdisk/experiment1/projects/jackson-databind/revisions/rev_ce37efc_d55d422/rev_ce37efc-d55d422.revisions;0;0
/home/ramdisk/experiment1/projects/jackson-databind/revisions/rev_54fb5a3_5bd7605/rev_54fb5a3-5bd7605.revisions;0;0
/home/ramdisk/experiment1/projects/jackson-databind/revisions/rev_cb38b3d_10b6d51/rev_cb38b3d-10b6d51.revisions;0;0
/home/ramdisk/experiment1/projects/jackson-databind/revisions/rev_71430dd_0ee6a6d/rev_71430dd-0ee6a6d.revisions;0;0
/home/ramdisk/experiment1/projects/jackson-databind/revisions/rev_32886a8_ef17f26/rev_32886a8-ef17f26.revisions;0;0
/home/ramdisk/experiment1/projects/jackson-databind/revisions/rev_19fc794_ce11473/rev_19fc794-ce11473.revisions;0;0
/home/ramdisk/experiment1/projects/jackson-databind/revisions/rev_e0be428_8d5bd66/rev_e0be428-8d5bd66.revisions;0;0
/home/ramdisk/experiment1/projects/jackson-databind/revisions/rev_e0ea4fc_040706e/rev_e0ea4fc-040706e.revisions;0;0
/home/ramdisk/experiment1/projects/jackson-databind/revisions/rev_54b300b_dd55ed3/rev_54b300b-dd55ed3.revisions;0;0
/home/ramdisk/experiment1/projects/jackson-databind/revisions/rev_ab494a1_23d49e3/rev_ab494a1-23d49e3.revisions;0;0
/home/ramdisk/experiment1/projects/jackson-databind/revisions/rev_b1087a6_b96a3b5/rev_b1087a6-b96a3b5.revisions;0;0
/home/ramdisk/experiment1/projects/jackson-databind/revisions/rev_60ae600_4cfee07/rev_60ae600-4cfee07.revisions;0;0
/home/ramdisk/experiment1/projects/jackson-databind/revisions/rev_fc74771_8de9cef/rev_fc74771-8de9cef.revisions;2;0
/home/ramdisk/experiment1/projects/jackson-databind/revisions/rev_48f6587_d892303/rev_48f6587-d892303.revisions;0;0
/home/ramdisk/experiment1/projects/jackson-databind/revisions/rev_2db5afe_934f485/rev_2db5afe-934f485.revisions;0;0
/home/ramdisk/experiment1/projects/jackson-databind/revisions/rev_934f485_7c3b909/rev_934f485-7c3b909.revisions;0;0
/home/ramdisk/experiment1/projects/jackson-databind/revisions/rev_fea0d29_9919f9d/rev_fea0d29-9919f9d.revisions;0;0
/home/ramdisk/experiment1/projects/jackson-databind/revisions/rev_37461d6_3dd61ce/rev_37461d6-3dd61ce.revisions;0;0
/home/ramdisk/experiment1/projects/jackson-databind/revisions/rev_17a8c72_a2e3460/rev_17a8c72-a2e3460.revisions;0;0
/home/ramdisk/experiment1/projects/jackson-databind/revisions/rev_5b6ce55_f70ae5d/rev_5b6ce55-f70ae5d.revisions;0;0
/home/ramdisk/experiment1/projects/jackson-databind/revisions/rev_cdcf8c0_ee265db/rev_cdcf8c0-ee265db.revisions;0;0
/home/ramdisk/experiment1/projects/jackson-databind/revisions/rev_1060c1e_a546263/rev_1060c1e-a546263.revisions;0;0
/home/ramdisk/experiment1/projects/jackson-databind/revisions/rev_e088920_5f1039f/rev_e088920-5f1039f.revisions;0;0
/home/ramdisk/experiment1/projects/jackson-databind/revisions/rev_7a011ea_04c33a5/rev_7a011ea-04c33a5.revisions;0;0
/home/ramdisk/experiment1/projects/jackson-databind/revisions/rev_975286b_5f8c69e/rev_975286b-5f8c69e.revisions;0;0
/home/ramdisk/experiment1/projects/jackson-databind/revisions/rev_0730b1d_0e7e87c/rev_0730b1d-0e7e87c.revisions;0;0
/home/ramdisk/experiment1/projects/jackson-databind/revisions/rev_91e11a3_10089c7/rev_91e11a3-10089c7.revisions;0;0
/home/ramdisk/experiment1/projects/jackson-databind/revisions/rev_33c8e7d_6b9782b/rev_33c8e7d-6b9782b.revisions;0;0
/home/ramdisk/experiment1/projects/jackson-databind/revisions/rev_93a0b9b_32001a6/rev_93a0b9b-32001a6.revisions;0;0
/home/ramdisk/experiment1/projects/jackson-databind/revisions/rev_cbe4541_01a37b9/rev_cbe4541-01a37b9.revisions;0;0
/home/ramdisk/experiment1/projects/jackson-databind/revisions/rev_32001a6_6ff0838/rev_32001a6-6ff0838.revisions;0;0
/home/ramdisk/experiment1/projects/jackson-databind/revisions/rev_9f18c43_262961a/rev_9f18c43-262961a.revisions;0;0
/home/ramdisk/experiment1/projects/jackson-databind/revisions/rev_6b9782b_96eb83b/rev_6b9782b-96eb83b.revisions;0;0
/home/ramdisk/experiment1/projects/jackson-databind/revisions/rev_262961a_28ec8a4/rev_262961a-28ec8a4.revisions;0;0
/home/ramdisk/experiment1/projects/jackson-databind/revisions/rev_f4289bb_b64c773/rev_f4289bb-b64c773.revisions;0;0
/home/ramdisk/experiment1/projects/jackson-databind/revisions/rev_b64c773_6ce32ff/rev_b64c773-6ce32ff.revisions;0;0
/home/ramdisk/experiment1/projects/jackson-databind/revisions/rev_a0863bb_60d459c/rev_a0863bb-60d459c.revisions;0;0
/home/ramdisk/experiment1/projects/jackson-databind/revisions/rev_60d459c_ec859af/rev_60d459c-ec859af.revisions;0;0
/home/ramdisk/experiment1/projects/jackson-databind/revisions/rev_d6333e5_ac34972/rev_d6333e5-ac34972.revisions;0;0
/home/ramdisk/experiment1/projects/jackson-databind/revisions/rev_a699637_c091dc8/rev_a699637-c091dc8.revisions;0;0
/home/ramdisk/experiment1/projects/jackson-databind/revisions/rev_f3d729a_513ab6e/rev_f3d729a-513ab6e.revisions;0;0
/home/ramdisk/experiment1/projects/jackson-databind/revisions/rev_d9b0cae_2631f47/rev_d9b0cae-2631f47.revisions;0;0
/home/ramdisk/experiment1/projects/jackson-databind/revisions/rev_513ab6e_3bfbb83/rev_513ab6e-3bfbb83.revisions;0;0
/home/ramdisk/experiment1/projects/jackson-databind/revisions/rev_2f9d731_9004269/rev_2f9d731-9004269.revisions;0;0
/home/ramdisk/experiment1/projects/jackson-databind/revisions/rev_c9ab9b3_520cdba/rev_c9ab9b3-520cdba.revisions;0;0
/home/ramdisk/experiment1/projects/jackson-databind/revisions/rev_520cdba_d1e40ca/rev_520cdba-d1e40ca.revisions;0;0
/home/ramdisk/experiment1/projects/jackson-databind/revisions/rev_029413a_3ddf500/rev_029413a-3ddf500.revisions;0;0
/home/ramdisk/experiment1/projects/jackson-databind/revisions/rev_5223856_43f808a/rev_5223856-43f808a.revisions;0;0
/home/ramdisk/experiment1/projects/jackson-databind/revisions/rev_715f262_3a3ad7a/rev_715f262-3a3ad7a.revisions;0;0
/home/ramdisk/experiment1/projects/jackson-databind/revisions/rev_90b5ffd_56573e1/rev_90b5ffd-56573e1.revisions;0;0
/home/ramdisk/experiment1/projects/jackson-databind/revisions/rev_c09f7c0_f13cfb1/rev_c09f7c0-f13cfb1.revisions;0;0
/home/ramdisk/experiment1/projects/jackson-databind/revisions/rev_f13cfb1_86c43de/rev_f13cfb1-86c43de.revisions;0;0
/home/ramdisk/experiment1/projects/jackson-databind/revisions/rev_3e75d54_4a2b1ae/rev_3e75d54-4a2b1ae.revisions;0;0
/home/ramdisk/experiment1/projects/jackson-databind/revisions/rev_5c596ca_e03e9ba/rev_5c596ca-e03e9ba.revisions;0;0
/home/ramdisk/experiment1/projects/jackson-databind/revisions/rev_24b5821_9a083ad/rev_24b5821-9a083ad.revisions;1;0
/home/ramdisk/experiment1/projects/jackson-databind/revisions/rev_38f749b_147fb08/rev_38f749b-147fb08.revisions;0;0
/home/ramdisk/experiment1/projects/jackson-databind/revisions/rev_b8b8303_752bb8a/rev_b8b8303-752bb8a.revisions;0;0
/home/ramdisk/experiment1/projects/jackson-databind/revisions/rev_4aceaa7_45bee0d/rev_4aceaa7-45bee0d.revisions;0;0
/home/ramdisk/experiment1/projects/jackson-databind/revisions/rev_95ee512_e2476e0/rev_95ee512-e2476e0.revisions;0;0
/home/ramdisk/experiment1/projects/jackson-databind/revisions/rev_8ceb8fa_4a074aa/rev_8ceb8fa-4a074aa.revisions;0;0
/home/ramdisk/experiment1/projects/jackson-databind/revisions/rev_3bbe7da_4b00ccc/rev_3bbe7da-4b00ccc.revisions;0;0
/home/ramdisk/experiment1/projects/jackson-databind/revisions/rev_f636532_93f7e14/rev_f636532-93f7e14.revisions;0;0
/home/ramdisk/experiment1/projects/jackson-databind/revisions/rev_93f7e14_b214b98/rev_93f7e14-b214b98.revisions;0;0
/home/ramdisk/experiment1/projects/jackson-databind/revisions/rev_f39b618_247122f/rev_f39b618-247122f.revisions;0;0
/home/ramdisk/experiment1/projects/jackson-databind/revisions/rev_5671dfb_3978538/rev_5671dfb-3978538.revisions;0;0
/home/ramdisk/experiment1/projects/jackson-databind/revisions/rev_5b0eb81_fdab819/rev_5b0eb81-fdab819.revisions;0;0
/home/ramdisk/experiment1/projects/jackson-databind/revisions/rev_e353aa0_fe80e86/rev_e353aa0-fe80e86.revisions;2;0
/home/ramdisk/experiment1/projects/jackson-databind/revisions/rev_2d7fecf_5a0ce57/rev_2d7fecf-5a0ce57.revisions;0;0
/home/ramdisk/experiment1/projects/jackson-databind/revisions/rev_5a0ce57_c72fcc2/rev_5a0ce57-c72fcc2.revisions;0;0
/home/ramdisk/experiment1/projects/jackson-databind/revisions/rev_9974be0_9e99ac2/rev_9974be0-9e99ac2.revisions;0;0
/home/ramdisk/experiment1/projects/jackson-databind/revisions/rev_5a0ce57_9e99ac2/rev_5a0ce57-9e99ac2.revisions;0;0
/home/ramdisk/experiment1/projects/jackson-databind/revisions/rev_9e99ac2_9030a72/rev_9e99ac2-9030a72.revisions;0;0
/home/ramdisk/experiment1/projects/jackson-databind/revisions/rev_7683f49_dc2c003/rev_7683f49-dc2c003.revisions;16;9
/home/ramdisk/experiment1/projects/jackson-databind/revisions/rev_98024b0_075319d/rev_98024b0-075319d.revisions;0;0
/home/ramdisk/experiment1/projects/jackson-databind/revisions/rev_f84c114_e20bcc8/rev_f84c114-e20bcc8.revisions;0;0
/home/ramdisk/experiment1/projects/jackson-databind/revisions/rev_52e7662_bf52aac/rev_52e7662-bf52aac.revisions;0;0
/home/ramdisk/experiment1/projects/jackson-databind/revisions/rev_57abe4d_5e3bf08/rev_57abe4d-5e3bf08.revisions;0;0
/home/ramdisk/experiment1/projects/jackson-databind/revisions/rev_d2d2e77_33840a2/rev_d2d2e77-33840a2.revisions;0;0
/home/ramdisk/experiment1/projects/jackson-databind/revisions/rev_e20bcc8_e8f043d/rev_e20bcc8-e8f043d.revisions;0;0
/home/ramdisk/experiment1/projects/jackson-databind/revisions/rev_33840a2_872366c/rev_33840a2-872366c.revisions;0;0
/home/ramdisk/experiment1/projects/jackson-databind/revisions/rev_01bc56b_a97baad/rev_01bc56b-a97baad.revisions;0;0
/home/ramdisk/experiment1/projects/jackson-databind/revisions/rev_ce7d017_bfd0cdc/rev_ce7d017-bfd0cdc.revisions;0;0
/home/ramdisk/experiment1/projects/jackson-databind/revisions/rev_0c88969_6847680/rev_0c88969-6847680.revisions;0;0
/home/ramdisk/experiment1/projects/jackson-databind/revisions/rev_03cc86b_27491ae/rev_03cc86b-27491ae.revisions;1;0
/home/ramdisk/experiment1/projects/jackson-databind/revisions/rev_5136650_9c4a7e5/rev_5136650-9c4a7e5.revisions;2;0
/home/ramdisk/experiment1/projects/jackson-databind/revisions/rev_b688919_b9f258f/rev_b688919-b9f258f.revisions;0;0
/home/ramdisk/experiment1/projects/jackson-databind/revisions/rev_1a43f63_407a685/rev_1a43f63-407a685.revisions;0;0
/home/ramdisk/experiment1/projects/jackson-databind/revisions/rev_9c46132_ce7d1c9/rev_9c46132-ce7d1c9.revisions;0;0
/home/ramdisk/experiment1/projects/jackson-databind/revisions/rev_2b4018d_ca2aae2/rev_2b4018d-ca2aae2.revisions;0;0
/home/ramdisk/experiment1/projects/jackson-databind/revisions/rev_ca2aae2_ba4f42c/rev_ca2aae2-ba4f42c.revisions;0;0
/home/ramdisk/experiment1/projects/jackson-databind/revisions/rev_68647e7_6cd5be9/rev_68647e7-6cd5be9.revisions;0;0
/home/ramdisk/experiment1/projects/jackson-databind/revisions/rev_5643814_991ccbe/rev_5643814-991ccbe.revisions;0;0
/home/ramdisk/experiment1/projects/jackson-databind/revisions/rev_991ccbe_ddfddfb/rev_991ccbe-ddfddfb.revisions;1;0
/home/ramdisk/experiment1/projects/jackson-databind/revisions/rev_ba1d6c0_02ce588/rev_ba1d6c0-02ce588.revisions;0;0
/home/ramdisk/experiment1/projects/jackson-databind/revisions/rev_4a98917_fc0222b/rev_4a98917-fc0222b.revisions;0;0
/home/ramdisk/experiment1/projects/jackson-databind/revisions/rev_e352801_75a5385/rev_e352801-75a5385.revisions;0;0
/home/ramdisk/experiment1/projects/jackson-databind/revisions/rev_9d11c90_424f56c/rev_9d11c90-424f56c.revisions;0;0
/home/ramdisk/experiment1/projects/jackson-databind/revisions/rev_ed5ed4e_424f56c/rev_ed5ed4e-424f56c.revisions;0;0
/home/ramdisk/experiment1/projects/jackson-databind/revisions/rev_424f56c_abb168a/rev_424f56c-abb168a.revisions;0;0
/home/ramdisk/experiment1/projects/jackson-databind/revisions/rev_4cd4140_a6a999c/rev_4cd4140-a6a999c.revisions;0;0
/home/ramdisk/experiment1/projects/jackson-databind/revisions/rev_0bb4750_03cec37/rev_0bb4750-03cec37.revisions;0;0
/home/ramdisk/experiment1/projects/jackson-databind/revisions/rev_43b11ef_f11c8ad/rev_43b11ef-f11c8ad.revisions;0;0
/home/ramdisk/experiment1/projects/jackson-databind/revisions/rev_5c48390_8fda858/rev_5c48390-8fda858.revisions;0;0
/home/ramdisk/experiment1/projects/jackson-databind/revisions/rev_6655a7a_2eef7a5/rev_6655a7a-2eef7a5.revisions;0;0
/home/ramdisk/experiment1/projects/jackson-databind/revisions/rev_b308e29_28334b7/rev_b308e29-28334b7.revisions;0;0
/home/ramdisk/experiment1/projects/jackson-databind/revisions/rev_f8af119_84bbd8e/rev_f8af119-84bbd8e.revisions;0;0
/home/ramdisk/experiment1/projects/jackson-databind/revisions/rev_b69760a_5254c37/rev_b69760a-5254c37.revisions;0;0
/home/ramdisk/experiment1/projects/jackson-databind/revisions/rev_bad8803_f9ea979/rev_bad8803-f9ea979.revisions;0;0
/home/ramdisk/experiment1/projects/jackson-databind/revisions/rev_6cbe0c8_50047c2/rev_6cbe0c8-50047c2.revisions;0;0
/home/ramdisk/experiment1/projects/jackson-databind/revisions/rev_50047c2_798da68/rev_50047c2-798da68.revisions;0;0
/home/ramdisk/experiment1/projects/jackson-databind/revisions/rev_d458180_8d0b850/rev_d458180-8d0b850.revisions;0;0
/home/ramdisk/experiment1/projects/jackson-databind/revisions/rev_8d0b850_dcfb0cc/rev_8d0b850-dcfb0cc.revisions;1;0
/home/ramdisk/experiment1/projects/jackson-databind/revisions/rev_9a81cf1_3414458/rev_9a81cf1-3414458.revisions;0;0
/home/ramdisk/experiment1/projects/jackson-databind/revisions/rev_8ca9c1c_04c777f/rev_8ca9c1c-04c777f.revisions;1;0
/home/ramdisk/experiment1/projects/jackson-databind/revisions/rev_85dafb9_5ed8707/rev_85dafb9-5ed8707.revisions;0;0
/home/ramdisk/experiment1/projects/jackson-databind/revisions/rev_fb89030_5ca5907/rev_fb89030-5ca5907.revisions;0;0
/home/ramdisk/experiment1/projects/jackson-databind/revisions/rev_b0972c7_e136065/rev_b0972c7-e136065.revisions;0;0
/home/ramdisk/experiment1/projects/jackson-databind/revisions/rev_998d79f_9d4a741/rev_998d79f-9d4a741.revisions;1;0
/home/ramdisk/experiment1/projects/jackson-databind/revisions/rev_9d4a741_f7df7b6/rev_9d4a741-f7df7b6.revisions;0;0
/home/ramdisk/experiment1/projects/jackson-databind/revisions/rev_58875ff_9458672/rev_58875ff-9458672.revisions;0;0
/home/ramdisk/experiment1/projects/jackson-databind/revisions/rev_9458672_eb996aa/rev_9458672-eb996aa.revisions;0;0
/home/ramdisk/experiment1/projects/jackson-databind/revisions/rev_58ce2f2_7b743fc/rev_58ce2f2-7b743fc.revisions;0;0
/home/ramdisk/experiment1/projects/jackson-databind/revisions/rev_ed0d7b8_2122863/rev_ed0d7b8-2122863.revisions;0;0
/home/ramdisk/experiment1/projects/jackson-databind/revisions/rev_3941e8f_9c553f9/rev_3941e8f-9c553f9.revisions;0;0
/home/ramdisk/experiment1/projects/jackson-databind/revisions/rev_79a1eff_0635104/rev_79a1eff-0635104.revisions;0;0
/home/ramdisk/experiment1/projects/jackson-databind/revisions/rev_7d8ecef_b1ebd21/rev_7d8ecef-b1ebd21.revisions;0;0
/home/ramdisk/experiment1/projects/jackson-databind/revisions/rev_6da6932_93b59d7/rev_6da6932-93b59d7.revisions;0;0
/home/ramdisk/experiment1/projects/jackson-databind/revisions/rev_536e126_4998754/rev_536e126-4998754.revisions;0;0
/home/ramdisk/experiment1/projects/jackson-databind/revisions/rev_060db53_efb0684/rev_060db53-efb0684.revisions;0;0
/home/ramdisk/experiment1/projects/jackson-databind/revisions/rev_881ce22_78929a6/rev_881ce22-78929a6.revisions;0;0
/home/ramdisk/experiment1/projects/jackson-databind/revisions/rev_987b806_b06bec8/rev_987b806-b06bec8.revisions;0;0
/home/ramdisk/experiment1/projects/jackson-databind/revisions/rev_b6aa97c_39f1adf/rev_b6aa97c-39f1adf.revisions;0;0
/home/ramdisk/experiment1/projects/jackson-databind/revisions/rev_e6dc846_d6f24a1/rev_e6dc846-d6f24a1.revisions;0;0
/home/ramdisk/experiment1/projects/jackson-databind/revisions/rev_adc8512_dcd40a1/rev_adc8512-dcd40a1.revisions;0;0
/home/ramdisk/experiment1/projects/jackson-databind/revisions/rev_5013822_c96798c/rev_5013822-c96798c.revisions;0;0
/home/ramdisk/experiment1/projects/jackson-databind/revisions/rev_3c814ae_c96798c/rev_3c814ae-c96798c.revisions;0;0
/home/ramdisk/experiment1/projects/jackson-databind/revisions/rev_f1b16a8_cab130e/rev_f1b16a8-cab130e.revisions;0;0
/home/ramdisk/experiment1/projects/jackson-databind/revisions/rev_0f15664_7adceb8/rev_0f15664-7adceb8.revisions;0;0
/home/ramdisk/experiment1/projects/jackson-databind/revisions/rev_7adceb8_536e58d/rev_7adceb8-536e58d.revisions;0;0
/home/ramdisk/experiment1/projects/jackson-databind/revisions/rev_1df2bde_b505162/rev_1df2bde-b505162.revisions;0;0
/home/ramdisk/experiment1/projects/jackson-databind/revisions/rev_b505162_4675896/rev_b505162-4675896.revisions;0;0
/home/ramdisk/experiment1/projects/jackson-databind/revisions/rev_821cda7_6aa985b/rev_821cda7-6aa985b.revisions;0;0
/home/ramdisk/experiment1/projects/jackson-databind/revisions/rev_6aa985b_a1404d5/rev_6aa985b-a1404d5.revisions;0;0
/home/ramdisk/experiment1/projects/jackson-databind/revisions/rev_da90d37_e467b7e/rev_da90d37-e467b7e.revisions;0;0
/home/ramdisk/experiment1/projects/jackson-databind/revisions/rev_6ec6e3e_a43d23d/rev_6ec6e3e-a43d23d.revisions;1;0
/home/ramdisk/experiment1/projects/jackson-databind/revisions/rev_516bae4_985a3f9/rev_516bae4-985a3f9.revisions;0;0
/home/ramdisk/experiment1/projects/jackson-databind/revisions/rev_985a3f9_dfaca81/rev_985a3f9-dfaca81.revisions;0;0
/home/ramdisk/experiment1/projects/jackson-databind/revisions/rev_c2f8005_4387090/rev_c2f8005-4387090.revisions;0;0
