revision;consecutiveAndSpacingConflicts
/home/ramdisk/experiment2/projects/jmxtrans/revisions/rev_40a421a_96cc548/rev_40a421a-96cc548.revisions;0
/home/ramdisk/experiment2/projects/jmxtrans/revisions/rev_4105b80_2ebf275/rev_4105b80-2ebf275.revisions;0
/home/ramdisk/experiment2/projects/jmxtrans/revisions/rev_d210aa7_701582d/rev_d210aa7-701582d.revisions;0
/home/ramdisk/experiment2/projects/jmxtrans/revisions/rev_d565d00_38a69f2/rev_d565d00-38a69f2.revisions;0
/home/ramdisk/experiment2/projects/jmxtrans/revisions/rev_c8ecbec_091b70f/rev_c8ecbec-091b70f.revisions;0
/home/ramdisk/experiment2/projects/jmxtrans/revisions/rev_28c8498_4aa75fc/rev_28c8498-4aa75fc.revisions;0
/home/ramdisk/experiment2/projects/jmxtrans/revisions/rev_a51c9a2_80bad91/rev_a51c9a2-80bad91.revisions;0
/home/ramdisk/experiment2/projects/jmxtrans/revisions/rev_dd72c33_572c9eb/rev_dd72c33-572c9eb.revisions;0
/home/ramdisk/experiment2/projects/jmxtrans/revisions/rev_a131f6f_40a2a96/rev_a131f6f-40a2a96.revisions;0
/home/ramdisk/experiment2/projects/jmxtrans/revisions/rev_fcc8f32_d799029/rev_fcc8f32-d799029.revisions;0
/home/ramdisk/experiment2/projects/jmxtrans/revisions/rev_2973c7b_a9fb726/rev_2973c7b-a9fb726.revisions;0
/home/ramdisk/experiment2/projects/jmxtrans/revisions/rev_24b5f62_86415cb/rev_24b5f62-86415cb.revisions;0
/home/ramdisk/experiment2/projects/jmxtrans/revisions/rev_45f3fd6_f1c6771/rev_45f3fd6-f1c6771.revisions;0
/home/ramdisk/experiment2/projects/jmxtrans/revisions/rev_6a2bdc1_12cd9d4/rev_6a2bdc1-12cd9d4.revisions;0
/home/ramdisk/experiment2/projects/jmxtrans/revisions/rev_f8f0790_86415cb/rev_f8f0790-86415cb.revisions;0
/home/ramdisk/experiment2/projects/jmxtrans/revisions/rev_56518a5_86415cb/rev_56518a5-86415cb.revisions;0
/home/ramdisk/experiment2/projects/jmxtrans/revisions/rev_fbb5a40_802e5d4/rev_fbb5a40-802e5d4.revisions;0
/home/ramdisk/experiment2/projects/jmxtrans/revisions/rev_4c49cad_63cb969/rev_4c49cad-63cb969.revisions;0
/home/ramdisk/experiment2/projects/jmxtrans/revisions/rev_fcbc924_bc790e9/rev_fcbc924-bc790e9.revisions;0
/home/ramdisk/experiment2/projects/jmxtrans/revisions/rev_6a06ce8_0e0a09e/rev_6a06ce8-0e0a09e.revisions;0
/home/ramdisk/experiment2/projects/jmxtrans/revisions/rev_adc8117_5b4b52f/rev_adc8117-5b4b52f.revisions;0
/home/ramdisk/experiment2/projects/jmxtrans/revisions/rev_d2bdabd_73588dd/rev_d2bdabd-73588dd.revisions;0
/home/ramdisk/experiment2/projects/jmxtrans/revisions/rev_55475e6_7eff055/rev_55475e6-7eff055.revisions;0
/home/ramdisk/experiment2/projects/jmxtrans/revisions/rev_b6c8ead_efd6b98/rev_b6c8ead-efd6b98.revisions;0
/home/ramdisk/experiment2/projects/jmxtrans/revisions/rev_5d09f49_73722c7/rev_5d09f49-73722c7.revisions;0
/home/ramdisk/experiment2/projects/jmxtrans/revisions/rev_47048e0_36da041/rev_47048e0-36da041.revisions;0
/home/ramdisk/experiment2/projects/jmxtrans/revisions/rev_23237b1_7871126/rev_23237b1-7871126.revisions;0
/home/ramdisk/experiment2/projects/jmxtrans/revisions/rev_75a58a2_38c6c87/rev_75a58a2-38c6c87.revisions;0
/home/ramdisk/experiment2/projects/jmxtrans/revisions/rev_275509f_434295b/rev_275509f-434295b.revisions;0
/home/ramdisk/experiment2/projects/jmxtrans/revisions/rev_7bfd794_666efaf/rev_7bfd794-666efaf.revisions;0
/home/ramdisk/experiment2/projects/jmxtrans/revisions/rev_f3b95b4_33570dc/rev_f3b95b4-33570dc.revisions;0
/home/ramdisk/experiment2/projects/jmxtrans/revisions/rev_33570dc_89ff66b/rev_33570dc-89ff66b.revisions;0
/home/ramdisk/experiment2/projects/jmxtrans/revisions/rev_537b1f1_9fe934f/rev_537b1f1-9fe934f.revisions;0
/home/ramdisk/experiment2/projects/jmxtrans/revisions/rev_8915dea_5290968/rev_8915dea-5290968.revisions;0
/home/ramdisk/experiment2/projects/jmxtrans/revisions/rev_81923df_658ec43/rev_81923df-658ec43.revisions;0
/home/ramdisk/experiment2/projects/jmxtrans/revisions/rev_1ad7e35_12ccb43/rev_1ad7e35-12ccb43.revisions;0
/home/ramdisk/experiment2/projects/jmxtrans/revisions/rev_9799b6b_492a238/rev_9799b6b-492a238.revisions;0
/home/ramdisk/experiment2/projects/jmxtrans/revisions/rev_7b8281d_0b840f2/rev_7b8281d-0b840f2.revisions;0
/home/ramdisk/experiment2/projects/jmxtrans/revisions/rev_e865b63_0b00c57/rev_e865b63-0b00c57.revisions;0
/home/ramdisk/experiment2/projects/jmxtrans/revisions/rev_e1aaf1c_d9950a4/rev_e1aaf1c-d9950a4.revisions;0
/home/ramdisk/experiment2/projects/jmxtrans/revisions/rev_0e0be46_e533fb4/rev_0e0be46-e533fb4.revisions;0
/home/ramdisk/experiment2/projects/jmxtrans/revisions/rev_564983d_4df2231/rev_564983d-4df2231.revisions;0
/home/ramdisk/experiment2/projects/jmxtrans/revisions/rev_d14dbec_31b6f60/rev_d14dbec-31b6f60.revisions;0
/home/ramdisk/experiment2/projects/jmxtrans/revisions/rev_31b6f60_9e3736a/rev_31b6f60-9e3736a.revisions;0
/home/ramdisk/experiment2/projects/jmxtrans/revisions/rev_0ea7b2c_247175e/rev_0ea7b2c-247175e.revisions;0
/home/ramdisk/experiment2/projects/jmxtrans/revisions/rev_64bed26_41bcec3/rev_64bed26-41bcec3.revisions;0
/home/ramdisk/experiment2/projects/jmxtrans/revisions/rev_1984e75_249d7ea/rev_1984e75-249d7ea.revisions;0
/home/ramdisk/experiment2/projects/jmxtrans/revisions/rev_2f80799_7c3ed70/rev_2f80799-7c3ed70.revisions;0
/home/ramdisk/experiment2/projects/jmxtrans/revisions/rev_436b97e_3f17167/rev_436b97e-3f17167.revisions;0
/home/ramdisk/experiment2/projects/jmxtrans/revisions/rev_fbf2e6d_3819714/rev_fbf2e6d-3819714.revisions;0
/home/ramdisk/experiment2/projects/jmxtrans/revisions/rev_3ceab8d_e30ca05/rev_3ceab8d-e30ca05.revisions;0
/home/ramdisk/experiment2/projects/jmxtrans/revisions/rev_a35bd28_638b9b3/rev_a35bd28-638b9b3.revisions;0
/home/ramdisk/experiment2/projects/jmxtrans/revisions/rev_d1d8e8a_9ae912c/rev_d1d8e8a-9ae912c.revisions;0
/home/ramdisk/experiment2/projects/jmxtrans/revisions/rev_06acfa5_f4ac0d1/rev_06acfa5-f4ac0d1.revisions;0
/home/ramdisk/experiment2/projects/jmxtrans/revisions/rev_f4ac0d1_bf6a35d/rev_f4ac0d1-bf6a35d.revisions;0
/home/ramdisk/experiment2/projects/jmxtrans/revisions/rev_909f797_cdf0858/rev_909f797-cdf0858.revisions;0
/home/ramdisk/experiment2/projects/jmxtrans/revisions/rev_bd95c1f_73f5fe0/rev_bd95c1f-73f5fe0.revisions;0
/home/ramdisk/experiment2/projects/jmxtrans/revisions/rev_7d66dbf_aabfeee/rev_7d66dbf-aabfeee.revisions;0
/home/ramdisk/experiment2/projects/jmxtrans/revisions/rev_57d933f_1644e40/rev_57d933f-1644e40.revisions;0
/home/ramdisk/experiment2/projects/jmxtrans/revisions/rev_1e6efd4_dd9f824/rev_1e6efd4-dd9f824.revisions;0
/home/ramdisk/experiment2/projects/jmxtrans/revisions/rev_9ea1ca5_f9429b1/rev_9ea1ca5-f9429b1.revisions;0
/home/ramdisk/experiment2/projects/jmxtrans/revisions/rev_105d7aa_91ba1bc/rev_105d7aa-91ba1bc.revisions;0
/home/ramdisk/experiment2/projects/jmxtrans/revisions/rev_75903d7_f2a2521/rev_75903d7-f2a2521.revisions;0
/home/ramdisk/experiment2/projects/jmxtrans/revisions/rev_9b8082b_ab54bc0/rev_9b8082b-ab54bc0.revisions;0
/home/ramdisk/experiment2/projects/jmxtrans/revisions/rev_50cc8a3_94e4d0a/rev_50cc8a3-94e4d0a.revisions;0
/home/ramdisk/experiment2/projects/jmxtrans/revisions/rev_9b3a197_95c6f0a/rev_9b3a197-95c6f0a.revisions;0
/home/ramdisk/experiment2/projects/jmxtrans/revisions/rev_de634d2_62de8b4/rev_de634d2-62de8b4.revisions;0
/home/ramdisk/experiment2/projects/jmxtrans/revisions/rev_7c0bf5d_3fdb251/rev_7c0bf5d-3fdb251.revisions;0
/home/ramdisk/experiment2/projects/jmxtrans/revisions/rev_5059515_82f03a7/rev_5059515-82f03a7.revisions;0
/home/ramdisk/experiment2/projects/jmxtrans/revisions/rev_47e80ec_baa4d46/rev_47e80ec-baa4d46.revisions;0
/home/ramdisk/experiment2/projects/jmxtrans/revisions/rev_7577567_d0faa61/rev_7577567-d0faa61.revisions;0
/home/ramdisk/experiment2/projects/jmxtrans/revisions/rev_6a6969b_d47a43c/rev_6a6969b-d47a43c.revisions;0
/home/ramdisk/experiment2/projects/jmxtrans/revisions/rev_5bb5f50_e7c3cd9/rev_5bb5f50-e7c3cd9.revisions;0
/home/ramdisk/experiment2/projects/jmxtrans/revisions/rev_a41c79e_5c11868/rev_a41c79e-5c11868.revisions;0
/home/ramdisk/experiment2/projects/jmxtrans/revisions/rev_8214706_2d978a5/rev_8214706-2d978a5.revisions;0
/home/ramdisk/experiment2/projects/jmxtrans/revisions/rev_4e2bf86_3dcd4bd/rev_4e2bf86-3dcd4bd.revisions;0
/home/ramdisk/experiment2/projects/jmxtrans/revisions/rev_1a750dd_4d726a9/rev_1a750dd-4d726a9.revisions;0
/home/ramdisk/experiment2/projects/jmxtrans/revisions/rev_5d8719e_5c6a954/rev_5d8719e-5c6a954.revisions;0
/home/ramdisk/experiment2/projects/jmxtrans/revisions/rev_7ff5c4a_19f3b3f/rev_7ff5c4a-19f3b3f.revisions;0
/home/ramdisk/experiment2/projects/jmxtrans/revisions/rev_61eb589_74faef1/rev_61eb589-74faef1.revisions;0
/home/ramdisk/experiment2/projects/jmxtrans/revisions/rev_78d2793_df0ef09/rev_78d2793-df0ef09.revisions;0
/home/ramdisk/experiment2/projects/jmxtrans/revisions/rev_2a60193_2f793d3/rev_2a60193-2f793d3.revisions;0
/home/ramdisk/experiment2/projects/jmxtrans/revisions/rev_2f793d3_ccd9219/rev_2f793d3-ccd9219.revisions;0
/home/ramdisk/experiment2/projects/jmxtrans/revisions/rev_d67aa72_23c72c4/rev_d67aa72-23c72c4.revisions;0
/home/ramdisk/experiment2/projects/jmxtrans/revisions/rev_fc51e6c_bc08b9d/rev_fc51e6c-bc08b9d.revisions;0
/home/ramdisk/experiment2/projects/jmxtrans/revisions/rev_7e53e6b_04b533f/rev_7e53e6b-04b533f.revisions;0
/home/ramdisk/experiment2/projects/jmxtrans/revisions/rev_8b17f62_347908c/rev_8b17f62-347908c.revisions;0
/home/ramdisk/experiment2/projects/jmxtrans/revisions/rev_b762635_d7fa964/rev_b762635-d7fa964.revisions;0
/home/ramdisk/experiment2/projects/jmxtrans/revisions/rev_732cc38_7505014/rev_732cc38-7505014.revisions;0
/home/ramdisk/experiment2/projects/jmxtrans/revisions/rev_59019f6_46cf6b7/rev_59019f6-46cf6b7.revisions;0
/home/ramdisk/experiment2/projects/jmxtrans/revisions/rev_c131eed_a796330/rev_c131eed-a796330.revisions;0
/home/ramdisk/experiment2/projects/jmxtrans/revisions/rev_ff4fb78_05eb983/rev_ff4fb78-05eb983.revisions;0
/home/ramdisk/experiment2/projects/jmxtrans/revisions/rev_9a00db1_1896a10/rev_9a00db1-1896a10.revisions;0
/home/ramdisk/experiment2/projects/jmxtrans/revisions/rev_94f486b_93214e1/rev_94f486b-93214e1.revisions;0
/home/ramdisk/experiment2/projects/jmxtrans/revisions/rev_42316a6_11c0e86/rev_42316a6-11c0e86.revisions;0
/home/ramdisk/experiment2/projects/jmxtrans/revisions/rev_6a3a816_a70667b/rev_6a3a816-a70667b.revisions;0
/home/ramdisk/experiment2/projects/jmxtrans/revisions/rev_354ead6_67bbd1c/rev_354ead6-67bbd1c.revisions;0
/home/ramdisk/experiment2/projects/jmxtrans/revisions/rev_3f1fb97_9064417/rev_3f1fb97-9064417.revisions;0
/home/ramdisk/experiment2/projects/jmxtrans/revisions/rev_5c03b72_52124c5/rev_5c03b72-52124c5.revisions;0
/home/ramdisk/experiment2/projects/jmxtrans/revisions/rev_7dbcb58_51903b9/rev_7dbcb58-51903b9.revisions;0
/home/ramdisk/experiment2/projects/jmxtrans/revisions/rev_a2285f0_0142343/rev_a2285f0-0142343.revisions;0
/home/ramdisk/experiment2/projects/jmxtrans/revisions/rev_c644d21_e7167b9/rev_c644d21-e7167b9.revisions;0
/home/ramdisk/experiment2/projects/jmxtrans/revisions/rev_46ce9b0_3426535/rev_46ce9b0-3426535.revisions;0
/home/ramdisk/experiment2/projects/jmxtrans/revisions/rev_f4626a8_0591d0b/rev_f4626a8-0591d0b.revisions;0
/home/ramdisk/experiment2/projects/jmxtrans/revisions/rev_ea438c5_47e3152/rev_ea438c5-47e3152.revisions;0
/home/ramdisk/experiment2/projects/jmxtrans/revisions/rev_13b6585_97b07b2/rev_13b6585-97b07b2.revisions;0
/home/ramdisk/experiment2/projects/jmxtrans/revisions/rev_7b8db86_e949efb/rev_7b8db86-e949efb.revisions;0
/home/ramdisk/experiment2/projects/jmxtrans/revisions/rev_3967fab_229dc79/rev_3967fab-229dc79.revisions;0
/home/ramdisk/experiment2/projects/jmxtrans/revisions/rev_e6ab907_f007ff4/rev_e6ab907-f007ff4.revisions;0
/home/ramdisk/experiment2/projects/jmxtrans/revisions/rev_ceaf7ca_00ba425/rev_ceaf7ca-00ba425.revisions;0
/home/ramdisk/experiment2/projects/jmxtrans/revisions/rev_cc779f3_e72b571/rev_cc779f3-e72b571.revisions;0
/home/ramdisk/experiment2/projects/jmxtrans/revisions/rev_a62079c_aa0a425/rev_a62079c-aa0a425.revisions;0
/home/ramdisk/experiment2/projects/jmxtrans/revisions/rev_b76e8ee_4b927e3/rev_b76e8ee-4b927e3.revisions;0
/home/ramdisk/experiment2/projects/jmxtrans/revisions/rev_f5e3dee_5ed74ac/rev_f5e3dee-5ed74ac.revisions;0
/home/ramdisk/experiment2/projects/jmxtrans/revisions/rev_1d01ccd_143b73d/rev_1d01ccd-143b73d.revisions;0
/home/ramdisk/experiment2/projects/jmxtrans/revisions/rev_aeb703a_74712c4/rev_aeb703a-74712c4.revisions;0
/home/ramdisk/experiment2/projects/jmxtrans/revisions/rev_2a11f21_0f3cf02/rev_2a11f21-0f3cf02.revisions;0
/home/ramdisk/experiment2/projects/jmxtrans/revisions/rev_f3cf314_3bbd808/rev_f3cf314-3bbd808.revisions;0
/home/ramdisk/experiment2/projects/jmxtrans/revisions/rev_be7744b_7a27bb7/rev_be7744b-7a27bb7.revisions;0
/home/ramdisk/experiment2/projects/jmxtrans/revisions/rev_44eb9c7_53bf88d/rev_44eb9c7-53bf88d.revisions;0
/home/ramdisk/experiment2/projects/jmxtrans/revisions/rev_90f6bf7_698f9da/rev_90f6bf7-698f9da.revisions;0
/home/ramdisk/experiment2/projects/jmxtrans/revisions/rev_2187e06_3635f2c/rev_2187e06-3635f2c.revisions;0
/home/ramdisk/experiment2/projects/jmxtrans/revisions/rev_b268b3f_1aa9cda/rev_b268b3f-1aa9cda.revisions;0
/home/ramdisk/experiment2/projects/jmxtrans/revisions/rev_8231358_621cf0c/rev_8231358-621cf0c.revisions;0
/home/ramdisk/experiment2/projects/jmxtrans/revisions/rev_f68604a_c82b760/rev_f68604a-c82b760.revisions;0
/home/ramdisk/experiment2/projects/jmxtrans/revisions/rev_e1a2953_414a71b/rev_e1a2953-414a71b.revisions;0
/home/ramdisk/experiment2/projects/jmxtrans/revisions/rev_12ee4d3_a7f8687/rev_12ee4d3-a7f8687.revisions;0
/home/ramdisk/experiment2/projects/jmxtrans/revisions/rev_41c1417_5b7205f/rev_41c1417-5b7205f.revisions;0
/home/ramdisk/experiment2/projects/jmxtrans/revisions/rev_064dae5_d5276d5/rev_064dae5-d5276d5.revisions;0
/home/ramdisk/experiment2/projects/jmxtrans/revisions/rev_d8d511d_49dc13a/rev_d8d511d-49dc13a.revisions;0
/home/ramdisk/experiment2/projects/jmxtrans/revisions/rev_d27511b_ca5dffe/rev_d27511b-ca5dffe.revisions;0
/home/ramdisk/experiment2/projects/jmxtrans/revisions/rev_49dc13a_ed986f1/rev_49dc13a-ed986f1.revisions;0
/home/ramdisk/experiment2/projects/jmxtrans/revisions/rev_824729f_75457ad/rev_824729f-75457ad.revisions;0
/home/ramdisk/experiment2/projects/jmxtrans/revisions/rev_26c2288_c39a58d/rev_26c2288-c39a58d.revisions;0
/home/ramdisk/experiment2/projects/jmxtrans/revisions/rev_75457ad_d8d511d/rev_75457ad-d8d511d.revisions;0
/home/ramdisk/experiment2/projects/jmxtrans/revisions/rev_fe2250d_92e252b/rev_fe2250d-92e252b.revisions;0
/home/ramdisk/experiment2/projects/jmxtrans/revisions/rev_88368b4_864e2a5/rev_88368b4-864e2a5.revisions;0
/home/ramdisk/experiment2/projects/jmxtrans/revisions/rev_b5675dd_958031d/rev_b5675dd-958031d.revisions;0
/home/ramdisk/experiment2/projects/jmxtrans/revisions/rev_3d7df30_d062fd7/rev_3d7df30-d062fd7.revisions;0
/home/ramdisk/experiment2/projects/jmxtrans/revisions/rev_37e6ed8_851eb5f/rev_37e6ed8-851eb5f.revisions;0
/home/ramdisk/experiment2/projects/jmxtrans/revisions/rev_fbb4c31_a9b613a/rev_fbb4c31-a9b613a.revisions;0
/home/ramdisk/experiment2/projects/jmxtrans/revisions/rev_c8649ae_9d70efc/rev_c8649ae-9d70efc.revisions;0
/home/ramdisk/experiment2/projects/jmxtrans/revisions/rev_62d0e64_85b4efb/rev_62d0e64-85b4efb.revisions;0
/home/ramdisk/experiment2/projects/jmxtrans/revisions/rev_4ed0a5c_1d2149d/rev_4ed0a5c-1d2149d.revisions;0
/home/ramdisk/experiment2/projects/jmxtrans/revisions/rev_4d93ccc_8150742/rev_4d93ccc-8150742.revisions;0
/home/ramdisk/experiment2/projects/jmxtrans/revisions/rev_55f9029_0a9758a/rev_55f9029-0a9758a.revisions;0
/home/ramdisk/experiment2/projects/jmxtrans/revisions/rev_abf7ed0_294e791/rev_abf7ed0-294e791.revisions;0
/home/ramdisk/experiment2/projects/jmxtrans/revisions/rev_c205d8f_ce9267c/rev_c205d8f-ce9267c.revisions;0
/home/ramdisk/experiment2/projects/jmxtrans/revisions/rev_5506fbf_b931b08/rev_5506fbf-b931b08.revisions;0
/home/ramdisk/experiment2/projects/jmxtrans/revisions/rev_876a7a3_24a3335/rev_876a7a3-24a3335.revisions;0
/home/ramdisk/experiment2/projects/jmxtrans/revisions/rev_8072137_d4c1513/rev_8072137-d4c1513.revisions;0
/home/ramdisk/experiment2/projects/jmxtrans/revisions/rev_5d81dba_7fd207b/rev_5d81dba-7fd207b.revisions;0
/home/ramdisk/experiment2/projects/jmxtrans/revisions/rev_2aee1aa_423096f/rev_2aee1aa-423096f.revisions;0
/home/ramdisk/experiment2/projects/jmxtrans/revisions/rev_6398ae7_bc4aa26/rev_6398ae7-bc4aa26.revisions;0
/home/ramdisk/experiment2/projects/jmxtrans/revisions/rev_90d67df_fb79324/rev_90d67df-fb79324.revisions;0
/home/ramdisk/experiment2/projects/jmxtrans/revisions/rev_be18bca_b560dfa/rev_be18bca-b560dfa.revisions;0
/home/ramdisk/experiment2/projects/jmxtrans/revisions/rev_cfa4684_138b326/rev_cfa4684-138b326.revisions;0
/home/ramdisk/experiment2/projects/jmxtrans/revisions/rev_78b7c86_3986dfc/rev_78b7c86-3986dfc.revisions;0
/home/ramdisk/experiment2/projects/jmxtrans/revisions/rev_8b26f4f_ca56ab0/rev_8b26f4f-ca56ab0.revisions;0
/home/ramdisk/experiment2/projects/jmxtrans/revisions/rev_ca56ab0_15d00b7/rev_ca56ab0-15d00b7.revisions;0
/home/ramdisk/experiment2/projects/jmxtrans/revisions/rev_a512dc6_ab9a4b9/rev_a512dc6-ab9a4b9.revisions;0
/home/ramdisk/experiment2/projects/jmxtrans/revisions/rev_a7bd880_7f7073a/rev_a7bd880-7f7073a.revisions;0
/home/ramdisk/experiment2/projects/jmxtrans/revisions/rev_5011b66_44af8f1/rev_5011b66-44af8f1.revisions;0
/home/ramdisk/experiment2/projects/jmxtrans/revisions/rev_9dde47a_75f859c/rev_9dde47a-75f859c.revisions;0
/home/ramdisk/experiment2/projects/jmxtrans/revisions/rev_75f859c_984b4e9/rev_75f859c-984b4e9.revisions;0
/home/ramdisk/experiment2/projects/jmxtrans/revisions/rev_3f9811b_369e73a/rev_3f9811b-369e73a.revisions;0
/home/ramdisk/experiment2/projects/jmxtrans/revisions/rev_0c59990_7712dd7/rev_0c59990-7712dd7.revisions;0
/home/ramdisk/experiment2/projects/jmxtrans/revisions/rev_5be4b92_aef70d5/rev_5be4b92-aef70d5.revisions;0
/home/ramdisk/experiment2/projects/jmxtrans/revisions/rev_be9ae0d_7aad40a/rev_be9ae0d-7aad40a.revisions;0
/home/ramdisk/experiment2/projects/jmxtrans/revisions/rev_63385b8_726c400/rev_63385b8-726c400.revisions;0
/home/ramdisk/experiment2/projects/jmxtrans/revisions/rev_3a86466_b667174/rev_3a86466-b667174.revisions;0
/home/ramdisk/experiment2/projects/jmxtrans/revisions/rev_e695c40_fc977ae/rev_e695c40-fc977ae.revisions;0
/home/ramdisk/experiment2/projects/jmxtrans/revisions/rev_78afc99_6808c2f/rev_78afc99-6808c2f.revisions;0
/home/ramdisk/experiment2/projects/jmxtrans/revisions/rev_cd0a7ec_a913396/rev_cd0a7ec-a913396.revisions;0
/home/ramdisk/experiment2/projects/jmxtrans/revisions/rev_c82ec81_5c3e914/rev_c82ec81-5c3e914.revisions;0
/home/ramdisk/experiment2/projects/jmxtrans/revisions/rev_f4273b3_db3d9e7/rev_f4273b3-db3d9e7.revisions;0
/home/ramdisk/experiment2/projects/jmxtrans/revisions/rev_369e73a_2f2ca75/rev_369e73a-2f2ca75.revisions;0
/home/ramdisk/experiment2/projects/jmxtrans/revisions/rev_2f2ca75_94828f1/rev_2f2ca75-94828f1.revisions;0
/home/ramdisk/experiment2/projects/jmxtrans/revisions/rev_8ed0a72_c790fd4/rev_8ed0a72-c790fd4.revisions;0
/home/ramdisk/experiment2/projects/jmxtrans/revisions/rev_7d227ae_70f3aa3/rev_7d227ae-70f3aa3.revisions;0
/home/ramdisk/experiment2/projects/jmxtrans/revisions/rev_283d421_b636958/rev_283d421-b636958.revisions;0
/home/ramdisk/experiment2/projects/jmxtrans/revisions/rev_b636958_28fc3e4/rev_b636958-28fc3e4.revisions;0
/home/ramdisk/experiment2/projects/jmxtrans/revisions/rev_dc14a55_5bef908/rev_dc14a55-5bef908.revisions;0
/home/ramdisk/experiment2/projects/jmxtrans/revisions/rev_bbff264_f3cb374/rev_bbff264-f3cb374.revisions;0
/home/ramdisk/experiment2/projects/jmxtrans/revisions/rev_5bf2877_714fb46/rev_5bf2877-714fb46.revisions;0
/home/ramdisk/experiment2/projects/jmxtrans/revisions/rev_713952c_3ea263e/rev_713952c-3ea263e.revisions;0
/home/ramdisk/experiment2/projects/jmxtrans/revisions/rev_713952c_c61bf38/rev_713952c-c61bf38.revisions;0
/home/ramdisk/experiment2/projects/jmxtrans/revisions/rev_6c6cfee_6d9197c/rev_6c6cfee-6d9197c.revisions;0
/home/ramdisk/experiment2/projects/jmxtrans/revisions/rev_8dbb86d_3d69e0c/rev_8dbb86d-3d69e0c.revisions;0
/home/ramdisk/experiment2/projects/jmxtrans/revisions/rev_3d69e0c_4b84401/rev_3d69e0c-4b84401.revisions;0
/home/ramdisk/experiment2/projects/jmxtrans/revisions/rev_affea16_f400eff/rev_affea16-f400eff.revisions;0
/home/ramdisk/experiment2/projects/jmxtrans/revisions/rev_c1f23ce_5d8c2ac/rev_c1f23ce-5d8c2ac.revisions;0
/home/ramdisk/experiment2/projects/jmxtrans/revisions/rev_bd0e3da_bc91b55/rev_bd0e3da-bc91b55.revisions;0
/home/ramdisk/experiment2/projects/jmxtrans/revisions/rev_8b8d754_de00367/rev_8b8d754-de00367.revisions;0
/home/ramdisk/experiment2/projects/jmxtrans/revisions/rev_5da334d_bd3bd2c/rev_5da334d-bd3bd2c.revisions;0
/home/ramdisk/experiment2/projects/jmxtrans/revisions/rev_de08632_2d36df7/rev_de08632-2d36df7.revisions;0
/home/ramdisk/experiment2/projects/jmxtrans/revisions/rev_1b5d9d7_bded405/rev_1b5d9d7-bded405.revisions;0
/home/ramdisk/experiment2/projects/jmxtrans/revisions/rev_d16ea42_4660875/rev_d16ea42-4660875.revisions;0
/home/ramdisk/experiment2/projects/jmxtrans/revisions/rev_5a1d205_3078b46/rev_5a1d205-3078b46.revisions;0
/home/ramdisk/experiment2/projects/jmxtrans/revisions/rev_ae0ab22_cb7706b/rev_ae0ab22-cb7706b.revisions;0
/home/ramdisk/experiment2/projects/jmxtrans/revisions/rev_4ff16e8_56f4120/rev_4ff16e8-56f4120.revisions;0
/home/ramdisk/experiment2/projects/jmxtrans/revisions/rev_3bcdb99_8d9e576/rev_3bcdb99-8d9e576.revisions;0
/home/ramdisk/experiment2/projects/jmxtrans/revisions/rev_71db9e9_7da5eea/rev_71db9e9-7da5eea.revisions;0
/home/ramdisk/experiment2/projects/jmxtrans/revisions/rev_79ec934_e87a629/rev_79ec934-e87a629.revisions;0
/home/ramdisk/experiment2/projects/jmxtrans/revisions/rev_fd4d146_4cdd101/rev_fd4d146-4cdd101.revisions;0
/home/ramdisk/experiment2/projects/jmxtrans/revisions/rev_e87a629_c770a34/rev_e87a629-c770a34.revisions;0
/home/ramdisk/experiment2/projects/jmxtrans/revisions/rev_d5f2c4b_c9c8536/rev_d5f2c4b-c9c8536.revisions;0
/home/ramdisk/experiment2/projects/jmxtrans/revisions/rev_71ebcb5_fcfa393/rev_71ebcb5-fcfa393.revisions;0
/home/ramdisk/experiment2/projects/jmxtrans/revisions/rev_233e187_40d4e2f/rev_233e187-40d4e2f.revisions;0
/home/ramdisk/experiment2/projects/jmxtrans/revisions/rev_21c55c6_abac0e7/rev_21c55c6-abac0e7.revisions;0
/home/ramdisk/experiment2/projects/jmxtrans/revisions/rev_2d66fea_5715a09/rev_2d66fea-5715a09.revisions;0
/home/ramdisk/experiment2/projects/jmxtrans/revisions/rev_bd3bd2c_609b1a5/rev_bd3bd2c-609b1a5.revisions;0
/home/ramdisk/experiment2/projects/jmxtrans/revisions/rev_19a4aef_9d56a83/rev_19a4aef-9d56a83.revisions;0
/home/ramdisk/experiment2/projects/jmxtrans/revisions/rev_1ef9d77_3697b0f/rev_1ef9d77-3697b0f.revisions;0
/home/ramdisk/experiment2/projects/jmxtrans/revisions/rev_ae898b5_bd47b2c/rev_ae898b5-bd47b2c.revisions;0
/home/ramdisk/experiment2/projects/jmxtrans/revisions/rev_bd47b2c_74f5377/rev_bd47b2c-74f5377.revisions;0
/home/ramdisk/experiment2/projects/jmxtrans/revisions/rev_fe83b9f_4184b57/rev_fe83b9f-4184b57.revisions;0
/home/ramdisk/experiment2/projects/jmxtrans/revisions/rev_0096e00_8433084/rev_0096e00-8433084.revisions;0
/home/ramdisk/experiment2/projects/jmxtrans/revisions/rev_9a562a9_f7c022d/rev_9a562a9-f7c022d.revisions;0
/home/ramdisk/experiment2/projects/jmxtrans/revisions/rev_bd99635_922f883/rev_bd99635-922f883.revisions;0
/home/ramdisk/experiment2/projects/jmxtrans/revisions/rev_effe12d_4ad6ad3/rev_effe12d-4ad6ad3.revisions;0
/home/ramdisk/experiment2/projects/jmxtrans/revisions/rev_21d1d90_6002863/rev_21d1d90-6002863.revisions;0
/home/ramdisk/experiment2/projects/jmxtrans/revisions/rev_19a4aef_c496c2a/rev_19a4aef-c496c2a.revisions;0
/home/ramdisk/experiment2/projects/jmxtrans/revisions/rev_c496c2a_88bec3e/rev_c496c2a-88bec3e.revisions;0
/home/ramdisk/experiment2/projects/jmxtrans/revisions/rev_2202f8d_65ec07c/rev_2202f8d-65ec07c.revisions;0
/home/ramdisk/experiment2/projects/jmxtrans/revisions/rev_0d4a545_0877bef/rev_0d4a545-0877bef.revisions;0
/home/ramdisk/experiment2/projects/jmxtrans/revisions/rev_7ac7645_30c06a2/rev_7ac7645-30c06a2.revisions;0
/home/ramdisk/experiment2/projects/jmxtrans/revisions/rev_6b752e6_f7d65d6/rev_6b752e6-f7d65d6.revisions;0
/home/ramdisk/experiment2/projects/jmxtrans/revisions/rev_a2402a2_024f856/rev_a2402a2-024f856.revisions;0
/home/ramdisk/experiment2/projects/jmxtrans/revisions/rev_46892eb_60f901f/rev_46892eb-60f901f.revisions;0
/home/ramdisk/experiment2/projects/jmxtrans/revisions/rev_cfc54b1_27a2586/rev_cfc54b1-27a2586.revisions;0
/home/ramdisk/experiment2/projects/jmxtrans/revisions/rev_06b2f21_e8e88f5/rev_06b2f21-e8e88f5.revisions;0
/home/ramdisk/experiment2/projects/jmxtrans/revisions/rev_9a62bf8_fdf11ac/rev_9a62bf8-fdf11ac.revisions;0
/home/ramdisk/experiment2/projects/jmxtrans/revisions/rev_18f32f3_9880d48/rev_18f32f3-9880d48.revisions;0
/home/ramdisk/experiment2/projects/jmxtrans/revisions/rev_51ae65e_6a9e2c5/rev_51ae65e-6a9e2c5.revisions;0
/home/ramdisk/experiment2/projects/jmxtrans/revisions/rev_6b98ddb_c99935f/rev_6b98ddb-c99935f.revisions;0
/home/ramdisk/experiment2/projects/jmxtrans/revisions/rev_f0aea07_58a6fb2/rev_f0aea07-58a6fb2.revisions;0
/home/ramdisk/experiment2/projects/jmxtrans/revisions/rev_482a791_fe1dc66/rev_482a791-fe1dc66.revisions;0
/home/ramdisk/experiment2/projects/jmxtrans/revisions/rev_e231349_d6ac00b/rev_e231349-d6ac00b.revisions;0
/home/ramdisk/experiment2/projects/jmxtrans/revisions/rev_3ebb084_21f391b/rev_3ebb084-21f391b.revisions;0
/home/ramdisk/experiment2/projects/jmxtrans/revisions/rev_88784cf_8cb6737/rev_88784cf-8cb6737.revisions;0
/home/ramdisk/experiment2/projects/jmxtrans/revisions/rev_47b756f_7619bb7/rev_47b756f-7619bb7.revisions;0
/home/ramdisk/experiment2/projects/jmxtrans/revisions/rev_fcbdd6c_c0032fa/rev_fcbdd6c-c0032fa.revisions;0
/home/ramdisk/experiment2/projects/jmxtrans/revisions/rev_91e75fe_fffb346/rev_91e75fe-fffb346.revisions;0
/home/ramdisk/experiment2/projects/jmxtrans/revisions/rev_a9e7cea_90056fa/rev_a9e7cea-90056fa.revisions;0
/home/ramdisk/experiment2/projects/jmxtrans/revisions/rev_ccbf8b2_1528ddb/rev_ccbf8b2-1528ddb.revisions;0
/home/ramdisk/experiment2/projects/jmxtrans/revisions/rev_e118a14_424d3d5/rev_e118a14-424d3d5.revisions;0
/home/ramdisk/experiment2/projects/jmxtrans/revisions/rev_a57c00b_b7fdc39/rev_a57c00b-b7fdc39.revisions;0
/home/ramdisk/experiment2/projects/jmxtrans/revisions/rev_5a2b755_62ecb80/rev_5a2b755-62ecb80.revisions;0
/home/ramdisk/experiment2/projects/jmxtrans/revisions/rev_7e7dbac_9efa07a/rev_7e7dbac-9efa07a.revisions;0
/home/ramdisk/experiment2/projects/jmxtrans/revisions/rev_88bec3e_46acca3/rev_88bec3e-46acca3.revisions;0
/home/ramdisk/experiment2/projects/jmxtrans/revisions/rev_b71c922_b72d148/rev_b71c922-b72d148.revisions;0
/home/ramdisk/experiment2/projects/jmxtrans/revisions/rev_8531b22_5e490f5/rev_8531b22-5e490f5.revisions;0
/home/ramdisk/experiment2/projects/jmxtrans/revisions/rev_0ffee17_78595fe/rev_0ffee17-78595fe.revisions;0
/home/ramdisk/experiment2/projects/jmxtrans/revisions/rev_fcb564d_072bbde/rev_fcb564d-072bbde.revisions;0
/home/ramdisk/experiment2/projects/jmxtrans/revisions/rev_b67b518_8ceff08/rev_b67b518-8ceff08.revisions;0
/home/ramdisk/experiment2/projects/jmxtrans/revisions/rev_e0be28f_7e66573/rev_e0be28f-7e66573.revisions;0
/home/ramdisk/experiment2/projects/jmxtrans/revisions/rev_424587a_415ed2a/rev_424587a-415ed2a.revisions;0
/home/ramdisk/experiment2/projects/jmxtrans/revisions/rev_3815d93_4a573c9/rev_3815d93-4a573c9.revisions;0
/home/ramdisk/experiment2/projects/jmxtrans/revisions/rev_bc1ef49_d773096/rev_bc1ef49-d773096.revisions;0
/home/ramdisk/experiment2/projects/jmxtrans/revisions/rev_ec61532_01ec77a/rev_ec61532-01ec77a.revisions;0
/home/ramdisk/experiment2/projects/jmxtrans/revisions/rev_7f5b04b_0c74e2a/rev_7f5b04b-0c74e2a.revisions;0
/home/ramdisk/experiment2/projects/jmxtrans/revisions/rev_b20f2cc_8af97e4/rev_b20f2cc-8af97e4.revisions;0
/home/ramdisk/experiment2/projects/jmxtrans/revisions/rev_ef459bf_fe5a6d0/rev_ef459bf-fe5a6d0.revisions;0
/home/ramdisk/experiment2/projects/jmxtrans/revisions/rev_9544600_fcb8668/rev_9544600-fcb8668.revisions;0
/home/ramdisk/experiment2/projects/jmxtrans/revisions/rev_62025e0_2da06d1/rev_62025e0-2da06d1.revisions;0
/home/ramdisk/experiment2/projects/jmxtrans/revisions/rev_b352464_36b3b49/rev_b352464-36b3b49.revisions;0
/home/ramdisk/experiment2/projects/jmxtrans/revisions/rev_a572243_fd88398/rev_a572243-fd88398.revisions;0
/home/ramdisk/experiment2/projects/jmxtrans/revisions/rev_347835e_6dd9d71/rev_347835e-6dd9d71.revisions;0
/home/ramdisk/experiment2/projects/jmxtrans/revisions/rev_b71c922_a6734c0/rev_b71c922-a6734c0.revisions;0
/home/ramdisk/experiment2/projects/jmxtrans/revisions/rev_c8f4023_8bc3708/rev_c8f4023-8bc3708.revisions;0
/home/ramdisk/experiment2/projects/jmxtrans/revisions/rev_b77c2e9_c8c3e30/rev_b77c2e9-c8c3e30.revisions;0
/home/ramdisk/experiment2/projects/jmxtrans/revisions/rev_988a23c_3a62529/rev_988a23c-3a62529.revisions;0
/home/ramdisk/experiment2/projects/jmxtrans/revisions/rev_6a519dc_8cfe1ad/rev_6a519dc-8cfe1ad.revisions;0
/home/ramdisk/experiment2/projects/jmxtrans/revisions/rev_241c450_a163560/rev_241c450-a163560.revisions;0
/home/ramdisk/experiment2/projects/jmxtrans/revisions/rev_b405303_1e08a45/rev_b405303-1e08a45.revisions;0
/home/ramdisk/experiment2/projects/jmxtrans/revisions/rev_a7c1302_722d0af/rev_a7c1302-722d0af.revisions;0
/home/ramdisk/experiment2/projects/jmxtrans/revisions/rev_aae7956_0b8bd70/rev_aae7956-0b8bd70.revisions;0
/home/ramdisk/experiment2/projects/jmxtrans/revisions/rev_17aece9_85f98b3/rev_17aece9-85f98b3.revisions;0
/home/ramdisk/experiment2/projects/jmxtrans/revisions/rev_d039013_a52a6af/rev_d039013-a52a6af.revisions;0
/home/ramdisk/experiment2/projects/jmxtrans/revisions/rev_c29b941_de285d2/rev_c29b941-de285d2.revisions;0
/home/ramdisk/experiment2/projects/jmxtrans/revisions/rev_6f08f41_eeb0d6a/rev_6f08f41-eeb0d6a.revisions;0
/home/ramdisk/experiment2/projects/jmxtrans/revisions/rev_cf7ffa0_42ee360/rev_cf7ffa0-42ee360.revisions;0
/home/ramdisk/experiment2/projects/jmxtrans/revisions/rev_6a519dc_f906853/rev_6a519dc-f906853.revisions;0
/home/ramdisk/experiment2/projects/jmxtrans/revisions/rev_98b9153_16436b2/rev_98b9153-16436b2.revisions;0
/home/ramdisk/experiment2/projects/jmxtrans/revisions/rev_3460071_f3fa501/rev_3460071-f3fa501.revisions;0
/home/ramdisk/experiment2/projects/jmxtrans/revisions/rev_9441472_3452389/rev_9441472-3452389.revisions;0
/home/ramdisk/experiment2/projects/jmxtrans/revisions/rev_b4bfa7e_321b6aa/rev_b4bfa7e-321b6aa.revisions;0
/home/ramdisk/experiment2/projects/jmxtrans/revisions/rev_d4e32c9_ea52863/rev_d4e32c9-ea52863.revisions;0
/home/ramdisk/experiment2/projects/jmxtrans/revisions/rev_5e6faff_35ffaa4/rev_5e6faff-35ffaa4.revisions;0
/home/ramdisk/experiment2/projects/jmxtrans/revisions/rev_98b9153_673a024/rev_98b9153-673a024.revisions;0
/home/ramdisk/experiment2/projects/jmxtrans/revisions/rev_673a024_0be9ca7/rev_673a024-0be9ca7.revisions;0
/home/ramdisk/experiment2/projects/jmxtrans/revisions/rev_bdf340b_d087ebd/rev_bdf340b-d087ebd.revisions;0
/home/ramdisk/experiment2/projects/jmxtrans/revisions/rev_0be9ca7_daa88ee/rev_0be9ca7-daa88ee.revisions;0
/home/ramdisk/experiment2/projects/jmxtrans/revisions/rev_daa88ee_506d2b1/rev_daa88ee-506d2b1.revisions;0
/home/ramdisk/experiment2/projects/jmxtrans/revisions/rev_506d2b1_2104668/rev_506d2b1-2104668.revisions;0
/home/ramdisk/experiment2/projects/jmxtrans/revisions/rev_2104668_e23eff2/rev_2104668-e23eff2.revisions;0
/home/ramdisk/experiment2/projects/jmxtrans/revisions/rev_6db1aeb_d64ddb5/rev_6db1aeb-d64ddb5.revisions;0
/home/ramdisk/experiment2/projects/jmxtrans/revisions/rev_e434779_b4411b7/rev_e434779-b4411b7.revisions;0
/home/ramdisk/experiment2/projects/jmxtrans/revisions/rev_e23eff2_59c5190/rev_e23eff2-59c5190.revisions;0
/home/ramdisk/experiment2/projects/jmxtrans/revisions/rev_59c5190_fca333f/rev_59c5190-fca333f.revisions;0
/home/ramdisk/experiment2/projects/jmxtrans/revisions/rev_4b116e8_c3ea411/rev_4b116e8-c3ea411.revisions;0
/home/ramdisk/experiment2/projects/jmxtrans/revisions/rev_abc5c77_5d3dbdc/rev_abc5c77-5d3dbdc.revisions;0
/home/ramdisk/experiment2/projects/jmxtrans/revisions/rev_fca333f_4186af6/rev_fca333f-4186af6.revisions;0
/home/ramdisk/experiment2/projects/jmxtrans/revisions/rev_4186af6_9ad42f9/rev_4186af6-9ad42f9.revisions;0
/home/ramdisk/experiment2/projects/jmxtrans/revisions/rev_9ad42f9_e960b25/rev_9ad42f9-e960b25.revisions;0
/home/ramdisk/experiment2/projects/jmxtrans/revisions/rev_5128e10_9e0c383/rev_5128e10-9e0c383.revisions;0
/home/ramdisk/experiment2/projects/jmxtrans/revisions/rev_a0fcb00_86b58a8/rev_a0fcb00-86b58a8.revisions;0
/home/ramdisk/experiment2/projects/jmxtrans/revisions/rev_9e0c383_86b58a8/rev_9e0c383-86b58a8.revisions;0
/home/ramdisk/experiment2/projects/jmxtrans/revisions/rev_244eb82_a01caae/rev_244eb82-a01caae.revisions;0
/home/ramdisk/experiment2/projects/jmxtrans/revisions/rev_99492a2_dedd426/rev_99492a2-dedd426.revisions;0
/home/ramdisk/experiment2/projects/jmxtrans/revisions/rev_bd0f5e8_e96128d/rev_bd0f5e8-e96128d.revisions;0
/home/ramdisk/experiment2/projects/jmxtrans/revisions/rev_e6ccbb5_7cdfaaa/rev_e6ccbb5-7cdfaaa.revisions;0
/home/ramdisk/experiment2/projects/jmxtrans/revisions/rev_b12a24b_15ed5c6/rev_b12a24b-15ed5c6.revisions;0
