revision;duplications
/home/ramdisk/experiment4/projects/cucumber-jvm/revisions/rev_413c3a2_6244128/rev_413c3a2-6244128.revisions;0
/home/ramdisk/experiment4/projects/cucumber-jvm/revisions/rev_6d59b9f_bd29fc2/rev_6d59b9f-bd29fc2.revisions;0
/home/ramdisk/experiment4/projects/cucumber-jvm/revisions/rev_8226e58_32e82dc/rev_8226e58-32e82dc.revisions;0
/home/ramdisk/experiment4/projects/cucumber-jvm/revisions/rev_df0a2e6_8f75c36/rev_df0a2e6-8f75c36.revisions;0
/home/ramdisk/experiment4/projects/cucumber-jvm/revisions/rev_56c5899_75037c8/rev_56c5899-75037c8.revisions;0
/home/ramdisk/experiment4/projects/cucumber-jvm/revisions/rev_fb20fd2_c9fa125/rev_fb20fd2-c9fa125.revisions;0
/home/ramdisk/experiment4/projects/cucumber-jvm/revisions/rev_5425d10_c8ec77a/rev_5425d10-c8ec77a.revisions;0
/home/ramdisk/experiment4/projects/cucumber-jvm/revisions/rev_3e33987_b613c76/rev_3e33987-b613c76.revisions;0
/home/ramdisk/experiment4/projects/cucumber-jvm/revisions/rev_b613c76_f5ccfef/rev_b613c76-f5ccfef.revisions;0
/home/ramdisk/experiment4/projects/cucumber-jvm/revisions/rev_0485b26_46b531e/rev_0485b26-46b531e.revisions;0
/home/ramdisk/experiment4/projects/cucumber-jvm/revisions/rev_4b1df76_3f41b5f/rev_4b1df76-3f41b5f.revisions;0
/home/ramdisk/experiment4/projects/cucumber-jvm/revisions/rev_9b57506_e59364f/rev_9b57506-e59364f.revisions;0
/home/ramdisk/experiment4/projects/cucumber-jvm/revisions/rev_89362e0_08e65dd/rev_89362e0-08e65dd.revisions;0
/home/ramdisk/experiment4/projects/cucumber-jvm/revisions/rev_84b63a9_dca7749/rev_84b63a9-dca7749.revisions;0
/home/ramdisk/experiment4/projects/cucumber-jvm/revisions/rev_d218e7e_1708b2a/rev_d218e7e-1708b2a.revisions;0
/home/ramdisk/experiment4/projects/cucumber-jvm/revisions/rev_db70ab6_e189683/rev_db70ab6-e189683.revisions;0
/home/ramdisk/experiment4/projects/cucumber-jvm/revisions/rev_9e536cb_5fa138d/rev_9e536cb-5fa138d.revisions;0
/home/ramdisk/experiment4/projects/cucumber-jvm/revisions/rev_32cfdbd_2f16f53/rev_32cfdbd-2f16f53.revisions;0
/home/ramdisk/experiment4/projects/cucumber-jvm/revisions/rev_a976d5d_6546cd9/rev_a976d5d-6546cd9.revisions;0
/home/ramdisk/experiment4/projects/cucumber-jvm/revisions/rev_ffcd9da_0091ad5/rev_ffcd9da-0091ad5.revisions;0
/home/ramdisk/experiment4/projects/cucumber-jvm/revisions/rev_b339f00_326f52b/rev_b339f00-326f52b.revisions;0
/home/ramdisk/experiment4/projects/cucumber-jvm/revisions/rev_ef51259_e7074d2/rev_ef51259-e7074d2.revisions;0
/home/ramdisk/experiment4/projects/cucumber-jvm/revisions/rev_156cf71_8dc10c1/rev_156cf71-8dc10c1.revisions;0
/home/ramdisk/experiment4/projects/cucumber-jvm/revisions/rev_5466f46_1004d46/rev_5466f46-1004d46.revisions;0
/home/ramdisk/experiment4/projects/cucumber-jvm/revisions/rev_46c22a5_7c91c6b/rev_46c22a5-7c91c6b.revisions;0
/home/ramdisk/experiment4/projects/cucumber-jvm/revisions/rev_ca5dab6_f6d0fba/rev_ca5dab6-f6d0fba.revisions;0
/home/ramdisk/experiment4/projects/cucumber-jvm/revisions/rev_34addb3_1eb7936/rev_34addb3-1eb7936.revisions;0
/home/ramdisk/experiment4/projects/cucumber-jvm/revisions/rev_f13b186_62ed918/rev_f13b186-62ed918.revisions;0
/home/ramdisk/experiment4/projects/cucumber-jvm/revisions/rev_c79c20e_f3ec556/rev_c79c20e-f3ec556.revisions;0
/home/ramdisk/experiment4/projects/cucumber-jvm/revisions/rev_4f458e7_62ed918/rev_4f458e7-62ed918.revisions;0
/home/ramdisk/experiment4/projects/cucumber-jvm/revisions/rev_4505c15_a587a9b/rev_4505c15-a587a9b.revisions;0
/home/ramdisk/experiment4/projects/cucumber-jvm/revisions/rev_9056fbe_bfa6303/rev_9056fbe-bfa6303.revisions;0
/home/ramdisk/experiment4/projects/cucumber-jvm/revisions/rev_a276e0b_8b5f308/rev_a276e0b-8b5f308.revisions;0
/home/ramdisk/experiment4/projects/cucumber-jvm/revisions/rev_d4d12e7_8b5f308/rev_d4d12e7-8b5f308.revisions;0
/home/ramdisk/experiment4/projects/cucumber-jvm/revisions/rev_d5fe074_0bbe426/rev_d5fe074-0bbe426.revisions;0
/home/ramdisk/experiment4/projects/cucumber-jvm/revisions/rev_5089672_36e1a3f/rev_5089672-36e1a3f.revisions;0
/home/ramdisk/experiment4/projects/cucumber-jvm/revisions/rev_36e1a3f_5089672/rev_36e1a3f-5089672.revisions;0
/home/ramdisk/experiment4/projects/cucumber-jvm/revisions/rev_c177943_b07d8e5/rev_c177943-b07d8e5.revisions;0
/home/ramdisk/experiment4/projects/cucumber-jvm/revisions/rev_b94c3b7_d26e47f/rev_b94c3b7-d26e47f.revisions;0
/home/ramdisk/experiment4/projects/cucumber-jvm/revisions/rev_6324302_d26e47f/rev_6324302-d26e47f.revisions;0
/home/ramdisk/experiment4/projects/cucumber-jvm/revisions/rev_ac52a4f_1a8671d/rev_ac52a4f-1a8671d.revisions;0
/home/ramdisk/experiment4/projects/cucumber-jvm/revisions/rev_dd792fc_1a8671d/rev_dd792fc-1a8671d.revisions;0
/home/ramdisk/experiment4/projects/cucumber-jvm/revisions/rev_3e1888d_e57927f/rev_3e1888d-e57927f.revisions;0
/home/ramdisk/experiment4/projects/cucumber-jvm/revisions/rev_58d5b9a_9aeeae7/rev_58d5b9a-9aeeae7.revisions;0
/home/ramdisk/experiment4/projects/cucumber-jvm/revisions/rev_a80ebbc_ba06be8/rev_a80ebbc-ba06be8.revisions;0
/home/ramdisk/experiment4/projects/cucumber-jvm/revisions/rev_c9c7418_b9a9165/rev_c9c7418-b9a9165.revisions;0
/home/ramdisk/experiment4/projects/cucumber-jvm/revisions/rev_ba3c952_a80ea17/rev_ba3c952-a80ea17.revisions;0
/home/ramdisk/experiment4/projects/cucumber-jvm/revisions/rev_ae8af41_9551c76/rev_ae8af41-9551c76.revisions;0
/home/ramdisk/experiment4/projects/cucumber-jvm/revisions/rev_ae8af41_9551c76/rev_ae8af41-9551c76.revisions;0
/home/ramdisk/experiment4/projects/cucumber-jvm/revisions/rev_9c52824_64123b2/rev_9c52824-64123b2.revisions;18
/home/ramdisk/experiment4/projects/cucumber-jvm/revisions/rev_8c0f1a3_0c07f6f/rev_8c0f1a3-0c07f6f.revisions;0
/home/ramdisk/experiment4/projects/cucumber-jvm/revisions/rev_f995546_0c07f6f/rev_f995546-0c07f6f.revisions;0
/home/ramdisk/experiment4/projects/cucumber-jvm/revisions/rev_57cd29e_b4385bd/rev_57cd29e-b4385bd.revisions;0
/home/ramdisk/experiment4/projects/cucumber-jvm/revisions/rev_e4b4e4d_61817e4/rev_e4b4e4d-61817e4.revisions;0
/home/ramdisk/experiment4/projects/cucumber-jvm/revisions/rev_1316538_92fb52a/rev_1316538-92fb52a.revisions;0
/home/ramdisk/experiment4/projects/cucumber-jvm/revisions/rev_c4c993a_6ec95a7/rev_c4c993a-6ec95a7.revisions;0
/home/ramdisk/experiment4/projects/cucumber-jvm/revisions/rev_a8c08e9_e03d7f4/rev_a8c08e9-e03d7f4.revisions;0
/home/ramdisk/experiment4/projects/cucumber-jvm/revisions/rev_e03d7f4_6c5c084/rev_e03d7f4-6c5c084.revisions;0
/home/ramdisk/experiment4/projects/cucumber-jvm/revisions/rev_857f0c4_5bdbeb1/rev_857f0c4-5bdbeb1.revisions;0
/home/ramdisk/experiment4/projects/cucumber-jvm/revisions/rev_3b206b9_8945fb8/rev_3b206b9-8945fb8.revisions;0
/home/ramdisk/experiment4/projects/cucumber-jvm/revisions/rev_f9034fe_fc61fc1/rev_f9034fe-fc61fc1.revisions;0
/home/ramdisk/experiment4/projects/cucumber-jvm/revisions/rev_f1a422e_d36ff5d/rev_f1a422e-d36ff5d.revisions;0
/home/ramdisk/experiment4/projects/cucumber-jvm/revisions/rev_4702abb_d36ff5d/rev_4702abb-d36ff5d.revisions;0
/home/ramdisk/experiment4/projects/cucumber-jvm/revisions/rev_0916635_21e6447/rev_0916635-21e6447.revisions;0
/home/ramdisk/experiment4/projects/cucumber-jvm/revisions/rev_b05c252_3e66e50/rev_b05c252-3e66e50.revisions;1
/home/ramdisk/experiment4/projects/cucumber-jvm/revisions/rev_359b66f_d36ff5d/rev_359b66f-d36ff5d.revisions;0
/home/ramdisk/experiment4/projects/cucumber-jvm/revisions/rev_59d46ef_b423b3a/rev_59d46ef-b423b3a.revisions;0
/home/ramdisk/experiment4/projects/cucumber-jvm/revisions/rev_ebb9611_0d4e033/rev_ebb9611-0d4e033.revisions;0
/home/ramdisk/experiment4/projects/cucumber-jvm/revisions/rev_3e66e50_c6583a7/rev_3e66e50-c6583a7.revisions;0
/home/ramdisk/experiment4/projects/cucumber-jvm/revisions/rev_492624c_06ceaf8/rev_492624c-06ceaf8.revisions;0
/home/ramdisk/experiment4/projects/cucumber-jvm/revisions/rev_06ceaf8_072dddb/rev_06ceaf8-072dddb.revisions;0
/home/ramdisk/experiment4/projects/cucumber-jvm/revisions/rev_8e1d25d_886564f/rev_8e1d25d-886564f.revisions;1
/home/ramdisk/experiment4/projects/cucumber-jvm/revisions/rev_886564f_1e12e38/rev_886564f-1e12e38.revisions;0
/home/ramdisk/experiment4/projects/cucumber-jvm/revisions/rev_886564f_5f8621e/rev_886564f-5f8621e.revisions;0
/home/ramdisk/experiment4/projects/cucumber-jvm/revisions/rev_6c70bd4_1203598/rev_6c70bd4-1203598.revisions;0
/home/ramdisk/experiment4/projects/cucumber-jvm/revisions/rev_5933063_099674b/rev_5933063-099674b.revisions;0
/home/ramdisk/experiment4/projects/cucumber-jvm/revisions/rev_3fe180a_42171fb/rev_3fe180a-42171fb.revisions;0
/home/ramdisk/experiment4/projects/cucumber-jvm/revisions/rev_5f8621e_e2701ac/rev_5f8621e-e2701ac.revisions;0
/home/ramdisk/experiment4/projects/cucumber-jvm/revisions/rev_1203598_ebda170/rev_1203598-ebda170.revisions;1
/home/ramdisk/experiment4/projects/cucumber-jvm/revisions/rev_fb029a2_9fd0062/rev_fb029a2-9fd0062.revisions;0
/home/ramdisk/experiment4/projects/cucumber-jvm/revisions/rev_ebda170_5c301f7/rev_ebda170-5c301f7.revisions;0
/home/ramdisk/experiment4/projects/cucumber-jvm/revisions/rev_9fd0062_d500a46/rev_9fd0062-d500a46.revisions;0
/home/ramdisk/experiment4/projects/cucumber-jvm/revisions/rev_2b02419_2998336/rev_2b02419-2998336.revisions;0
/home/ramdisk/experiment4/projects/cucumber-jvm/revisions/rev_830b3b0_432a14d/rev_830b3b0-432a14d.revisions;0
/home/ramdisk/experiment4/projects/cucumber-jvm/revisions/rev_aa47ccb_e344d6b/rev_aa47ccb-e344d6b.revisions;0
/home/ramdisk/experiment4/projects/cucumber-jvm/revisions/rev_aff2811_c0471a8/rev_aff2811-c0471a8.revisions;0
/home/ramdisk/experiment4/projects/cucumber-jvm/revisions/rev_b152aba_4d15c87/rev_b152aba-4d15c87.revisions;0
/home/ramdisk/experiment4/projects/cucumber-jvm/revisions/rev_84a736a_c8b533f/rev_84a736a-c8b533f.revisions;0
/home/ramdisk/experiment4/projects/cucumber-jvm/revisions/rev_ade7159_87b7a21/rev_ade7159-87b7a21.revisions;0
/home/ramdisk/experiment4/projects/cucumber-jvm/revisions/rev_3f883b3_a0d22d9/rev_3f883b3-a0d22d9.revisions;0
/home/ramdisk/experiment4/projects/cucumber-jvm/revisions/rev_2b5e637_57bb4ca/rev_2b5e637-57bb4ca.revisions;0
/home/ramdisk/experiment4/projects/cucumber-jvm/revisions/rev_18884e2_6c7035b/rev_18884e2-6c7035b.revisions;0
/home/ramdisk/experiment4/projects/cucumber-jvm/revisions/rev_3ff8ba8_1753fcc/rev_3ff8ba8-1753fcc.revisions;0
/home/ramdisk/experiment4/projects/cucumber-jvm/revisions/rev_f474007_ad07f57/rev_f474007-ad07f57.revisions;0
/home/ramdisk/experiment4/projects/cucumber-jvm/revisions/rev_b3fd6db_1d8700d/rev_b3fd6db-1d8700d.revisions;0
/home/ramdisk/experiment4/projects/cucumber-jvm/revisions/rev_820dd84_aabb53a/rev_820dd84-aabb53a.revisions;0
/home/ramdisk/experiment4/projects/cucumber-jvm/revisions/rev_019a5a7_336ca65/rev_019a5a7-336ca65.revisions;0
/home/ramdisk/experiment4/projects/cucumber-jvm/revisions/rev_fd5a048_ba6abf3/rev_fd5a048-ba6abf3.revisions;0
/home/ramdisk/experiment4/projects/cucumber-jvm/revisions/rev_da18612_637f5ac/rev_da18612-637f5ac.revisions;0
/home/ramdisk/experiment4/projects/cucumber-jvm/revisions/rev_c67cfab_b4373a7/rev_c67cfab-b4373a7.revisions;0
/home/ramdisk/experiment4/projects/cucumber-jvm/revisions/rev_1225695_983871f/rev_1225695-983871f.revisions;0
/home/ramdisk/experiment4/projects/cucumber-jvm/revisions/rev_0f41fe3_d22981f/rev_0f41fe3-d22981f.revisions;0
/home/ramdisk/experiment4/projects/cucumber-jvm/revisions/rev_c4bf6b3_46d3777/rev_c4bf6b3-46d3777.revisions;0
/home/ramdisk/experiment4/projects/cucumber-jvm/revisions/rev_8777f11_321e14b/rev_8777f11-321e14b.revisions;0
/home/ramdisk/experiment4/projects/cucumber-jvm/revisions/rev_b2916d4_0d8a538/rev_b2916d4-0d8a538.revisions;0
/home/ramdisk/experiment4/projects/cucumber-jvm/revisions/rev_cfd9e9d_5892bc6/rev_cfd9e9d-5892bc6.revisions;0
/home/ramdisk/experiment4/projects/cucumber-jvm/revisions/rev_8c376a6_a9a3d3e/rev_8c376a6-a9a3d3e.revisions;0
/home/ramdisk/experiment4/projects/cucumber-jvm/revisions/rev_7840556_19ee5b4/rev_7840556-19ee5b4.revisions;0
/home/ramdisk/experiment4/projects/cucumber-jvm/revisions/rev_66c86b9_14de418/rev_66c86b9-14de418.revisions;0
/home/ramdisk/experiment4/projects/cucumber-jvm/revisions/rev_3cbb071_941dad1/rev_3cbb071-941dad1.revisions;0
/home/ramdisk/experiment4/projects/cucumber-jvm/revisions/rev_c687436_109b8c1/rev_c687436-109b8c1.revisions;0
/home/ramdisk/experiment4/projects/cucumber-jvm/revisions/rev_e6cbe1d_0ec7421/rev_e6cbe1d-0ec7421.revisions;0
/home/ramdisk/experiment4/projects/cucumber-jvm/revisions/rev_09f3133_0ec7421/rev_09f3133-0ec7421.revisions;0
/home/ramdisk/experiment4/projects/cucumber-jvm/revisions/rev_18b4545_cec2176/rev_18b4545-cec2176.revisions;0
/home/ramdisk/experiment4/projects/cucumber-jvm/revisions/rev_22d9693_3ede58b/rev_22d9693-3ede58b.revisions;0
/home/ramdisk/experiment4/projects/cucumber-jvm/revisions/rev_051ee69_3ede58b/rev_051ee69-3ede58b.revisions;0
/home/ramdisk/experiment4/projects/cucumber-jvm/revisions/rev_e21aea9_5e11a0c/rev_e21aea9-5e11a0c.revisions;0
/home/ramdisk/experiment4/projects/cucumber-jvm/revisions/rev_680423f_6e5839b/rev_680423f-6e5839b.revisions;0
/home/ramdisk/experiment4/projects/cucumber-jvm/revisions/rev_7c81a04_e8600fb/rev_7c81a04-e8600fb.revisions;0
/home/ramdisk/experiment4/projects/cucumber-jvm/revisions/rev_b93afaa_ed729ee/rev_b93afaa-ed729ee.revisions;0
/home/ramdisk/experiment4/projects/cucumber-jvm/revisions/rev_829b2bf_4ed8275/rev_829b2bf-4ed8275.revisions;0
/home/ramdisk/experiment4/projects/cucumber-jvm/revisions/rev_6eb0f09_7bcf117/rev_6eb0f09-7bcf117.revisions;0
/home/ramdisk/experiment4/projects/cucumber-jvm/revisions/rev_4b26b33_d4dd0f0/rev_4b26b33-d4dd0f0.revisions;0
/home/ramdisk/experiment4/projects/cucumber-jvm/revisions/rev_7022172_1447747/rev_7022172-1447747.revisions;0
/home/ramdisk/experiment4/projects/cucumber-jvm/revisions/rev_9f11864_c0a183f/rev_9f11864-c0a183f.revisions;0
/home/ramdisk/experiment4/projects/cucumber-jvm/revisions/rev_d227785_0c2a5cb/rev_d227785-0c2a5cb.revisions;0
/home/ramdisk/experiment4/projects/cucumber-jvm/revisions/rev_6ad2a26_e2d50cc/rev_6ad2a26-e2d50cc.revisions;0
/home/ramdisk/experiment4/projects/cucumber-jvm/revisions/rev_77ec863_34f31fb/rev_77ec863-34f31fb.revisions;0
/home/ramdisk/experiment4/projects/cucumber-jvm/revisions/rev_2615067_ccd3558/rev_2615067-ccd3558.revisions;0
/home/ramdisk/experiment4/projects/cucumber-jvm/revisions/rev_87936d1_e768006/rev_87936d1-e768006.revisions;0
/home/ramdisk/experiment4/projects/cucumber-jvm/revisions/rev_724b015_0d408c7/rev_724b015-0d408c7.revisions;0
/home/ramdisk/experiment4/projects/cucumber-jvm/revisions/rev_e314593_125bc72/rev_e314593-125bc72.revisions;26
/home/ramdisk/experiment4/projects/cucumber-jvm/revisions/rev_71f83bb_46294e4/rev_71f83bb-46294e4.revisions;0
/home/ramdisk/experiment4/projects/cucumber-jvm/revisions/rev_6352dff_40c1103/rev_6352dff-40c1103.revisions;0
/home/ramdisk/experiment4/projects/cucumber-jvm/revisions/rev_40c1103_6352dff/rev_40c1103-6352dff.revisions;0
/home/ramdisk/experiment4/projects/cucumber-jvm/revisions/rev_e7eb709_3fa006a/rev_e7eb709-3fa006a.revisions;0
/home/ramdisk/experiment4/projects/cucumber-jvm/revisions/rev_ad4a441_e8c740d/rev_ad4a441-e8c740d.revisions;0
/home/ramdisk/experiment4/projects/cucumber-jvm/revisions/rev_16e7a9c_b2b46c6/rev_16e7a9c-b2b46c6.revisions;0
/home/ramdisk/experiment4/projects/cucumber-jvm/revisions/rev_b2b46c6_67c9383/rev_b2b46c6-67c9383.revisions;0
/home/ramdisk/experiment4/projects/cucumber-jvm/revisions/rev_c767dd6_cd18cd5/rev_c767dd6-cd18cd5.revisions;0
/home/ramdisk/experiment4/projects/cucumber-jvm/revisions/rev_7768ff7_8d83061/rev_7768ff7-8d83061.revisions;0
/home/ramdisk/experiment4/projects/cucumber-jvm/revisions/rev_a84c753_875d60c/rev_a84c753-875d60c.revisions;0
/home/ramdisk/experiment4/projects/cucumber-jvm/revisions/rev_1c40982_7527328/rev_1c40982-7527328.revisions;0
/home/ramdisk/experiment4/projects/cucumber-jvm/revisions/rev_62eefac_2c0f3b3/rev_62eefac-2c0f3b3.revisions;0
/home/ramdisk/experiment4/projects/cucumber-jvm/revisions/rev_a286734_ad26956/rev_a286734-ad26956.revisions;0
/home/ramdisk/experiment4/projects/cucumber-jvm/revisions/rev_de81ad5_437870d/rev_de81ad5-437870d.revisions;0
/home/ramdisk/experiment4/projects/cucumber-jvm/revisions/rev_1babc9c_a5ac1a4/rev_1babc9c-a5ac1a4.revisions;0
/home/ramdisk/experiment4/projects/cucumber-jvm/revisions/rev_d727f6b_a5ac1a4/rev_d727f6b-a5ac1a4.revisions;0
/home/ramdisk/experiment4/projects/cucumber-jvm/revisions/rev_321575e_a5ac1a4/rev_321575e-a5ac1a4.revisions;0
/home/ramdisk/experiment4/projects/cucumber-jvm/revisions/rev_6857d53_d9de90e/rev_6857d53-d9de90e.revisions;0
/home/ramdisk/experiment4/projects/cucumber-jvm/revisions/rev_5d87c61_f864801/rev_5d87c61-f864801.revisions;0
/home/ramdisk/experiment4/projects/cucumber-jvm/revisions/rev_665592d_41afe7e/rev_665592d-41afe7e.revisions;0
/home/ramdisk/experiment4/projects/cucumber-jvm/revisions/rev_b685b25_ac7576d/rev_b685b25-ac7576d.revisions;0
/home/ramdisk/experiment4/projects/cucumber-jvm/revisions/rev_dbaa067_633b5ae/rev_dbaa067-633b5ae.revisions;0
/home/ramdisk/experiment4/projects/cucumber-jvm/revisions/rev_79bd969_8f6c18a/rev_79bd969-8f6c18a.revisions;0
/home/ramdisk/experiment4/projects/cucumber-jvm/revisions/rev_040ad05_350c6ef/rev_040ad05-350c6ef.revisions;0
/home/ramdisk/experiment4/projects/cucumber-jvm/revisions/rev_788a883_987fd25/rev_788a883-987fd25.revisions;0
/home/ramdisk/experiment4/projects/cucumber-jvm/revisions/rev_ccb1001_4f21e6b/rev_ccb1001-4f21e6b.revisions;0
/home/ramdisk/experiment4/projects/cucumber-jvm/revisions/rev_d7b2284_832a3d2/rev_d7b2284-832a3d2.revisions;0
/home/ramdisk/experiment4/projects/cucumber-jvm/revisions/rev_f8a15f6_81a7a81/rev_f8a15f6-81a7a81.revisions;0
/home/ramdisk/experiment4/projects/cucumber-jvm/revisions/rev_a9d649c_6f8b756/rev_a9d649c-6f8b756.revisions;0
/home/ramdisk/experiment4/projects/cucumber-jvm/revisions/rev_a8a3bbe_a9d649c/rev_a8a3bbe-a9d649c.revisions;0
/home/ramdisk/experiment4/projects/cucumber-jvm/revisions/rev_157608c_c824a02/rev_157608c-c824a02.revisions;0
/home/ramdisk/experiment4/projects/cucumber-jvm/revisions/rev_8450c50_846ba1a/rev_8450c50-846ba1a.revisions;0
/home/ramdisk/experiment4/projects/cucumber-jvm/revisions/rev_3b5d44c_c55eb37/rev_3b5d44c-c55eb37.revisions;0
/home/ramdisk/experiment4/projects/cucumber-jvm/revisions/rev_bc39add_2a8458a/rev_bc39add-2a8458a.revisions;0
/home/ramdisk/experiment4/projects/cucumber-jvm/revisions/rev_6b11cde_59b5d96/rev_6b11cde-59b5d96.revisions;12
/home/ramdisk/experiment4/projects/cucumber-jvm/revisions/rev_aa4837f_1c9bb6c/rev_aa4837f-1c9bb6c.revisions;0
/home/ramdisk/experiment4/projects/cucumber-jvm/revisions/rev_ed96fe1_0fac5b8/rev_ed96fe1-0fac5b8.revisions;0
/home/ramdisk/experiment4/projects/cucumber-jvm/revisions/rev_3b05c2e_661e98d/rev_3b05c2e-661e98d.revisions;0
/home/ramdisk/experiment4/projects/cucumber-jvm/revisions/rev_114a519_8efdde5/rev_114a519-8efdde5.revisions;0
/home/ramdisk/experiment4/projects/cucumber-jvm/revisions/rev_044a692_e28a394/rev_044a692-e28a394.revisions;8
/home/ramdisk/experiment4/projects/cucumber-jvm/revisions/rev_044a692_e28a394/rev_044a692-e28a394.revisions;8
/home/ramdisk/experiment4/projects/cucumber-jvm/revisions/rev_43ee75c_16c6272/rev_43ee75c-16c6272.revisions;0
/home/ramdisk/experiment4/projects/cucumber-jvm/revisions/rev_4a3a9d5_8726db2/rev_4a3a9d5-8726db2.revisions;0
/home/ramdisk/experiment4/projects/cucumber-jvm/revisions/rev_589324b_e19c80f/rev_589324b-e19c80f.revisions;0
/home/ramdisk/experiment4/projects/cucumber-jvm/revisions/rev_a90a684_618a766/rev_a90a684-618a766.revisions;30
/home/ramdisk/experiment4/projects/cucumber-jvm/revisions/rev_6c378e5_5b1c630/rev_6c378e5-5b1c630.revisions;0
/home/ramdisk/experiment4/projects/cucumber-jvm/revisions/rev_23548fd_6fc7b09/rev_23548fd-6fc7b09.revisions;0
/home/ramdisk/experiment4/projects/cucumber-jvm/revisions/rev_6d60d81_f8e887a/rev_6d60d81-f8e887a.revisions;0
/home/ramdisk/experiment4/projects/cucumber-jvm/revisions/rev_781d8be_6fc7b09/rev_781d8be-6fc7b09.revisions;0
/home/ramdisk/experiment4/projects/cucumber-jvm/revisions/rev_015e050_7e1539e/rev_015e050-7e1539e.revisions;0
/home/ramdisk/experiment4/projects/cucumber-jvm/revisions/rev_7d3b639_f6064ca/rev_7d3b639-f6064ca.revisions;0
/home/ramdisk/experiment4/projects/cucumber-jvm/revisions/rev_05a07c9_0efc60d/rev_05a07c9-0efc60d.revisions;0
/home/ramdisk/experiment4/projects/cucumber-jvm/revisions/rev_1144be6_cd65310/rev_1144be6-cd65310.revisions;0
/home/ramdisk/experiment4/projects/cucumber-jvm/revisions/rev_7d77dbd_142e1bc/rev_7d77dbd-142e1bc.revisions;0
/home/ramdisk/experiment4/projects/cucumber-jvm/revisions/rev_5b10b1e_0a104fb/rev_5b10b1e-0a104fb.revisions;0
/home/ramdisk/experiment4/projects/cucumber-jvm/revisions/rev_5f6ea03_84400e0/rev_5f6ea03-84400e0.revisions;0
/home/ramdisk/experiment4/projects/cucumber-jvm/revisions/rev_af6614d_5f6ea03/rev_af6614d-5f6ea03.revisions;0
/home/ramdisk/experiment4/projects/cucumber-jvm/revisions/rev_697c16f_df04a2b/rev_697c16f-df04a2b.revisions;2
/home/ramdisk/experiment4/projects/cucumber-jvm/revisions/rev_df04a2b_697c16f/rev_df04a2b-697c16f.revisions;2
/home/ramdisk/experiment4/projects/cucumber-jvm/revisions/rev_e6d5bfb_3152de0/rev_e6d5bfb-3152de0.revisions;0
/home/ramdisk/experiment4/projects/cucumber-jvm/revisions/rev_addf7a9_199dc05/rev_addf7a9-199dc05.revisions;1
/home/ramdisk/experiment4/projects/cucumber-jvm/revisions/rev_199dc05_1140722/rev_199dc05-1140722.revisions;0
/home/ramdisk/experiment4/projects/cucumber-jvm/revisions/rev_2ecb9ce_c0b5223/rev_2ecb9ce-c0b5223.revisions;0
/home/ramdisk/experiment4/projects/cucumber-jvm/revisions/rev_addb680_84dd8b4/rev_addb680-84dd8b4.revisions;0
/home/ramdisk/experiment4/projects/cucumber-jvm/revisions/rev_2dcba52_fddec18/rev_2dcba52-fddec18.revisions;0
/home/ramdisk/experiment4/projects/cucumber-jvm/revisions/rev_53e0f83_21cff63/rev_53e0f83-21cff63.revisions;0
/home/ramdisk/experiment4/projects/cucumber-jvm/revisions/rev_6a1d488_c50b092/rev_6a1d488-c50b092.revisions;0
/home/ramdisk/experiment4/projects/cucumber-jvm/revisions/rev_166d7af_46d361b/rev_166d7af-46d361b.revisions;0
/home/ramdisk/experiment4/projects/cucumber-jvm/revisions/rev_166d7af_0e640b5/rev_166d7af-0e640b5.revisions;0
/home/ramdisk/experiment4/projects/cucumber-jvm/revisions/rev_8768c0b_9957f96/rev_8768c0b-9957f96.revisions;0
/home/ramdisk/experiment4/projects/cucumber-jvm/revisions/rev_a22de78_b204d72/rev_a22de78-b204d72.revisions;0
/home/ramdisk/experiment4/projects/cucumber-jvm/revisions/rev_65cbace_f7ed8de/rev_65cbace-f7ed8de.revisions;0
/home/ramdisk/experiment4/projects/cucumber-jvm/revisions/rev_e040b4a_dea9826/rev_e040b4a-dea9826.revisions;0
/home/ramdisk/experiment4/projects/cucumber-jvm/revisions/rev_9415667_f5df584/rev_9415667-f5df584.revisions;0
/home/ramdisk/experiment4/projects/cucumber-jvm/revisions/rev_cf0dc63_9415667/rev_cf0dc63-9415667.revisions;0
/home/ramdisk/experiment4/projects/cucumber-jvm/revisions/rev_4514f91_c196d7a/rev_4514f91-c196d7a.revisions;0
/home/ramdisk/experiment4/projects/cucumber-jvm/revisions/rev_df198fe_2b74d1b/rev_df198fe-2b74d1b.revisions;0
/home/ramdisk/experiment4/projects/cucumber-jvm/revisions/rev_2b1c030_b36fbb8/rev_2b1c030-b36fbb8.revisions;0
/home/ramdisk/experiment4/projects/cucumber-jvm/revisions/rev_ec19a5c_2b74d1b/rev_ec19a5c-2b74d1b.revisions;0
/home/ramdisk/experiment4/projects/cucumber-jvm/revisions/rev_2be42ae_20674f2/rev_2be42ae-20674f2.revisions;0
/home/ramdisk/experiment4/projects/cucumber-jvm/revisions/rev_4fd9982_749660d/rev_4fd9982-749660d.revisions;0
/home/ramdisk/experiment4/projects/cucumber-jvm/revisions/rev_c28106b_749660d/rev_c28106b-749660d.revisions;0
/home/ramdisk/experiment4/projects/cucumber-jvm/revisions/rev_41cddc9_bbea173/rev_41cddc9-bbea173.revisions;0
/home/ramdisk/experiment4/projects/cucumber-jvm/revisions/rev_d7255fb_4a9f204/rev_d7255fb-4a9f204.revisions;0
/home/ramdisk/experiment4/projects/cucumber-jvm/revisions/rev_921eef1_36faf71/rev_921eef1-36faf71.revisions;0
/home/ramdisk/experiment4/projects/cucumber-jvm/revisions/rev_33f95f5_f711375/rev_33f95f5-f711375.revisions;0
/home/ramdisk/experiment4/projects/cucumber-jvm/revisions/rev_8a45465_f711375/rev_8a45465-f711375.revisions;0
/home/ramdisk/experiment4/projects/cucumber-jvm/revisions/rev_b0f48d2_321c656/rev_b0f48d2-321c656.revisions;0
/home/ramdisk/experiment4/projects/cucumber-jvm/revisions/rev_b0f48d2_321c656/rev_b0f48d2-321c656.revisions;0
/home/ramdisk/experiment4/projects/cucumber-jvm/revisions/rev_b57da8b_8c8dc21/rev_b57da8b-8c8dc21.revisions;1
/home/ramdisk/experiment4/projects/cucumber-jvm/revisions/rev_4d75650_9379c6c/rev_4d75650-9379c6c.revisions;0
/home/ramdisk/experiment4/projects/cucumber-jvm/revisions/rev_63ef1fb_9379c6c/rev_63ef1fb-9379c6c.revisions;0
/home/ramdisk/experiment4/projects/cucumber-jvm/revisions/rev_fd426af_b34455c/rev_fd426af-b34455c.revisions;0
/home/ramdisk/experiment4/projects/cucumber-jvm/revisions/rev_955c632_52b3283/rev_955c632-52b3283.revisions;0
/home/ramdisk/experiment4/projects/cucumber-jvm/revisions/rev_de5d524_3d630c8/rev_de5d524-3d630c8.revisions;0
/home/ramdisk/experiment4/projects/cucumber-jvm/revisions/rev_8a7bbcf_d8c6b73/rev_8a7bbcf-d8c6b73.revisions;0
/home/ramdisk/experiment4/projects/cucumber-jvm/revisions/rev_ad7c641_d8c6b73/rev_ad7c641-d8c6b73.revisions;0
/home/ramdisk/experiment4/projects/cucumber-jvm/revisions/rev_6bb6549_4e3d258/rev_6bb6549-4e3d258.revisions;0
/home/ramdisk/experiment4/projects/cucumber-jvm/revisions/rev_6b2bef1_7ce4703/rev_6b2bef1-7ce4703.revisions;0
/home/ramdisk/experiment4/projects/cucumber-jvm/revisions/rev_6bb6549_7ce4703/rev_6bb6549-7ce4703.revisions;0
/home/ramdisk/experiment4/projects/cucumber-jvm/revisions/rev_7eaa16a_547331e/rev_7eaa16a-547331e.revisions;20
/home/ramdisk/experiment4/projects/cucumber-jvm/revisions/rev_f8cc5da_aaa9cd2/rev_f8cc5da-aaa9cd2.revisions;0
/home/ramdisk/experiment4/projects/cucumber-jvm/revisions/rev_dc738bc_e15f6ea/rev_dc738bc-e15f6ea.revisions;0
/home/ramdisk/experiment4/projects/cucumber-jvm/revisions/rev_dc738bc_33c4f38/rev_dc738bc-33c4f38.revisions;0
/home/ramdisk/experiment4/projects/cucumber-jvm/revisions/rev_94ed135_b00de2a/rev_94ed135-b00de2a.revisions;0
/home/ramdisk/experiment4/projects/cucumber-jvm/revisions/rev_1f0611f_7e64eb2/rev_1f0611f-7e64eb2.revisions;0
/home/ramdisk/experiment4/projects/cucumber-jvm/revisions/rev_beb39a9_6c0dccd/rev_beb39a9-6c0dccd.revisions;0
/home/ramdisk/experiment4/projects/cucumber-jvm/revisions/rev_af2ad8b_9ed4fb0/rev_af2ad8b-9ed4fb0.revisions;0
/home/ramdisk/experiment4/projects/cucumber-jvm/revisions/rev_dbc9fe0_9543d4c/rev_dbc9fe0-9543d4c.revisions;0
/home/ramdisk/experiment4/projects/cucumber-jvm/revisions/rev_9543d4c_052dd8f/rev_9543d4c-052dd8f.revisions;0
/home/ramdisk/experiment4/projects/cucumber-jvm/revisions/rev_2b460d5_13cbb51/rev_2b460d5-13cbb51.revisions;0
/home/ramdisk/experiment4/projects/cucumber-jvm/revisions/rev_baca12b_4eaf0d4/rev_baca12b-4eaf0d4.revisions;0
/home/ramdisk/experiment4/projects/cucumber-jvm/revisions/rev_a7aea9d_246e8d5/rev_a7aea9d-246e8d5.revisions;0
/home/ramdisk/experiment4/projects/cucumber-jvm/revisions/rev_9d17747_69dbe8e/rev_9d17747-69dbe8e.revisions;0
/home/ramdisk/experiment4/projects/cucumber-jvm/revisions/rev_e17481a_fdd4116/rev_e17481a-fdd4116.revisions;0
/home/ramdisk/experiment4/projects/cucumber-jvm/revisions/rev_32474d9_295a901/rev_32474d9-295a901.revisions;0
/home/ramdisk/experiment4/projects/cucumber-jvm/revisions/rev_3ebddb9_e359d04/rev_3ebddb9-e359d04.revisions;0
/home/ramdisk/experiment4/projects/cucumber-jvm/revisions/rev_34484c4_b25faf5/rev_34484c4-b25faf5.revisions;0
/home/ramdisk/experiment4/projects/cucumber-jvm/revisions/rev_6eee880_50fb9f5/rev_6eee880-50fb9f5.revisions;0
/home/ramdisk/experiment4/projects/cucumber-jvm/revisions/rev_89587bb_dd1dae2/rev_89587bb-dd1dae2.revisions;0
/home/ramdisk/experiment4/projects/cucumber-jvm/revisions/rev_30ccda5_951265f/rev_30ccda5-951265f.revisions;0
/home/ramdisk/experiment4/projects/cucumber-jvm/revisions/rev_26b729d_c2bc619/rev_26b729d-c2bc619.revisions;0
/home/ramdisk/experiment4/projects/cucumber-jvm/revisions/rev_458b0ca_c0f263c/rev_458b0ca-c0f263c.revisions;0
/home/ramdisk/experiment4/projects/cucumber-jvm/revisions/rev_33231e0_6ec33aa/rev_33231e0-6ec33aa.revisions;0
/home/ramdisk/experiment4/projects/cucumber-jvm/revisions/rev_3c94e12_feb8d43/rev_3c94e12-feb8d43.revisions;0
/home/ramdisk/experiment4/projects/cucumber-jvm/revisions/rev_dd4f116_c8c8264/rev_dd4f116-c8c8264.revisions;0
/home/ramdisk/experiment4/projects/cucumber-jvm/revisions/rev_9c11c8f_a477bed/rev_9c11c8f-a477bed.revisions;0
/home/ramdisk/experiment4/projects/cucumber-jvm/revisions/rev_1765492_7bb07d6/rev_1765492-7bb07d6.revisions;0
/home/ramdisk/experiment4/projects/cucumber-jvm/revisions/rev_4caf256_063dcd2/rev_4caf256-063dcd2.revisions;0
/home/ramdisk/experiment4/projects/cucumber-jvm/revisions/rev_9cb5e17_3503811/rev_9cb5e17-3503811.revisions;0
/home/ramdisk/experiment4/projects/cucumber-jvm/revisions/rev_aecd8b8_4dbf98f/rev_aecd8b8-4dbf98f.revisions;0
/home/ramdisk/experiment4/projects/cucumber-jvm/revisions/rev_f328d59_90a8080/rev_f328d59-90a8080.revisions;0
/home/ramdisk/experiment4/projects/cucumber-jvm/revisions/rev_981c979_fde8832/rev_981c979-fde8832.revisions;0
/home/ramdisk/experiment4/projects/cucumber-jvm/revisions/rev_7e46f8c_6bf58e6/rev_7e46f8c-6bf58e6.revisions;0
/home/ramdisk/experiment4/projects/cucumber-jvm/revisions/rev_78cc1d9_783433c/rev_78cc1d9-783433c.revisions;0
/home/ramdisk/experiment4/projects/cucumber-jvm/revisions/rev_10c0731_47aaf2f/rev_10c0731-47aaf2f.revisions;0
/home/ramdisk/experiment4/projects/cucumber-jvm/revisions/rev_8fdf5a0_1f7c6c1/rev_8fdf5a0-1f7c6c1.revisions;0
/home/ramdisk/experiment4/projects/cucumber-jvm/revisions/rev_393837b_d4ffedd/rev_393837b-d4ffedd.revisions;0
/home/ramdisk/experiment4/projects/cucumber-jvm/revisions/rev_884ea7c_f48aa96/rev_884ea7c-f48aa96.revisions;0
/home/ramdisk/experiment4/projects/cucumber-jvm/revisions/rev_2ca38c7_884ea7c/rev_2ca38c7-884ea7c.revisions;0
/home/ramdisk/experiment4/projects/cucumber-jvm/revisions/rev_9de70ac_0b0b02c/rev_9de70ac-0b0b02c.revisions;0
/home/ramdisk/experiment4/projects/cucumber-jvm/revisions/rev_d623c28_2a400fe/rev_d623c28-2a400fe.revisions;1
/home/ramdisk/experiment4/projects/cucumber-jvm/revisions/rev_a865428_dcec2a1/rev_a865428-dcec2a1.revisions;0
/home/ramdisk/experiment4/projects/cucumber-jvm/revisions/rev_88111b7_89cbc49/rev_88111b7-89cbc49.revisions;0
/home/ramdisk/experiment4/projects/cucumber-jvm/revisions/rev_b71e5df_48f6da0/rev_b71e5df-48f6da0.revisions;0
/home/ramdisk/experiment4/projects/cucumber-jvm/revisions/rev_3d6133a_c77f263/rev_3d6133a-c77f263.revisions;0
/home/ramdisk/experiment4/projects/cucumber-jvm/revisions/rev_43d4d3d_081ab6e/rev_43d4d3d-081ab6e.revisions;0
/home/ramdisk/experiment4/projects/cucumber-jvm/revisions/rev_113df9e_3302b9c/rev_113df9e-3302b9c.revisions;0
/home/ramdisk/experiment4/projects/cucumber-jvm/revisions/rev_835b3e7_5771b4a/rev_835b3e7-5771b4a.revisions;0
/home/ramdisk/experiment4/projects/cucumber-jvm/revisions/rev_4bc56ed_2edf1fe/rev_4bc56ed-2edf1fe.revisions;0
/home/ramdisk/experiment4/projects/cucumber-jvm/revisions/rev_bd44d31_6005d6c/rev_bd44d31-6005d6c.revisions;0
/home/ramdisk/experiment4/projects/cucumber-jvm/revisions/rev_43ee9c8_7b22628/rev_43ee9c8-7b22628.revisions;0
/home/ramdisk/experiment4/projects/cucumber-jvm/revisions/rev_363f21c_86458b3/rev_363f21c-86458b3.revisions;0
/home/ramdisk/experiment4/projects/cucumber-jvm/revisions/rev_69e01ee_fcbd962/rev_69e01ee-fcbd962.revisions;0
/home/ramdisk/experiment4/projects/cucumber-jvm/revisions/rev_56f16d0_b180ff8/rev_56f16d0-b180ff8.revisions;0
/home/ramdisk/experiment4/projects/cucumber-jvm/revisions/rev_8c73894_0c32766/rev_8c73894-0c32766.revisions;0
/home/ramdisk/experiment4/projects/cucumber-jvm/revisions/rev_160ba07_503a54a/rev_160ba07-503a54a.revisions;0
/home/ramdisk/experiment4/projects/cucumber-jvm/revisions/rev_e922bc7_0d63c1f/rev_e922bc7-0d63c1f.revisions;0
/home/ramdisk/experiment4/projects/cucumber-jvm/revisions/rev_132254f_0d63c1f/rev_132254f-0d63c1f.revisions;0
/home/ramdisk/experiment4/projects/cucumber-jvm/revisions/rev_5db1d0c_b6b376a/rev_5db1d0c-b6b376a.revisions;0
/home/ramdisk/experiment4/projects/cucumber-jvm/revisions/rev_bf30b62_5d45221/rev_bf30b62-5d45221.revisions;0
/home/ramdisk/experiment4/projects/cucumber-jvm/revisions/rev_bf30b62_66c00c9/rev_bf30b62-66c00c9.revisions;0
/home/ramdisk/experiment4/projects/cucumber-jvm/revisions/rev_47f5ac3_6ff536b/rev_47f5ac3-6ff536b.revisions;0
/home/ramdisk/experiment4/projects/cucumber-jvm/revisions/rev_5aaea98_5a16f38/rev_5aaea98-5a16f38.revisions;0
/home/ramdisk/experiment4/projects/cucumber-jvm/revisions/rev_e95ed33_cdf1080/rev_e95ed33-cdf1080.revisions;0
/home/ramdisk/experiment4/projects/cucumber-jvm/revisions/rev_5d45221_732cd4a/rev_5d45221-732cd4a.revisions;0
/home/ramdisk/experiment4/projects/cucumber-jvm/revisions/rev_f388f5e_5654134/rev_f388f5e-5654134.revisions;0
/home/ramdisk/experiment4/projects/cucumber-jvm/revisions/rev_7d27ac2_5e538b8/rev_7d27ac2-5e538b8.revisions;0
/home/ramdisk/experiment4/projects/cucumber-jvm/revisions/rev_86683a2_fad860a/rev_86683a2-fad860a.revisions;0
/home/ramdisk/experiment4/projects/cucumber-jvm/revisions/rev_9531933_3f8f171/rev_9531933-3f8f171.revisions;24
/home/ramdisk/experiment4/projects/cucumber-jvm/revisions/rev_6456704_c4669fc/rev_6456704-c4669fc.revisions;0
/home/ramdisk/experiment4/projects/cucumber-jvm/revisions/rev_c4ad7b1_b465277/rev_c4ad7b1-b465277.revisions;0
/home/ramdisk/experiment4/projects/cucumber-jvm/revisions/rev_2c84c2b_73efd68/rev_2c84c2b-73efd68.revisions;7
/home/ramdisk/experiment4/projects/cucumber-jvm/revisions/rev_18961dc_af0152d/rev_18961dc-af0152d.revisions;0
/home/ramdisk/experiment4/projects/cucumber-jvm/revisions/rev_b1d8b18_065e7e2/rev_b1d8b18-065e7e2.revisions;0
/home/ramdisk/experiment4/projects/cucumber-jvm/revisions/rev_4487be2_95817ab/rev_4487be2-95817ab.revisions;0
/home/ramdisk/experiment4/projects/cucumber-jvm/revisions/rev_5dbc9d3_04e29ff/rev_5dbc9d3-04e29ff.revisions;0
/home/ramdisk/experiment4/projects/cucumber-jvm/revisions/rev_d55b7c6_20cdb63/rev_d55b7c6-20cdb63.revisions;41
/home/ramdisk/experiment4/projects/cucumber-jvm/revisions/rev_43e5a19_df702df/rev_43e5a19-df702df.revisions;0
/home/ramdisk/experiment4/projects/cucumber-jvm/revisions/rev_f837f51_6431f32/rev_f837f51-6431f32.revisions;0
/home/ramdisk/experiment4/projects/cucumber-jvm/revisions/rev_271be9a_e572769/rev_271be9a-e572769.revisions;0
/home/ramdisk/experiment4/projects/cucumber-jvm/revisions/rev_9612724_e572769/rev_9612724-e572769.revisions;0
/home/ramdisk/experiment4/projects/cucumber-jvm/revisions/rev_b264984_404145e/rev_b264984-404145e.revisions;0
/home/ramdisk/experiment4/projects/cucumber-jvm/revisions/rev_eb0735d_d72ddd2/rev_eb0735d-d72ddd2.revisions;0
/home/ramdisk/experiment4/projects/cucumber-jvm/revisions/rev_e5d0f11_5ebb21a/rev_e5d0f11-5ebb21a.revisions;0
/home/ramdisk/experiment4/projects/cucumber-jvm/revisions/rev_67174e8_d1e8a6a/rev_67174e8-d1e8a6a.revisions;0
/home/ramdisk/experiment4/projects/cucumber-jvm/revisions/rev_5c85b8d_4d2b84a/rev_5c85b8d-4d2b84a.revisions;0
/home/ramdisk/experiment4/projects/cucumber-jvm/revisions/rev_32e2032_5aec3a4/rev_32e2032-5aec3a4.revisions;0
/home/ramdisk/experiment4/projects/cucumber-jvm/revisions/rev_0de2147_548cb54/rev_0de2147-548cb54.revisions;0
/home/ramdisk/experiment4/projects/cucumber-jvm/revisions/rev_06a5333_ac65242/rev_06a5333-ac65242.revisions;0
/home/ramdisk/experiment4/projects/cucumber-jvm/revisions/rev_edad391_154d458/rev_edad391-154d458.revisions;0
/home/ramdisk/experiment4/projects/cucumber-jvm/revisions/rev_ab1f39f_0ec5551/rev_ab1f39f-0ec5551.revisions;0
/home/ramdisk/experiment4/projects/cucumber-jvm/revisions/rev_43eddf3_324162c/rev_43eddf3-324162c.revisions;0
/home/ramdisk/experiment4/projects/cucumber-jvm/revisions/rev_15ee535_01b7528/rev_15ee535-01b7528.revisions;0
/home/ramdisk/experiment4/projects/cucumber-jvm/revisions/rev_c186688_0cc159c/rev_c186688-0cc159c.revisions;0
/home/ramdisk/experiment4/projects/cucumber-jvm/revisions/rev_3f39086_c4809b2/rev_3f39086-c4809b2.revisions;0
/home/ramdisk/experiment4/projects/cucumber-jvm/revisions/rev_8b3079a_c1ca5cf/rev_8b3079a-c1ca5cf.revisions;0
/home/ramdisk/experiment4/projects/cucumber-jvm/revisions/rev_ff6dca4_74b7d97/rev_ff6dca4-74b7d97.revisions;0
/home/ramdisk/experiment4/projects/cucumber-jvm/revisions/rev_c6d7fb6_b68490a/rev_c6d7fb6-b68490a.revisions;0
/home/ramdisk/experiment4/projects/cucumber-jvm/revisions/rev_6056f1a_3ea25cd/rev_6056f1a-3ea25cd.revisions;0
/home/ramdisk/experiment4/projects/cucumber-jvm/revisions/rev_842ecca_16cb45d/rev_842ecca-16cb45d.revisions;0
/home/ramdisk/experiment4/projects/cucumber-jvm/revisions/rev_435d9bd_efc7bf2/rev_435d9bd-efc7bf2.revisions;0
/home/ramdisk/experiment4/projects/cucumber-jvm/revisions/rev_435d9bd_0606eac/rev_435d9bd-0606eac.revisions;0
/home/ramdisk/experiment4/projects/cucumber-jvm/revisions/rev_6574368_f6676b4/rev_6574368-f6676b4.revisions;0
/home/ramdisk/experiment4/projects/cucumber-jvm/revisions/rev_5e46857_05aaf75/rev_5e46857-05aaf75.revisions;0
/home/ramdisk/experiment4/projects/cucumber-jvm/revisions/rev_5e46857_05aaf75/rev_5e46857-05aaf75.revisions;0
/home/ramdisk/experiment4/projects/cucumber-jvm/revisions/rev_d89f488_1499ae8/rev_d89f488-1499ae8.revisions;0
/home/ramdisk/experiment4/projects/cucumber-jvm/revisions/rev_f79e50a_d31e012/rev_f79e50a-d31e012.revisions;0
/home/ramdisk/experiment4/projects/cucumber-jvm/revisions/rev_5cf7c4b_cf466ba/rev_5cf7c4b-cf466ba.revisions;0
/home/ramdisk/experiment4/projects/cucumber-jvm/revisions/rev_986a2ad_404db6b/rev_986a2ad-404db6b.revisions;0
/home/ramdisk/experiment4/projects/cucumber-jvm/revisions/rev_829c41d_2fe7fba/rev_829c41d-2fe7fba.revisions;0
/home/ramdisk/experiment4/projects/cucumber-jvm/revisions/rev_5b671b2_9114f7c/rev_5b671b2-9114f7c.revisions;0
/home/ramdisk/experiment4/projects/cucumber-jvm/revisions/rev_c3a023d_d383c93/rev_c3a023d-d383c93.revisions;0
/home/ramdisk/experiment4/projects/cucumber-jvm/revisions/rev_51a3f43_ef83dc2/rev_51a3f43-ef83dc2.revisions;0
/home/ramdisk/experiment4/projects/cucumber-jvm/revisions/rev_bbe8e5a_81a9bfe/rev_bbe8e5a-81a9bfe.revisions;0
/home/ramdisk/experiment4/projects/cucumber-jvm/revisions/rev_1625cff_d64ea3b/rev_1625cff-d64ea3b.revisions;0
/home/ramdisk/experiment4/projects/cucumber-jvm/revisions/rev_8848117_fd0cd8b/rev_8848117-fd0cd8b.revisions;8
/home/ramdisk/experiment4/projects/cucumber-jvm/revisions/rev_f548faa_0356a97/rev_f548faa-0356a97.revisions;0
/home/ramdisk/experiment4/projects/cucumber-jvm/revisions/rev_d618f5b_0e518e7/rev_d618f5b-0e518e7.revisions;0
/home/ramdisk/experiment4/projects/cucumber-jvm/revisions/rev_b8c6f41_cf7ed05/rev_b8c6f41-cf7ed05.revisions;0
/home/ramdisk/experiment4/projects/cucumber-jvm/revisions/rev_9ccdcae_4f67385/rev_9ccdcae-4f67385.revisions;0
/home/ramdisk/experiment4/projects/cucumber-jvm/revisions/rev_eecf231_cdda438/rev_eecf231-cdda438.revisions;0
/home/ramdisk/experiment4/projects/cucumber-jvm/revisions/rev_c906b4e_84c70da/rev_c906b4e-84c70da.revisions;0
/home/ramdisk/experiment4/projects/cucumber-jvm/revisions/rev_bf9bdf3_1e32593/rev_bf9bdf3-1e32593.revisions;0
/home/ramdisk/experiment4/projects/cucumber-jvm/revisions/rev_857652b_896e412/rev_857652b-896e412.revisions;0
/home/ramdisk/experiment4/projects/cucumber-jvm/revisions/rev_eabb477_c5ef051/rev_eabb477-c5ef051.revisions;0
/home/ramdisk/experiment4/projects/cucumber-jvm/revisions/rev_e3751eb_dc35d7b/rev_e3751eb-dc35d7b.revisions;0
/home/ramdisk/experiment4/projects/cucumber-jvm/revisions/rev_c87e2e2_3be4969/rev_c87e2e2-3be4969.revisions;0
/home/ramdisk/experiment4/projects/cucumber-jvm/revisions/rev_bfee3c6_3be4969/rev_bfee3c6-3be4969.revisions;0
/home/ramdisk/experiment4/projects/cucumber-jvm/revisions/rev_44660aa_9a87092/rev_44660aa-9a87092.revisions;0
/home/ramdisk/experiment4/projects/cucumber-jvm/revisions/rev_8d81845_469677b/rev_8d81845-469677b.revisions;0
/home/ramdisk/experiment4/projects/cucumber-jvm/revisions/rev_bc1bdd8_337c9e5/rev_bc1bdd8-337c9e5.revisions;0
/home/ramdisk/experiment4/projects/cucumber-jvm/revisions/rev_337c9e5_2586aa5/rev_337c9e5-2586aa5.revisions;0
/home/ramdisk/experiment4/projects/cucumber-jvm/revisions/rev_d8e98d9_a77903b/rev_d8e98d9-a77903b.revisions;0
/home/ramdisk/experiment4/projects/cucumber-jvm/revisions/rev_0bfe117_cd1044e/rev_0bfe117-cd1044e.revisions;0
/home/ramdisk/experiment4/projects/cucumber-jvm/revisions/rev_0d47459_86bd269/rev_0d47459-86bd269.revisions;0
/home/ramdisk/experiment4/projects/cucumber-jvm/revisions/rev_a1c8a97_b683d2d/rev_a1c8a97-b683d2d.revisions;0
/home/ramdisk/experiment4/projects/cucumber-jvm/revisions/rev_1fa48eb_efd820f/rev_1fa48eb-efd820f.revisions;0
/home/ramdisk/experiment4/projects/cucumber-jvm/revisions/rev_55192d3_9aeb8f3/rev_55192d3-9aeb8f3.revisions;0
/home/ramdisk/experiment4/projects/cucumber-jvm/revisions/rev_69426a9_62dc25f/rev_69426a9-62dc25f.revisions;0
/home/ramdisk/experiment4/projects/cucumber-jvm/revisions/rev_c082373_37d9bcb/rev_c082373-37d9bcb.revisions;0
/home/ramdisk/experiment4/projects/cucumber-jvm/revisions/rev_3fab1a4_1622c69/rev_3fab1a4-1622c69.revisions;0
/home/ramdisk/experiment4/projects/cucumber-jvm/revisions/rev_39e2432_6045294/rev_39e2432-6045294.revisions;3
/home/ramdisk/experiment4/projects/cucumber-jvm/revisions/rev_dbc6ce1_09c71de/rev_dbc6ce1-09c71de.revisions;0
/home/ramdisk/experiment4/projects/cucumber-jvm/revisions/rev_442c4ed_4439178/rev_442c4ed-4439178.revisions;1
/home/ramdisk/experiment4/projects/cucumber-jvm/revisions/rev_4439178_40a223a/rev_4439178-40a223a.revisions;0
/home/ramdisk/experiment4/projects/cucumber-jvm/revisions/rev_f63f6c3_90272f1/rev_f63f6c3-90272f1.revisions;0
/home/ramdisk/experiment4/projects/cucumber-jvm/revisions/rev_38177f7_8776327/rev_38177f7-8776327.revisions;0
/home/ramdisk/experiment4/projects/cucumber-jvm/revisions/rev_48e803a_2132928/rev_48e803a-2132928.revisions;0
/home/ramdisk/experiment4/projects/cucumber-jvm/revisions/rev_5232be5_96a5c15/rev_5232be5-96a5c15.revisions;0
/home/ramdisk/experiment4/projects/cucumber-jvm/revisions/rev_6ecc4be_0382330/rev_6ecc4be-0382330.revisions;0
/home/ramdisk/experiment4/projects/cucumber-jvm/revisions/rev_21c6eff_4fdf4d1/rev_21c6eff-4fdf4d1.revisions;0
/home/ramdisk/experiment4/projects/cucumber-jvm/revisions/rev_55037a2_6ecc4be/rev_55037a2-6ecc4be.revisions;0
/home/ramdisk/experiment4/projects/cucumber-jvm/revisions/rev_838fe1f_9707ea5/rev_838fe1f-9707ea5.revisions;0
/home/ramdisk/experiment4/projects/cucumber-jvm/revisions/rev_c4a7d9e_c6f3111/rev_c4a7d9e-c6f3111.revisions;0
/home/ramdisk/experiment4/projects/cucumber-jvm/revisions/rev_9258c4b_d82908e/rev_9258c4b-d82908e.revisions;0
/home/ramdisk/experiment4/projects/cucumber-jvm/revisions/rev_dbedd8a_f366f6c/rev_dbedd8a-f366f6c.revisions;0
/home/ramdisk/experiment4/projects/cucumber-jvm/revisions/rev_a3895f7_80b91d4/rev_a3895f7-80b91d4.revisions;0
/home/ramdisk/experiment4/projects/cucumber-jvm/revisions/rev_a47e54c_ea3b376/rev_a47e54c-ea3b376.revisions;0
/home/ramdisk/experiment4/projects/cucumber-jvm/revisions/rev_517487c_10ba032/rev_517487c-10ba032.revisions;0
/home/ramdisk/experiment4/projects/cucumber-jvm/revisions/rev_03a106a_31f75a9/rev_03a106a-31f75a9.revisions;0
/home/ramdisk/experiment4/projects/cucumber-jvm/revisions/rev_6e7e1b3_f9cad32/rev_6e7e1b3-f9cad32.revisions;0
/home/ramdisk/experiment4/projects/cucumber-jvm/revisions/rev_9f5ac47_3aa0e0c/rev_9f5ac47-3aa0e0c.revisions;0
/home/ramdisk/experiment4/projects/cucumber-jvm/revisions/rev_9f5ac47_0f65ace/rev_9f5ac47-0f65ace.revisions;0
/home/ramdisk/experiment4/projects/cucumber-jvm/revisions/rev_3d7b311_c4638e6/rev_3d7b311-c4638e6.revisions;0
/home/ramdisk/experiment4/projects/cucumber-jvm/revisions/rev_8dcd829_0d43174/rev_8dcd829-0d43174.revisions;0
/home/ramdisk/experiment4/projects/cucumber-jvm/revisions/rev_c196d46_bf98674/rev_c196d46-bf98674.revisions;0
/home/ramdisk/experiment4/projects/cucumber-jvm/revisions/rev_d51236c_5755aed/rev_d51236c-5755aed.revisions;0
/home/ramdisk/experiment4/projects/cucumber-jvm/revisions/rev_1fc71f0_63b7cec/rev_1fc71f0-63b7cec.revisions;0
/home/ramdisk/experiment4/projects/cucumber-jvm/revisions/rev_1e917e1_12e0223/rev_1e917e1-12e0223.revisions;0
/home/ramdisk/experiment4/projects/cucumber-jvm/revisions/rev_ba6a1c3_b5a3bc5/rev_ba6a1c3-b5a3bc5.revisions;0
/home/ramdisk/experiment4/projects/cucumber-jvm/revisions/rev_18d44c1_df3cfc9/rev_18d44c1-df3cfc9.revisions;0
/home/ramdisk/experiment4/projects/cucumber-jvm/revisions/rev_cb3a4cd_9fe69c6/rev_cb3a4cd-9fe69c6.revisions;0
/home/ramdisk/experiment4/projects/cucumber-jvm/revisions/rev_b7ed998_be5bff1/rev_b7ed998-be5bff1.revisions;0
/home/ramdisk/experiment4/projects/cucumber-jvm/revisions/rev_11888e0_3841f93/rev_11888e0-3841f93.revisions;0
/home/ramdisk/experiment4/projects/cucumber-jvm/revisions/rev_b86999f_b0496b3/rev_b86999f-b0496b3.revisions;0
/home/ramdisk/experiment4/projects/cucumber-jvm/revisions/rev_b407f1c_0707f76/rev_b407f1c-0707f76.revisions;0
/home/ramdisk/experiment4/projects/cucumber-jvm/revisions/rev_e4e4c20_22bf537/rev_e4e4c20-22bf537.revisions;0
/home/ramdisk/experiment4/projects/cucumber-jvm/revisions/rev_22bf537_e1b50ca/rev_22bf537-e1b50ca.revisions;0
/home/ramdisk/experiment4/projects/cucumber-jvm/revisions/rev_5416686_7bf5074/rev_5416686-7bf5074.revisions;0
/home/ramdisk/experiment4/projects/cucumber-jvm/revisions/rev_5416686_383922e/rev_5416686-383922e.revisions;0
/home/ramdisk/experiment4/projects/cucumber-jvm/revisions/rev_e1b9fc7_440ab51/rev_e1b9fc7-440ab51.revisions;0
/home/ramdisk/experiment4/projects/cucumber-jvm/revisions/rev_76233d9_61069ff/rev_76233d9-61069ff.revisions;0
/home/ramdisk/experiment4/projects/cucumber-jvm/revisions/rev_20114f7_5e47a09/rev_20114f7-5e47a09.revisions;0
/home/ramdisk/experiment4/projects/cucumber-jvm/revisions/rev_5b129f0_463cf01/rev_5b129f0-463cf01.revisions;0
/home/ramdisk/experiment4/projects/cucumber-jvm/revisions/rev_4f5b5c1_a280f2f/rev_4f5b5c1-a280f2f.revisions;0
/home/ramdisk/experiment4/projects/cucumber-jvm/revisions/rev_b2b73e5_9cf7f82/rev_b2b73e5-9cf7f82.revisions;0
/home/ramdisk/experiment4/projects/cucumber-jvm/revisions/rev_976111f_603a138/rev_976111f-603a138.revisions;0
/home/ramdisk/experiment4/projects/cucumber-jvm/revisions/rev_1540ed1_3df8d30/rev_1540ed1-3df8d30.revisions;0
/home/ramdisk/experiment4/projects/cucumber-jvm/revisions/rev_f241755_0a9edb6/rev_f241755-0a9edb6.revisions;0
/home/ramdisk/experiment4/projects/cucumber-jvm/revisions/rev_2ac08a8_c591426/rev_2ac08a8-c591426.revisions;0
/home/ramdisk/experiment4/projects/cucumber-jvm/revisions/rev_80773f0_6f10d23/rev_80773f0-6f10d23.revisions;0
/home/ramdisk/experiment4/projects/cucumber-jvm/revisions/rev_7ce7a5c_0b03558/rev_7ce7a5c-0b03558.revisions;0
/home/ramdisk/experiment4/projects/cucumber-jvm/revisions/rev_396b091_3f92877/rev_396b091-3f92877.revisions;0
/home/ramdisk/experiment4/projects/cucumber-jvm/revisions/rev_b79d402_404a702/rev_b79d402-404a702.revisions;0
/home/ramdisk/experiment4/projects/cucumber-jvm/revisions/rev_18eedbf_015da40/rev_18eedbf-015da40.revisions;0
/home/ramdisk/experiment4/projects/cucumber-jvm/revisions/rev_45d0055_ce52f30/rev_45d0055-ce52f30.revisions;0
/home/ramdisk/experiment4/projects/cucumber-jvm/revisions/rev_fa81ba3_c4d27b4/rev_fa81ba3-c4d27b4.revisions;0
/home/ramdisk/experiment4/projects/cucumber-jvm/revisions/rev_cca52ae_80a3bab/rev_cca52ae-80a3bab.revisions;0
/home/ramdisk/experiment4/projects/cucumber-jvm/revisions/rev_15ade0b_0c37374/rev_15ade0b-0c37374.revisions;0
/home/ramdisk/experiment4/projects/cucumber-jvm/revisions/rev_5df09f8_6fe3fb5/rev_5df09f8-6fe3fb5.revisions;0
/home/ramdisk/experiment4/projects/cucumber-jvm/revisions/rev_58e57b0_5e3d2fd/rev_58e57b0-5e3d2fd.revisions;0
/home/ramdisk/experiment4/projects/cucumber-jvm/revisions/rev_63dca60_6d4e503/rev_63dca60-6d4e503.revisions;0
/home/ramdisk/experiment4/projects/cucumber-jvm/revisions/rev_c3915bf_533af7c/rev_c3915bf-533af7c.revisions;0
/home/ramdisk/experiment4/projects/cucumber-jvm/revisions/rev_fb86373_1500f10/rev_fb86373-1500f10.revisions;0
/home/ramdisk/experiment4/projects/cucumber-jvm/revisions/rev_bdeb78e_1dbdc18/rev_bdeb78e-1dbdc18.revisions;0
/home/ramdisk/experiment4/projects/cucumber-jvm/revisions/rev_6008944_c6ca457/rev_6008944-c6ca457.revisions;0
/home/ramdisk/experiment4/projects/cucumber-jvm/revisions/rev_e081d8b_5df7904/rev_e081d8b-5df7904.revisions;0
/home/ramdisk/experiment4/projects/cucumber-jvm/revisions/rev_3745fd6_ae0b2e2/rev_3745fd6-ae0b2e2.revisions;0
/home/ramdisk/experiment4/projects/cucumber-jvm/revisions/rev_41490a1_b113c82/rev_41490a1-b113c82.revisions;0
/home/ramdisk/experiment4/projects/cucumber-jvm/revisions/rev_78929e9_dfe89dd/rev_78929e9-dfe89dd.revisions;0
/home/ramdisk/experiment4/projects/cucumber-jvm/revisions/rev_afb57af_648b468/rev_afb57af-648b468.revisions;0
/home/ramdisk/experiment4/projects/cucumber-jvm/revisions/rev_0086dce_b5e401a/rev_0086dce-b5e401a.revisions;0
/home/ramdisk/experiment4/projects/cucumber-jvm/revisions/rev_a5fa9aa_1c0564c/rev_a5fa9aa-1c0564c.revisions;0
/home/ramdisk/experiment4/projects/cucumber-jvm/revisions/rev_8c386b8_9dc0498/rev_8c386b8-9dc0498.revisions;0
/home/ramdisk/experiment4/projects/cucumber-jvm/revisions/rev_c4f6c53_9cc482e/rev_c4f6c53-9cc482e.revisions;0
/home/ramdisk/experiment4/projects/cucumber-jvm/revisions/rev_3722180_ec5728f/rev_3722180-ec5728f.revisions;0
/home/ramdisk/experiment4/projects/cucumber-jvm/revisions/rev_b772299_83821b0/rev_b772299-83821b0.revisions;0
/home/ramdisk/experiment4/projects/cucumber-jvm/revisions/rev_b7d2505_d90c7af/rev_b7d2505-d90c7af.revisions;0
/home/ramdisk/experiment4/projects/cucumber-jvm/revisions/rev_356b49c_f0e26da/rev_356b49c-f0e26da.revisions;0
/home/ramdisk/experiment4/projects/cucumber-jvm/revisions/rev_4b15dbf_68faa4b/rev_4b15dbf-68faa4b.revisions;0
/home/ramdisk/experiment4/projects/cucumber-jvm/revisions/rev_77bffc4_a6a4f65/rev_77bffc4-a6a4f65.revisions;0
/home/ramdisk/experiment4/projects/cucumber-jvm/revisions/rev_532eff7_4e31153/rev_532eff7-4e31153.revisions;0
/home/ramdisk/experiment4/projects/cucumber-jvm/revisions/rev_532eff7_b8b7545/rev_532eff7-b8b7545.revisions;0
/home/ramdisk/experiment4/projects/cucumber-jvm/revisions/rev_a16371d_8a76735/rev_a16371d-8a76735.revisions;0
/home/ramdisk/experiment4/projects/cucumber-jvm/revisions/rev_a16371d_58d9137/rev_a16371d-58d9137.revisions;0
/home/ramdisk/experiment4/projects/cucumber-jvm/revisions/rev_8e6f9d2_b2ef05c/rev_8e6f9d2-b2ef05c.revisions;0
/home/ramdisk/experiment4/projects/cucumber-jvm/revisions/rev_8e6f9d2_1d8353d/rev_8e6f9d2-1d8353d.revisions;0
/home/ramdisk/experiment4/projects/cucumber-jvm/revisions/rev_9396ebe_07a80c9/rev_9396ebe-07a80c9.revisions;0
/home/ramdisk/experiment4/projects/cucumber-jvm/revisions/rev_9396ebe_f028fc0/rev_9396ebe-f028fc0.revisions;0
/home/ramdisk/experiment4/projects/cucumber-jvm/revisions/rev_ff2e54e_2e5115e/rev_ff2e54e-2e5115e.revisions;0
/home/ramdisk/experiment4/projects/cucumber-jvm/revisions/rev_ff2e54e_382f0b6/rev_ff2e54e-382f0b6.revisions;0
/home/ramdisk/experiment4/projects/cucumber-jvm/revisions/rev_2e6a8d5_fba8c18/rev_2e6a8d5-fba8c18.revisions;0
/home/ramdisk/experiment4/projects/cucumber-jvm/revisions/rev_33c65d3_292f19d/rev_33c65d3-292f19d.revisions;0
/home/ramdisk/experiment4/projects/cucumber-jvm/revisions/rev_ae55e3a_ae1c079/rev_ae55e3a-ae1c079.revisions;0
/home/ramdisk/experiment4/projects/cucumber-jvm/revisions/rev_df6fb2f_515466e/rev_df6fb2f-515466e.revisions;0
/home/ramdisk/experiment4/projects/cucumber-jvm/revisions/rev_a2edbaf_f8b63ca/rev_a2edbaf-f8b63ca.revisions;0
/home/ramdisk/experiment4/projects/cucumber-jvm/revisions/rev_90c1886_61c9961/rev_90c1886-61c9961.revisions;0
/home/ramdisk/experiment4/projects/cucumber-jvm/revisions/rev_80fac3f_34332ef/rev_80fac3f-34332ef.revisions;0
/home/ramdisk/experiment4/projects/cucumber-jvm/revisions/rev_80fac3f_398d5d9/rev_80fac3f-398d5d9.revisions;0
/home/ramdisk/experiment4/projects/cucumber-jvm/revisions/rev_f8ecfb4_494ec54/rev_f8ecfb4-494ec54.revisions;0
/home/ramdisk/experiment4/projects/cucumber-jvm/revisions/rev_f8ecfb4_3b41a05/rev_f8ecfb4-3b41a05.revisions;0
/home/ramdisk/experiment4/projects/cucumber-jvm/revisions/rev_cfdd510_df74cdb/rev_cfdd510-df74cdb.revisions;0
/home/ramdisk/experiment4/projects/cucumber-jvm/revisions/rev_cfdd510_4517d33/rev_cfdd510-4517d33.revisions;0
/home/ramdisk/experiment4/projects/cucumber-jvm/revisions/rev_858e6f1_4a67f5d/rev_858e6f1-4a67f5d.revisions;0
/home/ramdisk/experiment4/projects/cucumber-jvm/revisions/rev_4a67f5d_2775bc1/rev_4a67f5d-2775bc1.revisions;0
/home/ramdisk/experiment4/projects/cucumber-jvm/revisions/rev_4a67f5d_d4db95c/rev_4a67f5d-d4db95c.revisions;0
/home/ramdisk/experiment4/projects/cucumber-jvm/revisions/rev_8348610_76b3b57/rev_8348610-76b3b57.revisions;0
/home/ramdisk/experiment4/projects/cucumber-jvm/revisions/rev_e5ca356_37cdab1/rev_e5ca356-37cdab1.revisions;0
/home/ramdisk/experiment4/projects/cucumber-jvm/revisions/rev_adac439_37cdab1/rev_adac439-37cdab1.revisions;0
/home/ramdisk/experiment4/projects/cucumber-jvm/revisions/rev_f18e345_5b29856/rev_f18e345-5b29856.revisions;0
/home/ramdisk/experiment4/projects/cucumber-jvm/revisions/rev_37cdab1_9b80957/rev_37cdab1-9b80957.revisions;0
/home/ramdisk/experiment4/projects/cucumber-jvm/revisions/rev_71b7087_20d9114/rev_71b7087-20d9114.revisions;0
/home/ramdisk/experiment4/projects/cucumber-jvm/revisions/rev_71b7087_99d1915/rev_71b7087-99d1915.revisions;0
/home/ramdisk/experiment4/projects/cucumber-jvm/revisions/rev_8e43c11_4879f9e/rev_8e43c11-4879f9e.revisions;0
/home/ramdisk/experiment4/projects/cucumber-jvm/revisions/rev_6d17718_8d89198/rev_6d17718-8d89198.revisions;0
/home/ramdisk/experiment4/projects/cucumber-jvm/revisions/rev_8347bb5_fd76431/rev_8347bb5-fd76431.revisions;0
/home/ramdisk/experiment4/projects/cucumber-jvm/revisions/rev_c7dc4d6_3010af6/rev_c7dc4d6-3010af6.revisions;0
/home/ramdisk/experiment4/projects/cucumber-jvm/revisions/rev_151f210_a9cd489/rev_151f210-a9cd489.revisions;0
/home/ramdisk/experiment4/projects/cucumber-jvm/revisions/rev_52987aa_bb28bb9/rev_52987aa-bb28bb9.revisions;0
/home/ramdisk/experiment4/projects/cucumber-jvm/revisions/rev_3c75009_d551e34/rev_3c75009-d551e34.revisions;0
/home/ramdisk/experiment4/projects/cucumber-jvm/revisions/rev_94bee03_1f7d260/rev_94bee03-1f7d260.revisions;0
/home/ramdisk/experiment4/projects/cucumber-jvm/revisions/rev_b32f59a_9abd7fd/rev_b32f59a-9abd7fd.revisions;0
/home/ramdisk/experiment4/projects/cucumber-jvm/revisions/rev_35438bf_e073420/rev_35438bf-e073420.revisions;0
/home/ramdisk/experiment4/projects/cucumber-jvm/revisions/rev_7f4f543_1cd5727/rev_7f4f543-1cd5727.revisions;22
/home/ramdisk/experiment4/projects/cucumber-jvm/revisions/rev_1ed7dab_a53cde8/rev_1ed7dab-a53cde8.revisions;0
/home/ramdisk/experiment4/projects/cucumber-jvm/revisions/rev_a4face1_8e232b4/rev_a4face1-8e232b4.revisions;0
/home/ramdisk/experiment4/projects/cucumber-jvm/revisions/rev_8e232b4_98a45a4/rev_8e232b4-98a45a4.revisions;0
/home/ramdisk/experiment4/projects/cucumber-jvm/revisions/rev_76d5da6_5164622/rev_76d5da6-5164622.revisions;0
/home/ramdisk/experiment4/projects/cucumber-jvm/revisions/rev_519f171_0a7f2ab/rev_519f171-0a7f2ab.revisions;0
/home/ramdisk/experiment4/projects/cucumber-jvm/revisions/rev_39deee9_e03f740/rev_39deee9-e03f740.revisions;0
/home/ramdisk/experiment4/projects/cucumber-jvm/revisions/rev_2e14ce8_e8a54b1/rev_2e14ce8-e8a54b1.revisions;0
/home/ramdisk/experiment4/projects/cucumber-jvm/revisions/rev_97da422_df03361/rev_97da422-df03361.revisions;0
/home/ramdisk/experiment4/projects/cucumber-jvm/revisions/rev_bc8db27_8e95e90/rev_bc8db27-8e95e90.revisions;0
/home/ramdisk/experiment4/projects/cucumber-jvm/revisions/rev_45ea45d_f26ad1e/rev_45ea45d-f26ad1e.revisions;0
/home/ramdisk/experiment4/projects/cucumber-jvm/revisions/rev_663361a_a5cd2a6/rev_663361a-a5cd2a6.revisions;0
/home/ramdisk/experiment4/projects/cucumber-jvm/revisions/rev_6bffa75_002df29/rev_6bffa75-002df29.revisions;0
/home/ramdisk/experiment4/projects/cucumber-jvm/revisions/rev_6bffa75_0844637/rev_6bffa75-0844637.revisions;0
/home/ramdisk/experiment4/projects/cucumber-jvm/revisions/rev_c0a6c0f_b2b9f94/rev_c0a6c0f-b2b9f94.revisions;0
/home/ramdisk/experiment4/projects/cucumber-jvm/revisions/rev_6fce323_a680278/rev_6fce323-a680278.revisions;0
/home/ramdisk/experiment4/projects/cucumber-jvm/revisions/rev_d54eb55_ea24138/rev_d54eb55-ea24138.revisions;0
/home/ramdisk/experiment4/projects/cucumber-jvm/revisions/rev_018cd22_ed2c58e/rev_018cd22-ed2c58e.revisions;0
/home/ramdisk/experiment4/projects/cucumber-jvm/revisions/rev_d762468_886406e/rev_d762468-886406e.revisions;0
/home/ramdisk/experiment4/projects/cucumber-jvm/revisions/rev_a1f57aa_8e7147c/rev_a1f57aa-8e7147c.revisions;0
/home/ramdisk/experiment4/projects/cucumber-jvm/revisions/rev_cef5703_3f65b9c/rev_cef5703-3f65b9c.revisions;0
/home/ramdisk/experiment4/projects/cucumber-jvm/revisions/rev_4ec563f_2febd90/rev_4ec563f-2febd90.revisions;0
/home/ramdisk/experiment4/projects/cucumber-jvm/revisions/rev_a8c7eb2_30e4ec3/rev_a8c7eb2-30e4ec3.revisions;0
/home/ramdisk/experiment4/projects/cucumber-jvm/revisions/rev_b5b43dc_2fe6292/rev_b5b43dc-2fe6292.revisions;0
/home/ramdisk/experiment4/projects/cucumber-jvm/revisions/rev_3382706_22d21be/rev_3382706-22d21be.revisions;0
/home/ramdisk/experiment4/projects/cucumber-jvm/revisions/rev_d4f69c6_1e573f5/rev_d4f69c6-1e573f5.revisions;0
/home/ramdisk/experiment4/projects/cucumber-jvm/revisions/rev_3a7a8a9_72e2d05/rev_3a7a8a9-72e2d05.revisions;0
/home/ramdisk/experiment4/projects/cucumber-jvm/revisions/rev_98b0481_24a40df/rev_98b0481-24a40df.revisions;0
/home/ramdisk/experiment4/projects/cucumber-jvm/revisions/rev_77884d4_cfc60cb/rev_77884d4-cfc60cb.revisions;0
/home/ramdisk/experiment4/projects/cucumber-jvm/revisions/rev_950172a_fd317c3/rev_950172a-fd317c3.revisions;0
/home/ramdisk/experiment4/projects/cucumber-jvm/revisions/rev_07f9805_e472dd4/rev_07f9805-e472dd4.revisions;0
/home/ramdisk/experiment4/projects/cucumber-jvm/revisions/rev_4904cb0_04a7eef/rev_4904cb0-04a7eef.revisions;0
/home/ramdisk/experiment4/projects/cucumber-jvm/revisions/rev_4904cb0_5e274c3/rev_4904cb0-5e274c3.revisions;0
/home/ramdisk/experiment4/projects/cucumber-jvm/revisions/rev_f3a73d5_942ae1c/rev_f3a73d5-942ae1c.revisions;0
/home/ramdisk/experiment4/projects/cucumber-jvm/revisions/rev_0e815f3_6a3c8f8/rev_0e815f3-6a3c8f8.revisions;0
/home/ramdisk/experiment4/projects/cucumber-jvm/revisions/rev_4266b68_d034b7e/rev_4266b68-d034b7e.revisions;0
/home/ramdisk/experiment4/projects/cucumber-jvm/revisions/rev_4266b68_b0a22ac/rev_4266b68-b0a22ac.revisions;0
/home/ramdisk/experiment4/projects/cucumber-jvm/revisions/rev_f059eb5_13ba17a/rev_f059eb5-13ba17a.revisions;0
/home/ramdisk/experiment4/projects/cucumber-jvm/revisions/rev_13ba17a_4de216b/rev_13ba17a-4de216b.revisions;0
/home/ramdisk/experiment4/projects/cucumber-jvm/revisions/rev_1934b89_766ef6c/rev_1934b89-766ef6c.revisions;0
/home/ramdisk/experiment4/projects/cucumber-jvm/revisions/rev_270f88a_8c81313/rev_270f88a-8c81313.revisions;0
/home/ramdisk/experiment4/projects/cucumber-jvm/revisions/rev_d7dbba1_16959c6/rev_d7dbba1-16959c6.revisions;0
/home/ramdisk/experiment4/projects/cucumber-jvm/revisions/rev_2398597_b806dd4/rev_2398597-b806dd4.revisions;0
/home/ramdisk/experiment4/projects/cucumber-jvm/revisions/rev_27b02a0_3c3fc9b/rev_27b02a0-3c3fc9b.revisions;0
/home/ramdisk/experiment4/projects/cucumber-jvm/revisions/rev_51dc70f_d2348d0/rev_51dc70f-d2348d0.revisions;0
/home/ramdisk/experiment4/projects/cucumber-jvm/revisions/rev_6721eea_6672352/rev_6721eea-6672352.revisions;0
/home/ramdisk/experiment4/projects/cucumber-jvm/revisions/rev_8e701df_0da9be1/rev_8e701df-0da9be1.revisions;0
/home/ramdisk/experiment4/projects/cucumber-jvm/revisions/rev_0aecc4d_f805d24/rev_0aecc4d-f805d24.revisions;0
/home/ramdisk/experiment4/projects/cucumber-jvm/revisions/rev_361c13c_a696674/rev_361c13c-a696674.revisions;0
/home/ramdisk/experiment4/projects/cucumber-jvm/revisions/rev_b4e7465_ba14231/rev_b4e7465-ba14231.revisions;0
/home/ramdisk/experiment4/projects/cucumber-jvm/revisions/rev_b4e7465_431d428/rev_b4e7465-431d428.revisions;0
/home/ramdisk/experiment4/projects/cucumber-jvm/revisions/rev_b874661_63ad2cb/rev_b874661-63ad2cb.revisions;0
/home/ramdisk/experiment4/projects/cucumber-jvm/revisions/rev_b874661_5459ccd/rev_b874661-5459ccd.revisions;0
/home/ramdisk/experiment4/projects/cucumber-jvm/revisions/rev_3e040ff_bfbae87/rev_3e040ff-bfbae87.revisions;0
/home/ramdisk/experiment4/projects/cucumber-jvm/revisions/rev_3e040ff_2832c8c/rev_3e040ff-2832c8c.revisions;0
/home/ramdisk/experiment4/projects/cucumber-jvm/revisions/rev_f158c82_21973b3/rev_f158c82-21973b3.revisions;0
/home/ramdisk/experiment4/projects/cucumber-jvm/revisions/rev_f158c82_2c8359e/rev_f158c82-2c8359e.revisions;0
/home/ramdisk/experiment4/projects/cucumber-jvm/revisions/rev_1836d22_fca086e/rev_1836d22-fca086e.revisions;0
/home/ramdisk/experiment4/projects/cucumber-jvm/revisions/rev_1836d22_fd8a15b/rev_1836d22-fd8a15b.revisions;0
/home/ramdisk/experiment4/projects/cucumber-jvm/revisions/rev_53851a7_652621f/rev_53851a7-652621f.revisions;0
/home/ramdisk/experiment4/projects/cucumber-jvm/revisions/rev_53851a7_604ea45/rev_53851a7-604ea45.revisions;0
/home/ramdisk/experiment4/projects/cucumber-jvm/revisions/rev_66bbee9_7d1e2d2/rev_66bbee9-7d1e2d2.revisions;0
/home/ramdisk/experiment4/projects/cucumber-jvm/revisions/rev_66bbee9_ac6f448/rev_66bbee9-ac6f448.revisions;0
/home/ramdisk/experiment4/projects/cucumber-jvm/revisions/rev_3d392c2_b5f803f/rev_3d392c2-b5f803f.revisions;0
/home/ramdisk/experiment4/projects/cucumber-jvm/revisions/rev_3d392c2_c950e9f/rev_3d392c2-c950e9f.revisions;0
/home/ramdisk/experiment4/projects/cucumber-jvm/revisions/rev_7b72c84_afeb749/rev_7b72c84-afeb749.revisions;0
/home/ramdisk/experiment4/projects/cucumber-jvm/revisions/rev_afeb749_a4ded9c/rev_afeb749-a4ded9c.revisions;0
/home/ramdisk/experiment4/projects/cucumber-jvm/revisions/rev_660d45e_21b14b4/rev_660d45e-21b14b4.revisions;0
/home/ramdisk/experiment4/projects/cucumber-jvm/revisions/rev_660d45e_2e9e4c1/rev_660d45e-2e9e4c1.revisions;0
/home/ramdisk/experiment4/projects/cucumber-jvm/revisions/rev_b056ea5_96b89e1/rev_b056ea5-96b89e1.revisions;0
/home/ramdisk/experiment4/projects/cucumber-jvm/revisions/rev_b056ea5_840d97e/rev_b056ea5-840d97e.revisions;0
/home/ramdisk/experiment4/projects/cucumber-jvm/revisions/rev_b66c765_0ac2df0/rev_b66c765-0ac2df0.revisions;0
/home/ramdisk/experiment4/projects/cucumber-jvm/revisions/rev_b66c765_ef8a237/rev_b66c765-ef8a237.revisions;0
/home/ramdisk/experiment4/projects/cucumber-jvm/revisions/rev_8d02a4f_f2bb89b/rev_8d02a4f-f2bb89b.revisions;0
/home/ramdisk/experiment4/projects/cucumber-jvm/revisions/rev_1327806_f20c852/rev_1327806-f20c852.revisions;0
/home/ramdisk/experiment4/projects/cucumber-jvm/revisions/rev_631eb24_cf811be/rev_631eb24-cf811be.revisions;0
/home/ramdisk/experiment4/projects/cucumber-jvm/revisions/rev_8864972_df3be33/rev_8864972-df3be33.revisions;0
/home/ramdisk/experiment4/projects/cucumber-jvm/revisions/rev_386270a_e9fbd7f/rev_386270a-e9fbd7f.revisions;0
/home/ramdisk/experiment4/projects/cucumber-jvm/revisions/rev_019f9a3_6bad552/rev_019f9a3-6bad552.revisions;0
/home/ramdisk/experiment4/projects/cucumber-jvm/revisions/rev_8831fb3_b0b26a3/rev_8831fb3-b0b26a3.revisions;0
/home/ramdisk/experiment4/projects/cucumber-jvm/revisions/rev_177cc3a_d20848a/rev_177cc3a-d20848a.revisions;0
/home/ramdisk/experiment4/projects/cucumber-jvm/revisions/rev_1bef648_2d51e5d/rev_1bef648-2d51e5d.revisions;0
/home/ramdisk/experiment4/projects/cucumber-jvm/revisions/rev_7bf64cd_ee8c64a/rev_7bf64cd-ee8c64a.revisions;0
/home/ramdisk/experiment4/projects/cucumber-jvm/revisions/rev_3bb11c8_d312bf0/rev_3bb11c8-d312bf0.revisions;0
/home/ramdisk/experiment4/projects/cucumber-jvm/revisions/rev_25a0b25_8faad19/rev_25a0b25-8faad19.revisions;0
/home/ramdisk/experiment4/projects/cucumber-jvm/revisions/rev_aa069b0_8512b10/rev_aa069b0-8512b10.revisions;0
/home/ramdisk/experiment4/projects/cucumber-jvm/revisions/rev_73bc2da_ce2c783/rev_73bc2da-ce2c783.revisions;0
/home/ramdisk/experiment4/projects/cucumber-jvm/revisions/rev_c8c9eab_bf91008/rev_c8c9eab-bf91008.revisions;0
/home/ramdisk/experiment4/projects/cucumber-jvm/revisions/rev_19f19e1_89fc724/rev_19f19e1-89fc724.revisions;0
/home/ramdisk/experiment4/projects/cucumber-jvm/revisions/rev_be89d4b_cd515d3/rev_be89d4b-cd515d3.revisions;0
/home/ramdisk/experiment4/projects/cucumber-jvm/revisions/rev_aa4c9a0_372619e/rev_aa4c9a0-372619e.revisions;0
/home/ramdisk/experiment4/projects/cucumber-jvm/revisions/rev_d140a9a_a039e61/rev_d140a9a-a039e61.revisions;0
/home/ramdisk/experiment4/projects/cucumber-jvm/revisions/rev_d140a9a_a5c0231/rev_d140a9a-a5c0231.revisions;0
/home/ramdisk/experiment4/projects/cucumber-jvm/revisions/rev_280113e_9ec2d0f/rev_280113e-9ec2d0f.revisions;0
/home/ramdisk/experiment4/projects/cucumber-jvm/revisions/rev_280113e_314bfc8/rev_280113e-314bfc8.revisions;0
/home/ramdisk/experiment4/projects/cucumber-jvm/revisions/rev_bf8efda_6eece8d/rev_bf8efda-6eece8d.revisions;0
/home/ramdisk/experiment4/projects/cucumber-jvm/revisions/rev_33435a0_9fcf26a/rev_33435a0-9fcf26a.revisions;0
/home/ramdisk/experiment4/projects/cucumber-jvm/revisions/rev_6963617_43b147d/rev_6963617-43b147d.revisions;0
/home/ramdisk/experiment4/projects/cucumber-jvm/revisions/rev_940b97a_7edd7f1/rev_940b97a-7edd7f1.revisions;0
/home/ramdisk/experiment4/projects/cucumber-jvm/revisions/rev_28aeffe_71fd7a1/rev_28aeffe-71fd7a1.revisions;0
/home/ramdisk/experiment4/projects/cucumber-jvm/revisions/rev_9a352dc_268c0ef/rev_9a352dc-268c0ef.revisions;0
/home/ramdisk/experiment4/projects/cucumber-jvm/revisions/rev_c903345_2b4ca36/rev_c903345-2b4ca36.revisions;0
/home/ramdisk/experiment4/projects/cucumber-jvm/revisions/rev_c650ee8_10943f7/rev_c650ee8-10943f7.revisions;0
/home/ramdisk/experiment4/projects/cucumber-jvm/revisions/rev_c650ee8_af1204c/rev_c650ee8-af1204c.revisions;0
/home/ramdisk/experiment4/projects/cucumber-jvm/revisions/rev_141d045_d68c865/rev_141d045-d68c865.revisions;0
/home/ramdisk/experiment4/projects/cucumber-jvm/revisions/rev_141d045_1afcc84/rev_141d045-1afcc84.revisions;0
/home/ramdisk/experiment4/projects/cucumber-jvm/revisions/rev_3d3d4eb_94ae6cf/rev_3d3d4eb-94ae6cf.revisions;0
/home/ramdisk/experiment4/projects/cucumber-jvm/revisions/rev_d39527d_9834a9a/rev_d39527d-9834a9a.revisions;0
/home/ramdisk/experiment4/projects/cucumber-jvm/revisions/rev_b249304_fba93e7/rev_b249304-fba93e7.revisions;0
/home/ramdisk/experiment4/projects/cucumber-jvm/revisions/rev_2c9a79d_d8559dc/rev_2c9a79d-d8559dc.revisions;0
/home/ramdisk/experiment4/projects/cucumber-jvm/revisions/rev_062758b_636471a/rev_062758b-636471a.revisions;0
/home/ramdisk/experiment4/projects/cucumber-jvm/revisions/rev_062758b_ad36b2e/rev_062758b-ad36b2e.revisions;0
/home/ramdisk/experiment4/projects/cucumber-jvm/revisions/rev_786f38a_1157072/rev_786f38a-1157072.revisions;0
/home/ramdisk/experiment4/projects/cucumber-jvm/revisions/rev_51f0c9b_486b82c/rev_51f0c9b-486b82c.revisions;0
/home/ramdisk/experiment4/projects/cucumber-jvm/revisions/rev_e8d2d90_51f0c9b/rev_e8d2d90-51f0c9b.revisions;0
/home/ramdisk/experiment4/projects/cucumber-jvm/revisions/rev_51f0c9b_344e56e/rev_51f0c9b-344e56e.revisions;0
/home/ramdisk/experiment4/projects/cucumber-jvm/revisions/rev_d4b5bab_cea10a1/rev_d4b5bab-cea10a1.revisions;0
/home/ramdisk/experiment4/projects/cucumber-jvm/revisions/rev_2f2269f_d0a6862/rev_2f2269f-d0a6862.revisions;0
/home/ramdisk/experiment4/projects/cucumber-jvm/revisions/rev_fde271e_e01977a/rev_fde271e-e01977a.revisions;0
/home/ramdisk/experiment4/projects/cucumber-jvm/revisions/rev_4687dd8_18abf3c/rev_4687dd8-18abf3c.revisions;0
/home/ramdisk/experiment4/projects/cucumber-jvm/revisions/rev_4687dd8_3705e97/rev_4687dd8-3705e97.revisions;0
/home/ramdisk/experiment4/projects/cucumber-jvm/revisions/rev_dd7daa4_2a679c1/rev_dd7daa4-2a679c1.revisions;0
/home/ramdisk/experiment4/projects/cucumber-jvm/revisions/rev_db776af_45e7141/rev_db776af-45e7141.revisions;0
/home/ramdisk/experiment4/projects/cucumber-jvm/revisions/rev_11cd8ea_e52fc4f/rev_11cd8ea-e52fc4f.revisions;0
/home/ramdisk/experiment4/projects/cucumber-jvm/revisions/rev_88b0f0c_7f50aed/rev_88b0f0c-7f50aed.revisions;0
/home/ramdisk/experiment4/projects/cucumber-jvm/revisions/rev_7699a58_ec8770d/rev_7699a58-ec8770d.revisions;0
/home/ramdisk/experiment4/projects/cucumber-jvm/revisions/rev_f22be4d_315e6db/rev_f22be4d-315e6db.revisions;0
/home/ramdisk/experiment4/projects/cucumber-jvm/revisions/rev_41ceadb_0484398/rev_41ceadb-0484398.revisions;0
/home/ramdisk/experiment4/projects/cucumber-jvm/revisions/rev_3e97237_461e53d/rev_3e97237-461e53d.revisions;0
/home/ramdisk/experiment4/projects/cucumber-jvm/revisions/rev_0945162_d6dc023/rev_0945162-d6dc023.revisions;0
/home/ramdisk/experiment4/projects/cucumber-jvm/revisions/rev_0ea7b43_7873cb5/rev_0ea7b43-7873cb5.revisions;0
/home/ramdisk/experiment4/projects/cucumber-jvm/revisions/rev_722a18b_389ea33/rev_722a18b-389ea33.revisions;0
/home/ramdisk/experiment4/projects/cucumber-jvm/revisions/rev_618c0be_de46da5/rev_618c0be-de46da5.revisions;0
/home/ramdisk/experiment4/projects/cucumber-jvm/revisions/rev_ca49e39_d640216/rev_ca49e39-d640216.revisions;0
/home/ramdisk/experiment4/projects/cucumber-jvm/revisions/rev_07027a2_34c0626/rev_07027a2-34c0626.revisions;0
