revision;anonymousBlocks
/home/ramdisk/experiment3/projects/astyanax/revisions/rev_fcacd74_8737651/rev_fcacd74-8737651.revisions;0
/home/ramdisk/experiment3/projects/astyanax/revisions/rev_8298003_c9fb3d9/rev_8298003-c9fb3d9.revisions;0
/home/ramdisk/experiment3/projects/astyanax/revisions/rev_7c28a76_bc66205/rev_7c28a76-bc66205.revisions;0
/home/ramdisk/experiment3/projects/astyanax/revisions/rev_ac47c98_3625eef/rev_ac47c98-3625eef.revisions;0
/home/ramdisk/experiment3/projects/astyanax/revisions/rev_4c90dc2_696919d/rev_4c90dc2-696919d.revisions;0
/home/ramdisk/experiment3/projects/astyanax/revisions/rev_d712c58_0de766a/rev_d712c58-0de766a.revisions;0
/home/ramdisk/experiment3/projects/astyanax/revisions/rev_de38f98_b26b4d9/rev_de38f98-b26b4d9.revisions;0
/home/ramdisk/experiment3/projects/astyanax/revisions/rev_5f9593b_ff6c29a/rev_5f9593b-ff6c29a.revisions;0
/home/ramdisk/experiment3/projects/astyanax/revisions/rev_875c864_015f828/rev_875c864-015f828.revisions;0
/home/ramdisk/experiment3/projects/astyanax/revisions/rev_9e6a159_24210b5/rev_9e6a159-24210b5.revisions;0
/home/ramdisk/experiment3/projects/astyanax/revisions/rev_a2aa97f_025c225/rev_a2aa97f-025c225.revisions;0
/home/ramdisk/experiment3/projects/astyanax/revisions/rev_58a92e9_6b26974/rev_58a92e9-6b26974.revisions;0
/home/ramdisk/experiment3/projects/astyanax/revisions/rev_e1e120b_b8df551/rev_e1e120b-b8df551.revisions;0
/home/ramdisk/experiment3/projects/astyanax/revisions/rev_e6ec3cc_6f64795/rev_e6ec3cc-6f64795.revisions;0
/home/ramdisk/experiment3/projects/astyanax/revisions/rev_2ac2de7_8df2acc/rev_2ac2de7-8df2acc.revisions;0
/home/ramdisk/experiment3/projects/astyanax/revisions/rev_bf5b268_eaa8fc9/rev_bf5b268-eaa8fc9.revisions;0
/home/ramdisk/experiment3/projects/astyanax/revisions/rev_efad4fe_53adc06/rev_efad4fe-53adc06.revisions;0
/home/ramdisk/experiment3/projects/astyanax/revisions/rev_efad4fe_6e508d6/rev_efad4fe-6e508d6.revisions;0
/home/ramdisk/experiment3/projects/astyanax/revisions/rev_66d005a_aca84b4/rev_66d005a-aca84b4.revisions;0
/home/ramdisk/experiment3/projects/astyanax/revisions/rev_aca84b4_6d37dcb/rev_aca84b4-6d37dcb.revisions;0
/home/ramdisk/experiment3/projects/astyanax/revisions/rev_3a466be_a8ef6ef/rev_3a466be-a8ef6ef.revisions;0
/home/ramdisk/experiment3/projects/astyanax/revisions/rev_80d8ec8_b607ea5/rev_80d8ec8-b607ea5.revisions;0
/home/ramdisk/experiment3/projects/astyanax/revisions/rev_c2af33a_711182e/rev_c2af33a-711182e.revisions;0
/home/ramdisk/experiment3/projects/astyanax/revisions/rev_9499a03_8c16fb3/rev_9499a03-8c16fb3.revisions;0
/home/ramdisk/experiment3/projects/astyanax/revisions/rev_d5d2eab_6bc4a89/rev_d5d2eab-6bc4a89.revisions;0
/home/ramdisk/experiment3/projects/astyanax/revisions/rev_1d04ef9_835ebff/rev_1d04ef9-835ebff.revisions;0
/home/ramdisk/experiment3/projects/astyanax/revisions/rev_00105dd_ba7ebe3/rev_00105dd-ba7ebe3.revisions;0
/home/ramdisk/experiment3/projects/astyanax/revisions/rev_0b09b7e_8d8f54c/rev_0b09b7e-8d8f54c.revisions;0
/home/ramdisk/experiment3/projects/astyanax/revisions/rev_64d2414_8437011/rev_64d2414-8437011.revisions;0
/home/ramdisk/experiment3/projects/astyanax/revisions/rev_2b2f28b_ab0178c/rev_2b2f28b-ab0178c.revisions;0
/home/ramdisk/experiment3/projects/astyanax/revisions/rev_ddb0b45_4569061/rev_ddb0b45-4569061.revisions;0
/home/ramdisk/experiment3/projects/astyanax/revisions/rev_d3dfa94_19599a8/rev_d3dfa94-19599a8.revisions;0
/home/ramdisk/experiment3/projects/astyanax/revisions/rev_44d2bb7_b25bebd/rev_44d2bb7-b25bebd.revisions;0
/home/ramdisk/experiment3/projects/astyanax/revisions/rev_37833de_497bc19/rev_37833de-497bc19.revisions;0
/home/ramdisk/experiment3/projects/astyanax/revisions/rev_3b06af3_2e77d65/rev_3b06af3-2e77d65.revisions;0
/home/ramdisk/experiment3/projects/astyanax/revisions/rev_6d958d6_15dffb9/rev_6d958d6-15dffb9.revisions;0
/home/ramdisk/experiment3/projects/astyanax/revisions/rev_cc18fe9_12de513/rev_cc18fe9-12de513.revisions;0
/home/ramdisk/experiment3/projects/astyanax/revisions/rev_a10b2aa_8c71eab/rev_a10b2aa-8c71eab.revisions;0
/home/ramdisk/experiment3/projects/astyanax/revisions/rev_a10b2aa_8c71eab/rev_a10b2aa-8c71eab.revisions;0
/home/ramdisk/experiment3/projects/astyanax/revisions/rev_a39774b_8c71eab/rev_a39774b-8c71eab.revisions;0
/home/ramdisk/experiment3/projects/astyanax/revisions/rev_10859c3_8c71eab/rev_10859c3-8c71eab.revisions;0
/home/ramdisk/experiment3/projects/astyanax/revisions/rev_8c71eab_a1e1b5d/rev_8c71eab-a1e1b5d.revisions;0
/home/ramdisk/experiment3/projects/astyanax/revisions/rev_bcd75e6_346f839/rev_bcd75e6-346f839.revisions;0
/home/ramdisk/experiment3/projects/astyanax/revisions/rev_00443dc_974e576/rev_00443dc-974e576.revisions;0
/home/ramdisk/experiment3/projects/astyanax/revisions/rev_eac3380_e943beb/rev_eac3380-e943beb.revisions;0
/home/ramdisk/experiment3/projects/astyanax/revisions/rev_f4e3e71_a21d127/rev_f4e3e71-a21d127.revisions;0
/home/ramdisk/experiment3/projects/astyanax/revisions/rev_a21d127_4bc41ce/rev_a21d127-4bc41ce.revisions;0
/home/ramdisk/experiment3/projects/astyanax/revisions/rev_2d363f1_aafa0c2/rev_2d363f1-aafa0c2.revisions;0
/home/ramdisk/experiment3/projects/astyanax/revisions/rev_8b7a3f8_186589f/rev_8b7a3f8-186589f.revisions;0
/home/ramdisk/experiment3/projects/astyanax/revisions/rev_755055f_55635df/rev_755055f-55635df.revisions;0
/home/ramdisk/experiment3/projects/astyanax/revisions/rev_f90264e_8143e9c/rev_f90264e-8143e9c.revisions;0
/home/ramdisk/experiment3/projects/astyanax/revisions/rev_8143e9c_f8c7884/rev_8143e9c-f8c7884.revisions;0
/home/ramdisk/experiment3/projects/astyanax/revisions/rev_89b64df_1fb7833/rev_89b64df-1fb7833.revisions;0
/home/ramdisk/experiment3/projects/astyanax/revisions/rev_7afddca_5402119/rev_7afddca-5402119.revisions;0
/home/ramdisk/experiment3/projects/astyanax/revisions/rev_98ebe70_8054ef8/rev_98ebe70-8054ef8.revisions;0
/home/ramdisk/experiment3/projects/astyanax/revisions/rev_1f51725_aa573d0/rev_1f51725-aa573d0.revisions;0
/home/ramdisk/experiment3/projects/astyanax/revisions/rev_885de11_7ce3b4e/rev_885de11-7ce3b4e.revisions;0
/home/ramdisk/experiment3/projects/astyanax/revisions/rev_640e17a_515a25a/rev_640e17a-515a25a.revisions;0
/home/ramdisk/experiment3/projects/astyanax/revisions/rev_4a2c808_8ab5140/rev_4a2c808-8ab5140.revisions;0
/home/ramdisk/experiment3/projects/astyanax/revisions/rev_3be2917_c969dac/rev_3be2917-c969dac.revisions;0
/home/ramdisk/experiment3/projects/astyanax/revisions/rev_74f856a_a603c08/rev_74f856a-a603c08.revisions;0
/home/ramdisk/experiment3/projects/astyanax/revisions/rev_99f7695_522db68/rev_99f7695-522db68.revisions;0
/home/ramdisk/experiment3/projects/astyanax/revisions/rev_beaf2f2_e978bca/rev_beaf2f2-e978bca.revisions;0
/home/ramdisk/experiment3/projects/astyanax/revisions/rev_d37b242_448ab28/rev_d37b242-448ab28.revisions;0
/home/ramdisk/experiment3/projects/astyanax/revisions/rev_d5ade7b_2458bf2/rev_d5ade7b-2458bf2.revisions;0
/home/ramdisk/experiment3/projects/astyanax/revisions/rev_f0db8f0_accfb4d/rev_f0db8f0-accfb4d.revisions;0
/home/ramdisk/experiment3/projects/astyanax/revisions/rev_d4658e5_92a15f6/rev_d4658e5-92a15f6.revisions;0
/home/ramdisk/experiment3/projects/astyanax/revisions/rev_7b2d506_3a9a24e/rev_7b2d506-3a9a24e.revisions;0
/home/ramdisk/experiment3/projects/astyanax/revisions/rev_3ba2d6a_d3cfd22/rev_3ba2d6a-d3cfd22.revisions;0
/home/ramdisk/experiment3/projects/astyanax/revisions/rev_2325039_4832680/rev_2325039-4832680.revisions;0
/home/ramdisk/experiment3/projects/astyanax/revisions/rev_6419d88_2eb98e3/rev_6419d88-2eb98e3.revisions;0
/home/ramdisk/experiment3/projects/astyanax/revisions/rev_ef5975b_6725efe/rev_ef5975b-6725efe.revisions;0
/home/ramdisk/experiment3/projects/astyanax/revisions/rev_f61708c_363c910/rev_f61708c-363c910.revisions;0
/home/ramdisk/experiment3/projects/astyanax/revisions/rev_1978d1d_840cc9b/rev_1978d1d-840cc9b.revisions;0
/home/ramdisk/experiment3/projects/astyanax/revisions/rev_f9dd0fe_0a026a6/rev_f9dd0fe-0a026a6.revisions;0
/home/ramdisk/experiment3/projects/astyanax/revisions/rev_62c7c0e_ba8d11e/rev_62c7c0e-ba8d11e.revisions;0
/home/ramdisk/experiment3/projects/astyanax/revisions/rev_7893e9b_21f0843/rev_7893e9b-21f0843.revisions;0
/home/ramdisk/experiment3/projects/astyanax/revisions/rev_76fdc97_ac34f4c/rev_76fdc97-ac34f4c.revisions;0
/home/ramdisk/experiment3/projects/astyanax/revisions/rev_6803700_1d8c7ff/rev_6803700-1d8c7ff.revisions;0
/home/ramdisk/experiment3/projects/astyanax/revisions/rev_e240f6e_0011097/rev_e240f6e-0011097.revisions;0
/home/ramdisk/experiment3/projects/astyanax/revisions/rev_b94bf49_4acbd76/rev_b94bf49-4acbd76.revisions;0
/home/ramdisk/experiment3/projects/astyanax/revisions/rev_3bca2ba_a77b6c5/rev_3bca2ba-a77b6c5.revisions;0
/home/ramdisk/experiment3/projects/astyanax/revisions/rev_1560ca0_fcbc93a/rev_1560ca0-fcbc93a.revisions;0
/home/ramdisk/experiment3/projects/astyanax/revisions/rev_317c382_7483df9/rev_317c382-7483df9.revisions;0
/home/ramdisk/experiment3/projects/astyanax/revisions/rev_935969d_ca57321/rev_935969d-ca57321.revisions;0
/home/ramdisk/experiment3/projects/astyanax/revisions/rev_9f473e7_44beac7/rev_9f473e7-44beac7.revisions;0
/home/ramdisk/experiment3/projects/astyanax/revisions/rev_ba65f51_f45940d/rev_ba65f51-f45940d.revisions;0
/home/ramdisk/experiment3/projects/astyanax/revisions/rev_c554433_19016d9/rev_c554433-19016d9.revisions;0
/home/ramdisk/experiment3/projects/astyanax/revisions/rev_788f892_0d57f1a/rev_788f892-0d57f1a.revisions;0
/home/ramdisk/experiment3/projects/astyanax/revisions/rev_5968b23_ebcd9e8/rev_5968b23-ebcd9e8.revisions;0
/home/ramdisk/experiment3/projects/astyanax/revisions/rev_4101242_936bbca/rev_4101242-936bbca.revisions;0
/home/ramdisk/experiment3/projects/astyanax/revisions/rev_41a4cbc_f15a5a6/rev_41a4cbc-f15a5a6.revisions;0
/home/ramdisk/experiment3/projects/astyanax/revisions/rev_0737305_58ef4be/rev_0737305-58ef4be.revisions;0
/home/ramdisk/experiment3/projects/astyanax/revisions/rev_2802b78_67acd16/rev_2802b78-67acd16.revisions;0
/home/ramdisk/experiment3/projects/astyanax/revisions/rev_d066dcf_8bf6b8a/rev_d066dcf-8bf6b8a.revisions;0
/home/ramdisk/experiment3/projects/astyanax/revisions/rev_60cfc6a_f8096c0/rev_60cfc6a-f8096c0.revisions;0
/home/ramdisk/experiment3/projects/astyanax/revisions/rev_996b35b_0f4f46a/rev_996b35b-0f4f46a.revisions;0
/home/ramdisk/experiment3/projects/astyanax/revisions/rev_4c676a0_859a6b4/rev_4c676a0-859a6b4.revisions;0
/home/ramdisk/experiment3/projects/astyanax/revisions/rev_4b1b37b_0ed03ae/rev_4b1b37b-0ed03ae.revisions;0
/home/ramdisk/experiment3/projects/astyanax/revisions/rev_ab017bc_213a8a2/rev_ab017bc-213a8a2.revisions;0
/home/ramdisk/experiment3/projects/astyanax/revisions/rev_efe4329_b0585da/rev_efe4329-b0585da.revisions;0
/home/ramdisk/experiment3/projects/astyanax/revisions/rev_efe4329_4992c95/rev_efe4329-4992c95.revisions;0
/home/ramdisk/experiment3/projects/astyanax/revisions/rev_1a892b5_1438002/rev_1a892b5-1438002.revisions;0
/home/ramdisk/experiment3/projects/astyanax/revisions/rev_feec4db_f5f9192/rev_feec4db-f5f9192.revisions;0
/home/ramdisk/experiment3/projects/astyanax/revisions/rev_c6d19f9_967b807/rev_c6d19f9-967b807.revisions;0
/home/ramdisk/experiment3/projects/astyanax/revisions/rev_8543ab1_4f9a3d3/rev_8543ab1-4f9a3d3.revisions;0
/home/ramdisk/experiment3/projects/astyanax/revisions/rev_23247ac_94a03a1/rev_23247ac-94a03a1.revisions;0
/home/ramdisk/experiment3/projects/astyanax/revisions/rev_093379d_954f029/rev_093379d-954f029.revisions;0
/home/ramdisk/experiment3/projects/astyanax/revisions/rev_dbcd07b_3289e52/rev_dbcd07b-3289e52.revisions;0
/home/ramdisk/experiment3/projects/astyanax/revisions/rev_f02cd24_db14ddf/rev_f02cd24-db14ddf.revisions;0
/home/ramdisk/experiment3/projects/astyanax/revisions/rev_3aeb184_1e5f73b/rev_3aeb184-1e5f73b.revisions;0
/home/ramdisk/experiment3/projects/astyanax/revisions/rev_8305d4f_59179f8/rev_8305d4f-59179f8.revisions;0
/home/ramdisk/experiment3/projects/astyanax/revisions/rev_f0eabf4_b10a476/rev_f0eabf4-b10a476.revisions;0
/home/ramdisk/experiment3/projects/astyanax/revisions/rev_ceb4246_2e55c76/rev_ceb4246-2e55c76.revisions;0
/home/ramdisk/experiment3/projects/astyanax/revisions/rev_2e55c76_06dd0d5/rev_2e55c76-06dd0d5.revisions;0
/home/ramdisk/experiment3/projects/astyanax/revisions/rev_6dbce2c_f63e973/rev_6dbce2c-f63e973.revisions;0
/home/ramdisk/experiment3/projects/astyanax/revisions/rev_a01578c_16bfca6/rev_a01578c-16bfca6.revisions;0
/home/ramdisk/experiment3/projects/astyanax/revisions/rev_4966460_a6f5f6d/rev_4966460-a6f5f6d.revisions;0
/home/ramdisk/experiment3/projects/astyanax/revisions/rev_a1f6b3a_cfa1a26/rev_a1f6b3a-cfa1a26.revisions;0
/home/ramdisk/experiment3/projects/astyanax/revisions/rev_d62637e_de4cef8/rev_d62637e-de4cef8.revisions;0
/home/ramdisk/experiment3/projects/astyanax/revisions/rev_2105a1e_e53789e/rev_2105a1e-e53789e.revisions;0
/home/ramdisk/experiment3/projects/astyanax/revisions/rev_e30efcf_bfd0217/rev_e30efcf-bfd0217.revisions;0
/home/ramdisk/experiment3/projects/astyanax/revisions/rev_d174b9a_7912bc7/rev_d174b9a-7912bc7.revisions;0
/home/ramdisk/experiment3/projects/astyanax/revisions/rev_b59f01b_6fa6fbc/rev_b59f01b-6fa6fbc.revisions;0
/home/ramdisk/experiment3/projects/astyanax/revisions/rev_860c60f_be0a3ba/rev_860c60f-be0a3ba.revisions;0
/home/ramdisk/experiment3/projects/astyanax/revisions/rev_0914613_b75ed98/rev_0914613-b75ed98.revisions;0
/home/ramdisk/experiment3/projects/astyanax/revisions/rev_5a0dd4f_d0777af/rev_5a0dd4f-d0777af.revisions;0
/home/ramdisk/experiment3/projects/astyanax/revisions/rev_976160e_6000769/rev_976160e-6000769.revisions;0
/home/ramdisk/experiment3/projects/astyanax/revisions/rev_c07a33b_2a6f710/rev_c07a33b-2a6f710.revisions;0
/home/ramdisk/experiment3/projects/astyanax/revisions/rev_69bd4d0_1b0487f/rev_69bd4d0-1b0487f.revisions;0
/home/ramdisk/experiment3/projects/astyanax/revisions/rev_ba58831_bc1f203/rev_ba58831-bc1f203.revisions;0
/home/ramdisk/experiment3/projects/astyanax/revisions/rev_4f4aaa6_8eb248d/rev_4f4aaa6-8eb248d.revisions;0
/home/ramdisk/experiment3/projects/astyanax/revisions/rev_2982998_2ddc854/rev_2982998-2ddc854.revisions;0
/home/ramdisk/experiment3/projects/astyanax/revisions/rev_705d8e7_8f355e0/rev_705d8e7-8f355e0.revisions;0
/home/ramdisk/experiment3/projects/astyanax/revisions/rev_1115227_1994a8d/rev_1115227-1994a8d.revisions;0
/home/ramdisk/experiment3/projects/astyanax/revisions/rev_b389b0b_5edddb4/rev_b389b0b-5edddb4.revisions;0
/home/ramdisk/experiment3/projects/astyanax/revisions/rev_4064b49_708c536/rev_4064b49-708c536.revisions;0
/home/ramdisk/experiment3/projects/astyanax/revisions/rev_ab6d2ea_f1f0272/rev_ab6d2ea-f1f0272.revisions;0
/home/ramdisk/experiment3/projects/astyanax/revisions/rev_5eaf7cc_abdd64c/rev_5eaf7cc-abdd64c.revisions;0
/home/ramdisk/experiment3/projects/astyanax/revisions/rev_92e6b0b_73e8513/rev_92e6b0b-73e8513.revisions;0
/home/ramdisk/experiment3/projects/astyanax/revisions/rev_70a93cd_2c1cc83/rev_70a93cd-2c1cc83.revisions;0
/home/ramdisk/experiment3/projects/astyanax/revisions/rev_96858a7_f71da14/rev_96858a7-f71da14.revisions;0
/home/ramdisk/experiment3/projects/astyanax/revisions/rev_cb1b53e_b993f67/rev_cb1b53e-b993f67.revisions;0
/home/ramdisk/experiment3/projects/astyanax/revisions/rev_2b15fd9_3de01e3/rev_2b15fd9-3de01e3.revisions;0
/home/ramdisk/experiment3/projects/astyanax/revisions/rev_cc61d0b_f1b3f24/rev_cc61d0b-f1b3f24.revisions;0
/home/ramdisk/experiment3/projects/astyanax/revisions/rev_e0ba389_f9270a5/rev_e0ba389-f9270a5.revisions;0
/home/ramdisk/experiment3/projects/astyanax/revisions/rev_1407856_59e1e9f/rev_1407856-59e1e9f.revisions;0
/home/ramdisk/experiment3/projects/astyanax/revisions/rev_f6ccf29_9731b2f/rev_f6ccf29-9731b2f.revisions;0
/home/ramdisk/experiment3/projects/astyanax/revisions/rev_34efe3b_9f5b01c/rev_34efe3b-9f5b01c.revisions;0
/home/ramdisk/experiment3/projects/astyanax/revisions/rev_a20aab8_5afcbce/rev_a20aab8-5afcbce.revisions;0
/home/ramdisk/experiment3/projects/astyanax/revisions/rev_a20aab8_e51608b/rev_a20aab8-e51608b.revisions;0
/home/ramdisk/experiment3/projects/astyanax/revisions/rev_17bbe5e_f4708b8/rev_17bbe5e-f4708b8.revisions;0
/home/ramdisk/experiment3/projects/astyanax/revisions/rev_3c97cdc_25df03d/rev_3c97cdc-25df03d.revisions;0
/home/ramdisk/experiment3/projects/astyanax/revisions/rev_e500660_cbb49e3/rev_e500660-cbb49e3.revisions;0
/home/ramdisk/experiment3/projects/astyanax/revisions/rev_4b7c18d_a5619e2/rev_4b7c18d-a5619e2.revisions;0
/home/ramdisk/experiment3/projects/astyanax/revisions/rev_1cc21b2_6083901/rev_1cc21b2-6083901.revisions;0
/home/ramdisk/experiment3/projects/astyanax/revisions/rev_36e3325_b9ab127/rev_36e3325-b9ab127.revisions;0
/home/ramdisk/experiment3/projects/astyanax/revisions/rev_b9ab127_633aa92/rev_b9ab127-633aa92.revisions;0
/home/ramdisk/experiment3/projects/astyanax/revisions/rev_a02c1a6_b5fd848/rev_a02c1a6-b5fd848.revisions;0
/home/ramdisk/experiment3/projects/astyanax/revisions/rev_984f6d3_b5f32bb/rev_984f6d3-b5f32bb.revisions;0
/home/ramdisk/experiment3/projects/astyanax/revisions/rev_522a94d_7fd5702/rev_522a94d-7fd5702.revisions;0
/home/ramdisk/experiment3/projects/astyanax/revisions/rev_6b44126_84f6fae/rev_6b44126-84f6fae.revisions;0
/home/ramdisk/experiment3/projects/astyanax/revisions/rev_d9c4258_0ea859d/rev_d9c4258-0ea859d.revisions;0
/home/ramdisk/experiment3/projects/astyanax/revisions/rev_0ea859d_8e7e118/rev_0ea859d-8e7e118.revisions;0
/home/ramdisk/experiment3/projects/astyanax/revisions/rev_2ce3ee9_1da33c0/rev_2ce3ee9-1da33c0.revisions;0
/home/ramdisk/experiment3/projects/astyanax/revisions/rev_97a27da_969925f/rev_97a27da-969925f.revisions;0
/home/ramdisk/experiment3/projects/astyanax/revisions/rev_73bcdda_e25392d/rev_73bcdda-e25392d.revisions;0
/home/ramdisk/experiment3/projects/astyanax/revisions/rev_2513f98_50296f6/rev_2513f98-50296f6.revisions;0
/home/ramdisk/experiment3/projects/astyanax/revisions/rev_bf1119e_94cfaf3/rev_bf1119e-94cfaf3.revisions;0
/home/ramdisk/experiment3/projects/astyanax/revisions/rev_57046ef_03dc41f/rev_57046ef-03dc41f.revisions;0
/home/ramdisk/experiment3/projects/astyanax/revisions/rev_890d008_be43e75/rev_890d008-be43e75.revisions;0
/home/ramdisk/experiment3/projects/astyanax/revisions/rev_2345f0d_1bf2ea6/rev_2345f0d-1bf2ea6.revisions;0
/home/ramdisk/experiment3/projects/astyanax/revisions/rev_183d714_75acddc/rev_183d714-75acddc.revisions;0
/home/ramdisk/experiment3/projects/astyanax/revisions/rev_183d714_8c7003b/rev_183d714-8c7003b.revisions;0
/home/ramdisk/experiment3/projects/astyanax/revisions/rev_9ee9c21_da48ffb/rev_9ee9c21-da48ffb.revisions;0
/home/ramdisk/experiment3/projects/astyanax/revisions/rev_4324ba7_cd55b23/rev_4324ba7-cd55b23.revisions;0
